crop,region,date,price_per_kg
tomato,Nashik,2026-04-11,19.28
tomato,Nashik,2026-04-12,19.33
tomato,Nashik,2026-04-13,19.47
tomato,Nashik,2026-04-14,19.69
tomato,Nashik,2026-04-15,19.31
tomato,Nashik,2026-04-16,19.23
tomato,Nashik,2026-04-17,18.53
tomato,Nashik,2026-04-18,18.59
tomato,Nashik,2026-04-19,18.79
tomato,Nashik,2026-04-20,19.12
tomato,Nashik,2026-04-21,18.85
tomato,Nashik,2026-04-22,19.27
tomato,Nashik,2026-04-23,18.91
tomato,Nashik,2026-04-24,19.64
tomato,Nashik,2026-04-25,19.12
tomato,Nashik,2026-04-26,19.71
tomato,Nashik,2026-04-27,20.15
tomato,Nashik,2026-04-28,19.74
tomato,Nashik,2026-04-29,20.33
tomato,Nashik,2026-04-30,20.02
tomato,Nashik,2026-05-01,20.44
tomato,Nashik,2026-05-02,20.55
tomato,Nashik,2026-05-03,20.48
tomato,Nashik,2026-05-04,20.14
tomato,Nashik,2026-05-05,19.49
tomato,Nashik,2026-05-06,19.84
tomato,Nashik,2026-05-07,19.82
tomato,Nashik,2026-05-08,19.12
tomato,Nashik,2026-05-09,19.6
tomato,Nashik,2026-05-10,18.93
tomato,Nashik,2026-05-11,19.33
tomato,Nashik,2026-05-12,19.45
tomato,Nashik,2026-05-13,19.5
tomato,Nashik,2026-05-14,19.59
tomato,Nashik,2026-05-15,20.3
tomato,Nashik,2026-05-16,20.08
tomato,Nashik,2026-05-17,19.98
tomato,Nashik,2026-05-18,20.2
tomato,Nashik,2026-05-19,20.74
tomato,Nashik,2026-05-20,21.01
tomato,Nashik,2026-05-21,21.07
tomato,Nashik,2026-05-22,21.42
tomato,Nashik,2026-05-23,21.25
tomato,Nashik,2026-05-24,20.86
tomato,Nashik,2026-05-25,21.13
tomato,Nashik,2026-05-26,20.75
tomato,Nashik,2026-05-27,20.33
tomato,Nashik,2026-05-28,20.1
tomato,Nashik,2026-05-29,20.67
tomato,Nashik,2026-05-30,19.92
tomato,Nashik,2026-05-31,20.04
tomato,Nashik,2026-06-01,20.34
tomato,Nashik,2026-06-02,20.22
tomato,Nashik,2026-06-03,20.43
tomato,Nashik,2026-06-04,20.25
tomato,Nashik,2026-06-05,20.6
tomato,Nashik,2026-06-06,20.64
tomato,Nashik,2026-06-07,21.03
tomato,Nashik,2026-06-08,21.1
tomato,Nashik,2026-06-09,21.17
tomato,Nashik,2026-06-10,21.34
tomato,Nashik,2026-06-11,21.77
tomato,Nashik,2026-06-12,22.12
tomato,Nashik,2026-06-13,21.75
tomato,Nashik,2026-06-14,21.64
tomato,Nashik,2026-06-15,21.18
tomato,Nashik,2026-06-16,21.09
tomato,Nashik,2026-06-17,21.11
tomato,Nashik,2026-06-18,21.12
tomato,Nashik,2026-06-19,20.65
tomato,Nashik,2026-06-20,20.8
tomato,Nashik,2026-06-21,20.99
tomato,Nashik,2026-06-22,20.72
tomato,Nashik,2026-06-23,20.33
tomato,Nashik,2026-06-24,20.73
tomato,Nashik,2026-06-25,21.0
tomato,Nashik,2026-06-26,21.03
tomato,Nashik,2026-06-27,21.7
tomato,Nashik,2026-06-28,21.61
tomato,Nashik,2026-06-29,22.02
tomato,Nashik,2026-06-30,21.98
tomato,Nashik,2026-07-01,22.85
tomato,Nashik,2026-07-02,22.45
tomato,Nashik,2026-07-03,22.27
tomato,Nashik,2026-07-04,22.36
tomato,Nashik,2026-07-05,22.13
tomato,Nashik,2026-07-06,21.93
tomato,Nashik,2026-07-07,22.32
tomato,Nashik,2026-07-08,21.71
tomato,Nashik,2026-07-09,22.02
tomato,Nashik,2026-07-10,22.11
tomato,Nashik,2026-07-11,21.72
tomato,Nashik,2026-07-12,21.13
tomato,Nashik,2026-07-13,21.71
tomato,Nashik,2026-07-14,21.28
tomato,Nashik,2026-07-15,21.73
tomato,Nashik,2026-07-16,22.08
tomato,Nashik,2026-07-17,22.11
tomato,Nashik,2026-07-18,22.76
tomato,Nashik,2026-07-19,22.83
tomato,Nashik,2026-07-20,22.45
tomato,Nashik,2026-07-21,22.71
tomato,Nashik,2026-07-22,22.8
tomato,Nashik,2026-07-23,23.36
tomato,Nashik,2026-07-24,22.73
tomato,Nashik,2026-07-25,22.61
tomato,Nashik,2026-07-26,22.55
tomato,Nashik,2026-07-27,22.7
tomato,Nashik,2026-07-28,23.29
tomato,Nashik,2026-07-29,22.78
tomato,Nashik,2026-07-30,22.74
tomato,Nashik,2026-07-31,21.87
tomato,Nashik,2026-08-01,21.66
tomato,Nashik,2026-08-02,21.9
tomato,Nashik,2026-08-03,22.12
tomato,Nashik,2026-08-04,22.02
tomato,Nashik,2026-08-05,22.84
tomato,Nashik,2026-08-06,22.21
tomato,Nashik,2026-08-07,23.11
tomato,Nashik,2026-08-08,22.49
tomato,Nashik,2026-08-09,22.66
tomato,Nashik,2026-08-10,23.38
tomato,Nashik,2026-08-11,23.68
tomato,Nashik,2026-08-12,23.97
tomato,Nashik,2026-08-13,23.43
tomato,Nashik,2026-08-14,24.26
tomato,Nashik,2026-08-15,24.4
tomato,Nashik,2026-08-16,23.29
tomato,Nashik,2026-08-17,23.36
tomato,Nashik,2026-08-18,23.57
tomato,Nashik,2026-08-19,23.23
tomato,Nashik,2026-08-20,23.26
tomato,Nashik,2026-08-21,23.14
tomato,Nashik,2026-08-22,23.2
tomato,Nashik,2026-08-23,22.69
tomato,Nashik,2026-08-24,23.29
tomato,Nashik,2026-08-25,22.65
tomato,Nashik,2026-08-26,23.11
tomato,Nashik,2026-08-27,23.1
tomato,Nashik,2026-08-28,23.47
tomato,Nashik,2026-08-29,23.11
tomato,Nashik,2026-08-30,24.43
tomato,Nashik,2026-08-31,23.63
tomato,Nashik,2026-09-01,24.63
tomato,Nashik,2026-09-02,24.62
tomato,Nashik,2026-09-03,24.28
tomato,Nashik,2026-09-04,24.09
tomato,Nashik,2026-09-05,24.27
tomato,Nashik,2026-09-06,24.57
tomato,Nashik,2026-09-07,23.95
tomato,Pune,2026-04-11,20.56
tomato,Pune,2026-04-12,20.24
tomato,Pune,2026-04-13,19.98
tomato,Pune,2026-04-14,19.9
tomato,Pune,2026-04-15,19.9
tomato,Pune,2026-04-16,19.91
tomato,Pune,2026-04-17,19.57
tomato,Pune,2026-04-18,19.65
tomato,Pune,2026-04-19,19.39
tomato,Pune,2026-04-20,19.71
tomato,Pune,2026-04-21,19.13
tomato,Pune,2026-04-22,19.63
tomato,Pune,2026-04-23,19.32
tomato,Pune,2026-04-24,19.73
tomato,Pune,2026-04-25,19.73
tomato,Pune,2026-04-26,20.07
tomato,Pune,2026-04-27,20.91
tomato,Pune,2026-04-28,20.46
tomato,Pune,2026-04-29,21.15
tomato,Pune,2026-04-30,20.98
tomato,Pune,2026-05-01,20.41
tomato,Pune,2026-05-02,20.62
tomato,Pune,2026-05-03,21.27
tomato,Pune,2026-05-04,21.15
tomato,Pune,2026-05-05,20.88
tomato,Pune,2026-05-06,19.98
tomato,Pune,2026-05-07,19.96
tomato,Pune,2026-05-08,20.27
tomato,Pune,2026-05-09,20.51
tomato,Pune,2026-05-10,19.54
tomato,Pune,2026-05-11,19.82
tomato,Pune,2026-05-12,20.54
tomato,Pune,2026-05-13,20.45
tomato,Pune,2026-05-14,20.01
tomato,Pune,2026-05-15,20.84
tomato,Pune,2026-05-16,20.78
tomato,Pune,2026-05-17,21.03
tomato,Pune,2026-05-18,21.48
tomato,Pune,2026-05-19,21.05
tomato,Pune,2026-05-20,21.77
tomato,Pune,2026-05-21,21.88
tomato,Pune,2026-05-22,21.72
tomato,Pune,2026-05-23,21.35
tomato,Pune,2026-05-24,22.05
tomato,Pune,2026-05-25,21.94
tomato,Pune,2026-05-26,21.32
tomato,Pune,2026-05-27,21.44
tomato,Pune,2026-05-28,20.56
tomato,Pune,2026-05-29,21.22
tomato,Pune,2026-05-30,20.36
tomato,Pune,2026-05-31,20.54
tomato,Pune,2026-06-01,20.99
tomato,Pune,2026-06-02,20.84
tomato,Pune,2026-06-03,20.36
tomato,Pune,2026-06-04,20.78
tomato,Pune,2026-06-05,20.83
tomato,Pune,2026-06-06,21.36
tomato,Pune,2026-06-07,21.25
tomato,Pune,2026-06-08,21.41
tomato,Pune,2026-06-09,22.02
tomato,Pune,2026-06-10,22.07
tomato,Pune,2026-06-11,22.42
tomato,Pune,2026-06-12,22.31
tomato,Pune,2026-06-13,22.03
tomato,Pune,2026-06-14,22.4
tomato,Pune,2026-06-15,22.41
tomato,Pune,2026-06-16,22.46
tomato,Pune,2026-06-17,22.02
tomato,Pune,2026-06-18,21.48
tomato,Pune,2026-06-19,21.71
tomato,Pune,2026-06-20,20.95
tomato,Pune,2026-06-21,21.93
tomato,Pune,2026-06-22,21.77
tomato,Pune,2026-06-23,21.38
tomato,Pune,2026-06-24,21.15
tomato,Pune,2026-06-25,21.97
tomato,Pune,2026-06-26,21.88
tomato,Pune,2026-06-27,22.61
tomato,Pune,2026-06-28,22.2
tomato,Pune,2026-06-29,22.23
tomato,Pune,2026-06-30,22.39
tomato,Pune,2026-07-01,23.11
tomato,Pune,2026-07-02,23.17
tomato,Pune,2026-07-03,23.35
tomato,Pune,2026-07-04,22.95
tomato,Pune,2026-07-05,23.12
tomato,Pune,2026-07-06,22.66
tomato,Pune,2026-07-07,22.75
tomato,Pune,2026-07-08,22.5
tomato,Pune,2026-07-09,22.74
tomato,Pune,2026-07-10,21.84
tomato,Pune,2026-07-11,22.33
tomato,Pune,2026-07-12,22.52
tomato,Pune,2026-07-13,22.16
tomato,Pune,2026-07-14,22.57
tomato,Pune,2026-07-15,22.2
tomato,Pune,2026-07-16,22.89
tomato,Pune,2026-07-17,22.56
tomato,Pune,2026-07-18,23.27
tomato,Pune,2026-07-19,23.01
tomato,Pune,2026-07-20,23.63
tomato,Pune,2026-07-21,23.34
tomato,Pune,2026-07-22,23.49
tomato,Pune,2026-07-23,23.52
tomato,Pune,2026-07-24,24.39
tomato,Pune,2026-07-25,24.05
tomato,Pune,2026-07-26,23.72
tomato,Pune,2026-07-27,23.15
tomato,Pune,2026-07-28,22.99
tomato,Pune,2026-07-29,23.22
tomato,Pune,2026-07-30,23.41
tomato,Pune,2026-07-31,22.83
tomato,Pune,2026-08-01,22.45
tomato,Pune,2026-08-02,22.31
tomato,Pune,2026-08-03,23.33
tomato,Pune,2026-08-04,22.94
tomato,Pune,2026-08-05,23.18
tomato,Pune,2026-08-06,23.06
tomato,Pune,2026-08-07,23.81
tomato,Pune,2026-08-08,24.14
tomato,Pune,2026-08-09,23.77
tomato,Pune,2026-08-10,24.6
tomato,Pune,2026-08-11,23.76
tomato,Pune,2026-08-12,24.2
tomato,Pune,2026-08-13,24.33
tomato,Pune,2026-08-14,24.11
tomato,Pune,2026-08-15,24.59
tomato,Pune,2026-08-16,24.07
tomato,Pune,2026-08-17,24.34
tomato,Pune,2026-08-18,24.62
tomato,Pune,2026-08-19,23.84
tomato,Pune,2026-08-20,23.91
tomato,Pune,2026-08-21,23.24
tomato,Pune,2026-08-22,23.32
tomato,Pune,2026-08-23,23.19
tomato,Pune,2026-08-24,23.43
tomato,Pune,2026-08-25,23.64
tomato,Pune,2026-08-26,24.01
tomato,Pune,2026-08-27,24.02
tomato,Pune,2026-08-28,24.3
tomato,Pune,2026-08-29,24.41
tomato,Pune,2026-08-30,24.73
tomato,Pune,2026-08-31,25.03
tomato,Pune,2026-09-01,25.28
tomato,Pune,2026-09-02,24.61
tomato,Pune,2026-09-03,25.02
tomato,Pune,2026-09-04,25.68
tomato,Pune,2026-09-05,25.86
tomato,Pune,2026-09-06,25.05
tomato,Pune,2026-09-07,24.7
tomato,Satara,2026-04-11,19.01
tomato,Satara,2026-04-12,19.12
tomato,Satara,2026-04-13,18.44
tomato,Satara,2026-04-14,18.52
tomato,Satara,2026-04-15,18.38
tomato,Satara,2026-04-16,18.53
tomato,Satara,2026-04-17,18.59
tomato,Satara,2026-04-18,18.37
tomato,Satara,2026-04-19,18.59
tomato,Satara,2026-04-20,18.14
tomato,Satara,2026-04-21,17.93
tomato,Satara,2026-04-22,17.98
tomato,Satara,2026-04-23,18.66
tomato,Satara,2026-04-24,19.05
tomato,Satara,2026-04-25,18.4
tomato,Satara,2026-04-26,18.75
tomato,Satara,2026-04-27,19.51
tomato,Satara,2026-04-28,19.77
tomato,Satara,2026-04-29,19.34
tomato,Satara,2026-04-30,19.43
tomato,Satara,2026-05-01,19.55
tomato,Satara,2026-05-02,19.94
tomato,Satara,2026-05-03,19.55
tomato,Satara,2026-05-04,19.02
tomato,Satara,2026-05-05,19.49
tomato,Satara,2026-05-06,19.01
tomato,Satara,2026-05-07,19.42
tomato,Satara,2026-05-08,18.53
tomato,Satara,2026-05-09,19.02
tomato,Satara,2026-05-10,18.61
tomato,Satara,2026-05-11,19.11
tomato,Satara,2026-05-12,18.82
tomato,Satara,2026-05-13,18.89
tomato,Satara,2026-05-14,19.07
tomato,Satara,2026-05-15,19.75
tomato,Satara,2026-05-16,19.36
tomato,Satara,2026-05-17,19.41
tomato,Satara,2026-05-18,20.11
tomato,Satara,2026-05-19,19.96
tomato,Satara,2026-05-20,20.53
tomato,Satara,2026-05-21,20.08
tomato,Satara,2026-05-22,19.93
tomato,Satara,2026-05-23,20.26
tomato,Satara,2026-05-24,20.2
tomato,Satara,2026-05-25,20.67
tomato,Satara,2026-05-26,19.72
tomato,Satara,2026-05-27,19.69
tomato,Satara,2026-05-28,19.36
tomato,Satara,2026-05-29,19.46
tomato,Satara,2026-05-30,19.34
tomato,Satara,2026-05-31,19.43
tomato,Satara,2026-06-01,19.7
tomato,Satara,2026-06-02,19.22
tomato,Satara,2026-06-03,19.59
tomato,Satara,2026-06-04,19.75
tomato,Satara,2026-06-05,20.21
tomato,Satara,2026-06-06,20.61
tomato,Satara,2026-06-07,20.53
tomato,Satara,2026-06-08,20.55
tomato,Satara,2026-06-09,20.93
tomato,Satara,2026-06-10,21.23
tomato,Satara,2026-06-11,20.55
tomato,Satara,2026-06-12,21.24
tomato,Satara,2026-06-13,20.94
tomato,Satara,2026-06-14,20.99
tomato,Satara,2026-06-15,21.13
tomato,Satara,2026-06-16,20.38
tomato,Satara,2026-06-17,20.09
tomato,Satara,2026-06-18,20.78
tomato,Satara,2026-06-19,20.48
tomato,Satara,2026-06-20,20.14
tomato,Satara,2026-06-21,19.77
tomato,Satara,2026-06-22,19.88
tomato,Satara,2026-06-23,20.35
tomato,Satara,2026-06-24,20.18
tomato,Satara,2026-06-25,20.93
tomato,Satara,2026-06-26,20.18
tomato,Satara,2026-06-27,20.52
tomato,Satara,2026-06-28,21.04
tomato,Satara,2026-06-29,21.17
tomato,Satara,2026-06-30,21.43
tomato,Satara,2026-07-01,21.17
tomato,Satara,2026-07-02,21.33
tomato,Satara,2026-07-03,21.62
tomato,Satara,2026-07-04,21.54
tomato,Satara,2026-07-05,21.43
tomato,Satara,2026-07-06,22.05
tomato,Satara,2026-07-07,20.91
tomato,Satara,2026-07-08,20.93
tomato,Satara,2026-07-09,21.12
tomato,Satara,2026-07-10,21.4
tomato,Satara,2026-07-11,20.47
tomato,Satara,2026-07-12,21.1
tomato,Satara,2026-07-13,21.03
tomato,Satara,2026-07-14,20.57
tomato,Satara,2026-07-15,21.1
tomato,Satara,2026-07-16,21.35
tomato,Satara,2026-07-17,21.87
tomato,Satara,2026-07-18,21.24
tomato,Satara,2026-07-19,21.39
tomato,Satara,2026-07-20,21.53
tomato,Satara,2026-07-21,21.82
tomato,Satara,2026-07-22,22.57
tomato,Satara,2026-07-23,22.98
tomato,Satara,2026-07-24,22.81
tomato,Satara,2026-07-25,22.97
tomato,Satara,2026-07-26,22.91
tomato,Satara,2026-07-27,22.44
tomato,Satara,2026-07-28,22.34
tomato,Satara,2026-07-29,22.0
tomato,Satara,2026-07-30,21.55
tomato,Satara,2026-07-31,21.42
tomato,Satara,2026-08-01,21.17
tomato,Satara,2026-08-02,21.7
tomato,Satara,2026-08-03,21.69
tomato,Satara,2026-08-04,21.18
tomato,Satara,2026-08-05,21.5
tomato,Satara,2026-08-06,21.51
tomato,Satara,2026-08-07,22.55
tomato,Satara,2026-08-08,22.57
tomato,Satara,2026-08-09,22.18
tomato,Satara,2026-08-10,22.69
tomato,Satara,2026-08-11,22.73
tomato,Satara,2026-08-12,23.12
tomato,Satara,2026-08-13,23.09
tomato,Satara,2026-08-14,23.73
tomato,Satara,2026-08-15,22.72
tomato,Satara,2026-08-16,23.51
tomato,Satara,2026-08-17,22.45
tomato,Satara,2026-08-18,22.68
tomato,Satara,2026-08-19,22.87
tomato,Satara,2026-08-20,22.43
tomato,Satara,2026-08-21,22.21
tomato,Satara,2026-08-22,22.1
tomato,Satara,2026-08-23,22.23
tomato,Satara,2026-08-24,21.72
tomato,Satara,2026-08-25,21.99
tomato,Satara,2026-08-26,21.84
tomato,Satara,2026-08-27,22.44
tomato,Satara,2026-08-28,22.71
tomato,Satara,2026-08-29,22.5
tomato,Satara,2026-08-30,23.54
tomato,Satara,2026-08-31,23.45
tomato,Satara,2026-09-01,23.69
tomato,Satara,2026-09-02,24.05
tomato,Satara,2026-09-03,23.39
tomato,Satara,2026-09-04,23.88
tomato,Satara,2026-09-05,24.29
tomato,Satara,2026-09-06,24.16
tomato,Satara,2026-09-07,23.66
tomato,Sangli,2026-04-11,18.41
tomato,Sangli,2026-04-12,18.56
tomato,Sangli,2026-04-13,19.02
tomato,Sangli,2026-04-14,18.64
tomato,Sangli,2026-04-15,18.62
tomato,Sangli,2026-04-16,19.38
tomato,Sangli,2026-04-17,18.95
tomato,Sangli,2026-04-18,18.9
tomato,Sangli,2026-04-19,19.34
tomato,Sangli,2026-04-20,18.65
tomato,Sangli,2026-04-21,18.83
tomato,Sangli,2026-04-22,18.89
tomato,Sangli,2026-04-23,18.62
tomato,Sangli,2026-04-24,18.55
tomato,Sangli,2026-04-25,18.5
tomato,Sangli,2026-04-26,18.41
tomato,Sangli,2026-04-27,18.36
tomato,Sangli,2026-04-28,18.35
tomato,Sangli,2026-04-29,18.64
tomato,Sangli,2026-04-30,18.56
tomato,Sangli,2026-05-01,18.74
tomato,Sangli,2026-05-02,18.79
tomato,Sangli,2026-05-03,19.52
tomato,Sangli,2026-05-04,18.93
tomato,Sangli,2026-05-05,19.78
tomato,Sangli,2026-05-06,19.97
tomato,Sangli,2026-05-07,19.36
tomato,Sangli,2026-05-08,19.7
tomato,Sangli,2026-05-09,19.31
tomato,Sangli,2026-05-10,19.91
tomato,Sangli,2026-05-11,19.4
tomato,Sangli,2026-05-12,19.5
tomato,Sangli,2026-05-13,19.39
tomato,Sangli,2026-05-14,19.04
tomato,Sangli,2026-05-15,19.32
tomato,Sangli,2026-05-16,18.81
tomato,Sangli,2026-05-17,18.41
tomato,Sangli,2026-05-18,18.5
tomato,Sangli,2026-05-19,18.84
tomato,Sangli,2026-05-20,19.1
tomato,Sangli,2026-05-21,19.26
tomato,Sangli,2026-05-22,19.56
tomato,Sangli,2026-05-23,19.41
tomato,Sangli,2026-05-24,19.33
tomato,Sangli,2026-05-25,19.74
tomato,Sangli,2026-05-26,19.65
tomato,Sangli,2026-05-27,19.99
tomato,Sangli,2026-05-28,19.91
tomato,Sangli,2026-05-29,20.29
tomato,Sangli,2026-05-30,20.54
tomato,Sangli,2026-05-31,20.3
tomato,Sangli,2026-06-01,19.7
tomato,Sangli,2026-06-02,20.4
tomato,Sangli,2026-06-03,20.34
tomato,Sangli,2026-06-04,19.69
tomato,Sangli,2026-06-05,19.39
tomato,Sangli,2026-06-06,19.21
tomato,Sangli,2026-06-07,19.13
tomato,Sangli,2026-06-08,19.64
tomato,Sangli,2026-06-09,19.8
tomato,Sangli,2026-06-10,20.16
tomato,Sangli,2026-06-11,19.74
tomato,Sangli,2026-06-12,20.45
tomato,Sangli,2026-06-13,20.22
tomato,Sangli,2026-06-14,20.91
tomato,Sangli,2026-06-15,20.55
tomato,Sangli,2026-06-16,20.41
tomato,Sangli,2026-06-17,21.45
tomato,Sangli,2026-06-18,21.44
tomato,Sangli,2026-06-19,20.67
tomato,Sangli,2026-06-20,21.41
tomato,Sangli,2026-06-21,20.55
tomato,Sangli,2026-06-22,21.34
tomato,Sangli,2026-06-23,20.57
tomato,Sangli,2026-06-24,20.15
tomato,Sangli,2026-06-25,20.88
tomato,Sangli,2026-06-26,20.61
tomato,Sangli,2026-06-27,20.44
tomato,Sangli,2026-06-28,20.63
tomato,Sangli,2026-06-29,20.13
tomato,Sangli,2026-06-30,20.46
tomato,Sangli,2026-07-01,20.28
tomato,Sangli,2026-07-02,20.4
tomato,Sangli,2026-07-03,20.45
tomato,Sangli,2026-07-04,20.9
tomato,Sangli,2026-07-05,20.8
tomato,Sangli,2026-07-06,21.03
tomato,Sangli,2026-07-07,21.94
tomato,Sangli,2026-07-08,21.95
tomato,Sangli,2026-07-09,21.23
tomato,Sangli,2026-07-10,21.93
tomato,Sangli,2026-07-11,21.85
tomato,Sangli,2026-07-12,22.11
tomato,Sangli,2026-07-13,21.93
tomato,Sangli,2026-07-14,21.09
tomato,Sangli,2026-07-15,20.75
tomato,Sangli,2026-07-16,21.15
tomato,Sangli,2026-07-17,20.87
tomato,Sangli,2026-07-18,21.02
tomato,Sangli,2026-07-19,21.19
tomato,Sangli,2026-07-20,20.55
tomato,Sangli,2026-07-21,20.42
tomato,Sangli,2026-07-22,20.96
tomato,Sangli,2026-07-23,21.24
tomato,Sangli,2026-07-24,21.67
tomato,Sangli,2026-07-25,21.92
tomato,Sangli,2026-07-26,21.45
tomato,Sangli,2026-07-27,22.6
tomato,Sangli,2026-07-28,21.93
tomato,Sangli,2026-07-29,22.82
tomato,Sangli,2026-07-30,22.52
tomato,Sangli,2026-07-31,22.54
tomato,Sangli,2026-08-01,22.72
tomato,Sangli,2026-08-02,22.68
tomato,Sangli,2026-08-03,21.91
tomato,Sangli,2026-08-04,22.46
tomato,Sangli,2026-08-05,22.41
tomato,Sangli,2026-08-06,21.75
tomato,Sangli,2026-08-07,21.5
tomato,Sangli,2026-08-08,21.26
tomato,Sangli,2026-08-09,21.52
tomato,Sangli,2026-08-10,21.57
tomato,Sangli,2026-08-11,21.8
tomato,Sangli,2026-08-12,21.33
tomato,Sangli,2026-08-13,22.05
tomato,Sangli,2026-08-14,22.13
tomato,Sangli,2026-08-15,21.79
tomato,Sangli,2026-08-16,22.35
tomato,Sangli,2026-08-17,22.9
tomato,Sangli,2026-08-18,22.78
tomato,Sangli,2026-08-19,23.08
tomato,Sangli,2026-08-20,23.36
tomato,Sangli,2026-08-21,23.04
tomato,Sangli,2026-08-22,22.88
tomato,Sangli,2026-08-23,22.65
tomato,Sangli,2026-08-24,22.93
tomato,Sangli,2026-08-25,22.43
tomato,Sangli,2026-08-26,22.24
tomato,Sangli,2026-08-27,22.79
tomato,Sangli,2026-08-28,21.86
tomato,Sangli,2026-08-29,22.12
tomato,Sangli,2026-08-30,21.63
tomato,Sangli,2026-08-31,22.04
tomato,Sangli,2026-09-01,22.12
tomato,Sangli,2026-09-02,22.38
tomato,Sangli,2026-09-03,22.4
tomato,Sangli,2026-09-04,22.46
tomato,Sangli,2026-09-05,22.78
tomato,Sangli,2026-09-06,22.72
tomato,Sangli,2026-09-07,23.37
tomato,Ahmednagar,2026-04-11,18.37
tomato,Ahmednagar,2026-04-12,17.89
tomato,Ahmednagar,2026-04-13,18.01
tomato,Ahmednagar,2026-04-14,18.13
tomato,Ahmednagar,2026-04-15,18.42
tomato,Ahmednagar,2026-04-16,18.56
tomato,Ahmednagar,2026-04-17,18.23
tomato,Ahmednagar,2026-04-18,19.21
tomato,Ahmednagar,2026-04-19,18.93
tomato,Ahmednagar,2026-04-20,18.95
tomato,Ahmednagar,2026-04-21,19.73
tomato,Ahmednagar,2026-04-22,19.06
tomato,Ahmednagar,2026-04-23,19.89
tomato,Ahmednagar,2026-04-24,19.84
tomato,Ahmednagar,2026-04-25,19.47
tomato,Ahmednagar,2026-04-26,19.42
tomato,Ahmednagar,2026-04-27,19.77
tomato,Ahmednagar,2026-04-28,19.39
tomato,Ahmednagar,2026-04-29,19.09
tomato,Ahmednagar,2026-04-30,18.71
tomato,Ahmednagar,2026-05-01,19.18
tomato,Ahmednagar,2026-05-02,18.83
tomato,Ahmednagar,2026-05-03,18.4
tomato,Ahmednagar,2026-05-04,18.37
tomato,Ahmednagar,2026-05-05,19.04
tomato,Ahmednagar,2026-05-06,18.47
tomato,Ahmednagar,2026-05-07,18.91
tomato,Ahmednagar,2026-05-08,18.86
tomato,Ahmednagar,2026-05-09,19.72
tomato,Ahmednagar,2026-05-10,20.06
tomato,Ahmednagar,2026-05-11,20.08
tomato,Ahmednagar,2026-05-12,20.04
tomato,Ahmednagar,2026-05-13,20.22
tomato,Ahmednagar,2026-05-14,20.1
tomato,Ahmednagar,2026-05-15,20.26
tomato,Ahmednagar,2026-05-16,20.29
tomato,Ahmednagar,2026-05-17,20.58
tomato,Ahmednagar,2026-05-18,20.32
tomato,Ahmednagar,2026-05-19,19.75
tomato,Ahmednagar,2026-05-20,20.08
tomato,Ahmednagar,2026-05-21,19.68
tomato,Ahmednagar,2026-05-22,19.88
tomato,Ahmednagar,2026-05-23,19.92
tomato,Ahmednagar,2026-05-24,19.43
tomato,Ahmednagar,2026-05-25,19.4
tomato,Ahmednagar,2026-05-26,19.02
tomato,Ahmednagar,2026-05-27,19.32
tomato,Ahmednagar,2026-05-28,19.52
tomato,Ahmednagar,2026-05-29,20.12
tomato,Ahmednagar,2026-05-30,20.42
tomato,Ahmednagar,2026-05-31,20.41
tomato,Ahmednagar,2026-06-01,20.85
tomato,Ahmednagar,2026-06-02,20.77
tomato,Ahmednagar,2026-06-03,20.74
tomato,Ahmednagar,2026-06-04,20.67
tomato,Ahmednagar,2026-06-05,20.64
tomato,Ahmednagar,2026-06-06,21.22
tomato,Ahmednagar,2026-06-07,20.98
tomato,Ahmednagar,2026-06-08,21.38
tomato,Ahmednagar,2026-06-09,20.57
tomato,Ahmednagar,2026-06-10,20.5
tomato,Ahmednagar,2026-06-11,20.36
tomato,Ahmednagar,2026-06-12,19.94
tomato,Ahmednagar,2026-06-13,20.07
tomato,Ahmednagar,2026-06-14,20.11
tomato,Ahmednagar,2026-06-15,19.81
tomato,Ahmednagar,2026-06-16,20.35
tomato,Ahmednagar,2026-06-17,20.58
tomato,Ahmednagar,2026-06-18,20.84
tomato,Ahmednagar,2026-06-19,20.69
tomato,Ahmednagar,2026-06-20,20.98
tomato,Ahmednagar,2026-06-21,20.83
tomato,Ahmednagar,2026-06-22,20.96
tomato,Ahmednagar,2026-06-23,21.02
tomato,Ahmednagar,2026-06-24,21.45
tomato,Ahmednagar,2026-06-25,21.31
tomato,Ahmednagar,2026-06-26,21.63
tomato,Ahmednagar,2026-06-27,21.86
tomato,Ahmednagar,2026-06-28,21.78
tomato,Ahmednagar,2026-06-29,21.51
tomato,Ahmednagar,2026-06-30,21.45
tomato,Ahmednagar,2026-07-01,21.35
tomato,Ahmednagar,2026-07-02,21.6
tomato,Ahmednagar,2026-07-03,21.46
tomato,Ahmednagar,2026-07-04,20.56
tomato,Ahmednagar,2026-07-05,20.48
tomato,Ahmednagar,2026-07-06,20.59
tomato,Ahmednagar,2026-07-07,20.52
tomato,Ahmednagar,2026-07-08,21.3
tomato,Ahmednagar,2026-07-09,21.21
tomato,Ahmednagar,2026-07-10,21.67
tomato,Ahmednagar,2026-07-11,21.98
tomato,Ahmednagar,2026-07-12,21.7
tomato,Ahmednagar,2026-07-13,21.6
tomato,Ahmednagar,2026-07-14,22.01
tomato,Ahmednagar,2026-07-15,22.36
tomato,Ahmednagar,2026-07-16,22.58
tomato,Ahmednagar,2026-07-17,22.36
tomato,Ahmednagar,2026-07-18,22.45
tomato,Ahmednagar,2026-07-19,22.64
tomato,Ahmednagar,2026-07-20,22.24
tomato,Ahmednagar,2026-07-21,21.79
tomato,Ahmednagar,2026-07-22,22.07
tomato,Ahmednagar,2026-07-23,22.16
tomato,Ahmednagar,2026-07-24,21.39
tomato,Ahmednagar,2026-07-25,21.07
tomato,Ahmednagar,2026-07-26,21.2
tomato,Ahmednagar,2026-07-27,21.25
tomato,Ahmednagar,2026-07-28,21.82
tomato,Ahmednagar,2026-07-29,21.69
tomato,Ahmednagar,2026-07-30,22.06
tomato,Ahmednagar,2026-07-31,21.95
tomato,Ahmednagar,2026-08-01,22.19
tomato,Ahmednagar,2026-08-02,22.49
tomato,Ahmednagar,2026-08-03,22.37
tomato,Ahmednagar,2026-08-04,22.89
tomato,Ahmednagar,2026-08-05,23.57
tomato,Ahmednagar,2026-08-06,23.17
tomato,Ahmednagar,2026-08-07,23.47
tomato,Ahmednagar,2026-08-08,23.47
tomato,Ahmednagar,2026-08-09,23.04
tomato,Ahmednagar,2026-08-10,22.68
tomato,Ahmednagar,2026-08-11,22.77
tomato,Ahmednagar,2026-08-12,22.96
tomato,Ahmednagar,2026-08-13,22.7
tomato,Ahmednagar,2026-08-14,22.09
tomato,Ahmednagar,2026-08-15,22.66
tomato,Ahmednagar,2026-08-16,21.65
tomato,Ahmednagar,2026-08-17,21.89
tomato,Ahmednagar,2026-08-18,22.59
tomato,Ahmednagar,2026-08-19,21.83
tomato,Ahmednagar,2026-08-20,22.85
tomato,Ahmednagar,2026-08-21,22.2
tomato,Ahmednagar,2026-08-22,23.22
tomato,Ahmednagar,2026-08-23,22.77
tomato,Ahmednagar,2026-08-24,23.61
tomato,Ahmednagar,2026-08-25,23.77
tomato,Ahmednagar,2026-08-26,24.14
tomato,Ahmednagar,2026-08-27,23.96
tomato,Ahmednagar,2026-08-28,23.8
tomato,Ahmednagar,2026-08-29,24.02
tomato,Ahmednagar,2026-08-30,24.16
tomato,Ahmednagar,2026-08-31,24.08
tomato,Ahmednagar,2026-09-01,23.91
tomato,Ahmednagar,2026-09-02,23.46
tomato,Ahmednagar,2026-09-03,23.25
tomato,Ahmednagar,2026-09-04,23.16
tomato,Ahmednagar,2026-09-05,22.54
tomato,Ahmednagar,2026-09-06,23.39
tomato,Ahmednagar,2026-09-07,22.58
onion,Nashik,2026-04-11,25.03
onion,Nashik,2026-04-12,25.49
onion,Nashik,2026-04-13,24.71
onion,Nashik,2026-04-14,24.69
onion,Nashik,2026-04-15,24.23
onion,Nashik,2026-04-16,24.9
onion,Nashik,2026-04-17,23.75
onion,Nashik,2026-04-18,24.39
onion,Nashik,2026-04-19,23.52
onion,Nashik,2026-04-20,23.5
onion,Nashik,2026-04-21,23.96
onion,Nashik,2026-04-22,23.91
onion,Nashik,2026-04-23,23.85
onion,Nashik,2026-04-24,24.35
onion,Nashik,2026-04-25,25.09
onion,Nashik,2026-04-26,24.94
onion,Nashik,2026-04-27,25.19
onion,Nashik,2026-04-28,25.89
onion,Nashik,2026-04-29,25.07
onion,Nashik,2026-04-30,26.08
onion,Nashik,2026-05-01,25.46
onion,Nashik,2026-05-02,25.94
onion,Nashik,2026-05-03,25.71
onion,Nashik,2026-05-04,25.07
onion,Nashik,2026-05-05,25.7
onion,Nashik,2026-05-06,24.61
onion,Nashik,2026-05-07,25.11
onion,Nashik,2026-05-08,25.25
onion,Nashik,2026-05-09,24.42
onion,Nashik,2026-05-10,23.91
onion,Nashik,2026-05-11,24.2
onion,Nashik,2026-05-12,24.89
onion,Nashik,2026-05-13,24.22
onion,Nashik,2026-05-14,25.35
onion,Nashik,2026-05-15,25.45
onion,Nashik,2026-05-16,25.32
onion,Nashik,2026-05-17,25.56
onion,Nashik,2026-05-18,25.22
onion,Nashik,2026-05-19,25.42
onion,Nashik,2026-05-20,26.48
onion,Nashik,2026-05-21,25.7
onion,Nashik,2026-05-22,25.65
onion,Nashik,2026-05-23,26.55
onion,Nashik,2026-05-24,25.72
onion,Nashik,2026-05-25,25.54
onion,Nashik,2026-05-26,25.61
onion,Nashik,2026-05-27,25.78
onion,Nashik,2026-05-28,25.89
onion,Nashik,2026-05-29,24.64
onion,Nashik,2026-05-30,25.13
onion,Nashik,2026-05-31,25.46
onion,Nashik,2026-06-01,24.4
onion,Nashik,2026-06-02,25.6
onion,Nashik,2026-06-03,24.72
onion,Nashik,2026-06-04,25.46
onion,Nashik,2026-06-05,25.89
onion,Nashik,2026-06-06,25.22
onion,Nashik,2026-06-07,26.45
onion,Nashik,2026-06-08,26.64
onion,Nashik,2026-06-09,25.95
onion,Nashik,2026-06-10,27.19
onion,Nashik,2026-06-11,26.1
onion,Nashik,2026-06-12,27.3
onion,Nashik,2026-06-13,26.6
onion,Nashik,2026-06-14,26.88
onion,Nashik,2026-06-15,26.43
onion,Nashik,2026-06-16,26.09
onion,Nashik,2026-06-17,25.94
onion,Nashik,2026-06-18,25.64
onion,Nashik,2026-06-19,26.17
onion,Nashik,2026-06-20,25.22
onion,Nashik,2026-06-21,25.35
onion,Nashik,2026-06-22,24.96
onion,Nashik,2026-06-23,25.6
onion,Nashik,2026-06-24,25.73
onion,Nashik,2026-06-25,25.95
onion,Nashik,2026-06-26,25.98
onion,Nashik,2026-06-27,26.74
onion,Nashik,2026-06-28,26.47
onion,Nashik,2026-06-29,26.19
onion,Nashik,2026-06-30,26.79
onion,Nashik,2026-07-01,27.0
onion,Nashik,2026-07-02,27.4
onion,Nashik,2026-07-03,27.64
onion,Nashik,2026-07-04,26.85
onion,Nashik,2026-07-05,27.76
onion,Nashik,2026-07-06,26.99
onion,Nashik,2026-07-07,26.09
onion,Nashik,2026-07-08,26.37
onion,Nashik,2026-07-09,26.59
onion,Nashik,2026-07-10,26.1
onion,Nashik,2026-07-11,26.35
onion,Nashik,2026-07-12,25.7
onion,Nashik,2026-07-13,25.97
onion,Nashik,2026-07-14,25.71
onion,Nashik,2026-07-15,25.76
onion,Nashik,2026-07-16,25.62
onion,Nashik,2026-07-17,26.6
onion,Nashik,2026-07-18,26.1
onion,Nashik,2026-07-19,27.41
onion,Nashik,2026-07-20,26.94
onion,Nashik,2026-07-21,27.88
onion,Nashik,2026-07-22,27.58
onion,Nashik,2026-07-23,27.52
onion,Nashik,2026-07-24,27.86
onion,Nashik,2026-07-25,27.33
onion,Nashik,2026-07-26,27.12
onion,Nashik,2026-07-27,27.09
onion,Nashik,2026-07-28,26.88
onion,Nashik,2026-07-29,27.06
onion,Nashik,2026-07-30,27.19
onion,Nashik,2026-07-31,26.93
onion,Nashik,2026-08-01,26.82
onion,Nashik,2026-08-02,26.97
onion,Nashik,2026-08-03,26.46
onion,Nashik,2026-08-04,27.05
onion,Nashik,2026-08-05,26.39
onion,Nashik,2026-08-06,27.31
onion,Nashik,2026-08-07,27.62
onion,Nashik,2026-08-08,26.77
onion,Nashik,2026-08-09,27.12
onion,Nashik,2026-08-10,27.49
onion,Nashik,2026-08-11,28.29
onion,Nashik,2026-08-12,27.92
onion,Nashik,2026-08-13,28.35
onion,Nashik,2026-08-14,28.54
onion,Nashik,2026-08-15,28.0
onion,Nashik,2026-08-16,28.19
onion,Nashik,2026-08-17,27.43
onion,Nashik,2026-08-18,28.35
onion,Nashik,2026-08-19,27.97
onion,Nashik,2026-08-20,27.71
onion,Nashik,2026-08-21,27.73
onion,Nashik,2026-08-22,27.01
onion,Nashik,2026-08-23,26.42
onion,Nashik,2026-08-24,26.22
onion,Nashik,2026-08-25,26.3
onion,Nashik,2026-08-26,27.16
onion,Nashik,2026-08-27,26.56
onion,Nashik,2026-08-28,27.42
onion,Nashik,2026-08-29,27.48
onion,Nashik,2026-08-30,28.14
onion,Nashik,2026-08-31,28.67
onion,Nashik,2026-09-01,28.23
onion,Nashik,2026-09-02,28.17
onion,Nashik,2026-09-03,29.17
onion,Nashik,2026-09-04,29.29
onion,Nashik,2026-09-05,28.08
onion,Nashik,2026-09-06,28.1
onion,Nashik,2026-09-07,28.73
onion,Pune,2026-04-11,24.46
onion,Pune,2026-04-12,24.29
onion,Pune,2026-04-13,24.32
onion,Pune,2026-04-14,24.29
onion,Pune,2026-04-15,24.85
onion,Pune,2026-04-16,25.38
onion,Pune,2026-04-17,25.21
onion,Pune,2026-04-18,24.87
onion,Pune,2026-04-19,25.53
onion,Pune,2026-04-20,25.42
onion,Pune,2026-04-21,25.4
onion,Pune,2026-04-22,26.62
onion,Pune,2026-04-23,26.67
onion,Pune,2026-04-24,26.19
onion,Pune,2026-04-25,26.06
onion,Pune,2026-04-26,25.74
onion,Pune,2026-04-27,25.46
onion,Pune,2026-04-28,25.9
onion,Pune,2026-04-29,25.44
onion,Pune,2026-04-30,26.02
onion,Pune,2026-05-01,25.19
onion,Pune,2026-05-02,25.46
onion,Pune,2026-05-03,25.16
onion,Pune,2026-05-04,25.64
onion,Pune,2026-05-05,25.45
onion,Pune,2026-05-06,24.96
onion,Pune,2026-05-07,25.58
onion,Pune,2026-05-08,25.76
onion,Pune,2026-05-09,25.94
onion,Pune,2026-05-10,25.99
onion,Pune,2026-05-11,26.85
onion,Pune,2026-05-12,26.31
onion,Pune,2026-05-13,26.4
onion,Pune,2026-05-14,26.35
onion,Pune,2026-05-15,27.05
onion,Pune,2026-05-16,26.9
onion,Pune,2026-05-17,26.46
onion,Pune,2026-05-18,26.56
onion,Pune,2026-05-19,26.73
onion,Pune,2026-05-20,26.5
onion,Pune,2026-05-21,26.08
onion,Pune,2026-05-22,26.34
onion,Pune,2026-05-23,26.23
onion,Pune,2026-05-24,26.06
onion,Pune,2026-05-25,25.71
onion,Pune,2026-05-26,25.19
onion,Pune,2026-05-27,25.29
onion,Pune,2026-05-28,26.29
onion,Pune,2026-05-29,25.92
onion,Pune,2026-05-30,26.78
onion,Pune,2026-05-31,26.36
onion,Pune,2026-06-01,26.9
onion,Pune,2026-06-02,26.96
onion,Pune,2026-06-03,26.67
onion,Pune,2026-06-04,26.7
onion,Pune,2026-06-05,27.55
onion,Pune,2026-06-06,27.45
onion,Pune,2026-06-07,27.42
onion,Pune,2026-06-08,27.08
onion,Pune,2026-06-09,26.52
onion,Pune,2026-06-10,26.21
onion,Pune,2026-06-11,26.74
onion,Pune,2026-06-12,26.35
onion,Pune,2026-06-13,26.04
onion,Pune,2026-06-14,26.53
onion,Pune,2026-06-15,25.55
onion,Pune,2026-06-16,26.68
onion,Pune,2026-06-17,25.94
onion,Pune,2026-06-18,26.95
onion,Pune,2026-06-19,27.05
onion,Pune,2026-06-20,27.43
onion,Pune,2026-06-21,26.56
onion,Pune,2026-06-22,27.79
onion,Pune,2026-06-23,27.09
onion,Pune,2026-06-24,27.13
onion,Pune,2026-06-25,27.6
onion,Pune,2026-06-26,28.56
onion,Pune,2026-06-27,27.61
onion,Pune,2026-06-28,27.16
onion,Pune,2026-06-29,27.56
onion,Pune,2026-06-30,27.04
onion,Pune,2026-07-01,27.6
onion,Pune,2026-07-02,27.11
onion,Pune,2026-07-03,26.35
onion,Pune,2026-07-04,27.03
onion,Pune,2026-07-05,26.91
onion,Pune,2026-07-06,26.01
onion,Pune,2026-07-07,26.45
onion,Pune,2026-07-08,26.54
onion,Pune,2026-07-09,26.71
onion,Pune,2026-07-10,27.0
onion,Pune,2026-07-11,26.61
onion,Pune,2026-07-12,27.6
onion,Pune,2026-07-13,28.13
onion,Pune,2026-07-14,28.68
onion,Pune,2026-07-15,28.79
onion,Pune,2026-07-16,28.72
onion,Pune,2026-07-17,28.45
onion,Pune,2026-07-18,27.7
onion,Pune,2026-07-19,27.6
onion,Pune,2026-07-20,28.48
onion,Pune,2026-07-21,27.57
onion,Pune,2026-07-22,28.26
onion,Pune,2026-07-23,27.25
onion,Pune,2026-07-24,26.77
onion,Pune,2026-07-25,27.15
onion,Pune,2026-07-26,26.77
onion,Pune,2026-07-27,26.41
onion,Pune,2026-07-28,26.41
onion,Pune,2026-07-29,27.74
onion,Pune,2026-07-30,27.24
onion,Pune,2026-07-31,27.56
onion,Pune,2026-08-01,27.82
onion,Pune,2026-08-02,27.97
onion,Pune,2026-08-03,28.59
onion,Pune,2026-08-04,28.04
onion,Pune,2026-08-05,29.47
onion,Pune,2026-08-06,28.86
onion,Pune,2026-08-07,29.29
onion,Pune,2026-08-08,28.43
onion,Pune,2026-08-09,29.4
onion,Pune,2026-08-10,29.11
onion,Pune,2026-08-11,27.78
onion,Pune,2026-08-12,27.85
onion,Pune,2026-08-13,28.7
onion,Pune,2026-08-14,27.41
onion,Pune,2026-08-15,26.98
onion,Pune,2026-08-16,27.54
onion,Pune,2026-08-17,26.97
onion,Pune,2026-08-18,27.81
onion,Pune,2026-08-19,28.03
onion,Pune,2026-08-20,27.63
onion,Pune,2026-08-21,28.23
onion,Pune,2026-08-22,28.68
onion,Pune,2026-08-23,28.75
onion,Pune,2026-08-24,28.98
onion,Pune,2026-08-25,28.43
onion,Pune,2026-08-26,28.7
onion,Pune,2026-08-27,29.9
onion,Pune,2026-08-28,28.79
onion,Pune,2026-08-29,28.87
onion,Pune,2026-08-30,29.26
onion,Pune,2026-08-31,28.63
onion,Pune,2026-09-01,28.62
onion,Pune,2026-09-02,29.04
onion,Pune,2026-09-03,28.1
onion,Pune,2026-09-04,28.57
onion,Pune,2026-09-05,27.45
onion,Pune,2026-09-06,27.91
onion,Pune,2026-09-07,27.42
onion,Satara,2026-04-11,24.27
onion,Satara,2026-04-12,24.11
onion,Satara,2026-04-13,24.54
onion,Satara,2026-04-14,24.55
onion,Satara,2026-04-15,24.94
onion,Satara,2026-04-16,24.35
onion,Satara,2026-04-17,24.96
onion,Satara,2026-04-18,24.61
onion,Satara,2026-04-19,23.91
onion,Satara,2026-04-20,24.53
onion,Satara,2026-04-21,24.13
onion,Satara,2026-04-22,24.45
onion,Satara,2026-04-23,23.75
onion,Satara,2026-04-24,23.91
onion,Satara,2026-04-25,23.06
onion,Satara,2026-04-26,23.45
onion,Satara,2026-04-27,23.29
onion,Satara,2026-04-28,23.3
onion,Satara,2026-04-29,24.06
onion,Satara,2026-04-30,23.98
onion,Satara,2026-05-01,23.8
onion,Satara,2026-05-02,23.99
onion,Satara,2026-05-03,25.03
onion,Satara,2026-05-04,24.85
onion,Satara,2026-05-05,24.85
onion,Satara,2026-05-06,25.09
onion,Satara,2026-05-07,25.4
onion,Satara,2026-05-08,25.28
onion,Satara,2026-05-09,24.55
onion,Satara,2026-05-10,24.73
onion,Satara,2026-05-11,24.45
onion,Satara,2026-05-12,24.76
onion,Satara,2026-05-13,24.89
onion,Satara,2026-05-14,23.89
onion,Satara,2026-05-15,23.49
onion,Satara,2026-05-16,24.39
onion,Satara,2026-05-17,23.72
onion,Satara,2026-05-18,24.23
onion,Satara,2026-05-19,23.48
onion,Satara,2026-05-20,23.78
onion,Satara,2026-05-21,24.53
onion,Satara,2026-05-22,23.9
onion,Satara,2026-05-23,24.74
onion,Satara,2026-05-24,25.3
onion,Satara,2026-05-25,25.2
onion,Satara,2026-05-26,25.38
onion,Satara,2026-05-27,25.49
onion,Satara,2026-05-28,25.32
onion,Satara,2026-05-29,25.78
onion,Satara,2026-05-30,25.3
onion,Satara,2026-05-31,24.88
onion,Satara,2026-06-01,24.74
onion,Satara,2026-06-02,25.65
onion,Satara,2026-06-03,25.2
onion,Satara,2026-06-04,24.71
onion,Satara,2026-06-05,24.66
onion,Satara,2026-06-06,24.04
onion,Satara,2026-06-07,24.49
onion,Satara,2026-06-08,23.99
onion,Satara,2026-06-09,24.63
onion,Satara,2026-06-10,24.95
onion,Satara,2026-06-11,24.37
onion,Satara,2026-06-12,25.37
onion,Satara,2026-06-13,25.68
onion,Satara,2026-06-14,25.75
onion,Satara,2026-06-15,25.59
onion,Satara,2026-06-16,26.27
onion,Satara,2026-06-17,25.44
onion,Satara,2026-06-18,26.31
onion,Satara,2026-06-19,25.46
onion,Satara,2026-06-20,26.3
onion,Satara,2026-06-21,25.3
onion,Satara,2026-06-22,25.19
onion,Satara,2026-06-23,25.13
onion,Satara,2026-06-24,25.02
onion,Satara,2026-06-25,24.6
onion,Satara,2026-06-26,25.38
onion,Satara,2026-06-27,25.37
onion,Satara,2026-06-28,24.68
onion,Satara,2026-06-29,24.74
onion,Satara,2026-06-30,24.75
onion,Satara,2026-07-01,24.78
onion,Satara,2026-07-02,25.06
onion,Satara,2026-07-03,24.94
onion,Satara,2026-07-04,25.04
onion,Satara,2026-07-05,26.21
onion,Satara,2026-07-06,25.59
onion,Satara,2026-07-07,26.68
onion,Satara,2026-07-08,25.89
onion,Satara,2026-07-09,27.03
onion,Satara,2026-07-10,26.38
onion,Satara,2026-07-11,26.51
onion,Satara,2026-07-12,26.11
onion,Satara,2026-07-13,26.46
onion,Satara,2026-07-14,26.16
onion,Satara,2026-07-15,25.53
onion,Satara,2026-07-16,26.16
onion,Satara,2026-07-17,25.29
onion,Satara,2026-07-18,25.73
onion,Satara,2026-07-19,24.67
onion,Satara,2026-07-20,24.83
onion,Satara,2026-07-21,24.98
onion,Satara,2026-07-22,25.79
onion,Satara,2026-07-23,26.05
onion,Satara,2026-07-24,26.36
onion,Satara,2026-07-25,25.89
onion,Satara,2026-07-26,26.59
onion,Satara,2026-07-27,26.38
onion,Satara,2026-07-28,27.36
onion,Satara,2026-07-29,27.61
onion,Satara,2026-07-30,27.55
onion,Satara,2026-07-31,27.26
onion,Satara,2026-08-01,27.62
onion,Satara,2026-08-02,26.22
onion,Satara,2026-08-03,27.21
onion,Satara,2026-08-04,26.03
onion,Satara,2026-08-05,25.69
onion,Satara,2026-08-06,26.18
onion,Satara,2026-08-07,25.78
onion,Satara,2026-08-08,25.85
onion,Satara,2026-08-09,25.19
onion,Satara,2026-08-10,25.36
onion,Satara,2026-08-11,26.11
onion,Satara,2026-08-12,26.24
onion,Satara,2026-08-13,25.76
onion,Satara,2026-08-14,26.91
onion,Satara,2026-08-15,27.1
onion,Satara,2026-08-16,26.41
onion,Satara,2026-08-17,26.7
onion,Satara,2026-08-18,27.49
onion,Satara,2026-08-19,27.13
onion,Satara,2026-08-20,27.02
onion,Satara,2026-08-21,27.79
onion,Satara,2026-08-22,27.58
onion,Satara,2026-08-23,26.76
onion,Satara,2026-08-24,27.53
onion,Satara,2026-08-25,27.65
onion,Satara,2026-08-26,26.83
onion,Satara,2026-08-27,26.75
onion,Satara,2026-08-28,25.82
onion,Satara,2026-08-29,26.48
onion,Satara,2026-08-30,25.86
onion,Satara,2026-08-31,25.8
onion,Satara,2026-09-01,26.37
onion,Satara,2026-09-02,27.01
onion,Satara,2026-09-03,26.42
onion,Satara,2026-09-04,27.08
onion,Satara,2026-09-05,26.75
onion,Satara,2026-09-06,27.08
onion,Satara,2026-09-07,27.02
onion,Sangli,2026-04-11,23.97
onion,Sangli,2026-04-12,24.2
onion,Sangli,2026-04-13,23.96
onion,Sangli,2026-04-14,24.06
onion,Sangli,2026-04-15,24.52
onion,Sangli,2026-04-16,24.28
onion,Sangli,2026-04-17,24.37
onion,Sangli,2026-04-18,24.14
onion,Sangli,2026-04-19,23.5
onion,Sangli,2026-04-20,23.07
onion,Sangli,2026-04-21,23.07
onion,Sangli,2026-04-22,23.45
onion,Sangli,2026-04-23,22.76
onion,Sangli,2026-04-24,23.34
onion,Sangli,2026-04-25,23.55
onion,Sangli,2026-04-26,23.24
onion,Sangli,2026-04-27,23.37
onion,Sangli,2026-04-28,23.81
onion,Sangli,2026-04-29,24.24
onion,Sangli,2026-04-30,23.94
onion,Sangli,2026-05-01,24.17
onion,Sangli,2026-05-02,24.47
onion,Sangli,2026-05-03,25.02
onion,Sangli,2026-05-04,24.56
onion,Sangli,2026-05-05,24.81
onion,Sangli,2026-05-06,24.27
onion,Sangli,2026-05-07,24.31
onion,Sangli,2026-05-08,24.03
onion,Sangli,2026-05-09,24.27
onion,Sangli,2026-05-10,23.61
onion,Sangli,2026-05-11,24.11
onion,Sangli,2026-05-12,24.18
onion,Sangli,2026-05-13,23.21
onion,Sangli,2026-05-14,23.82
onion,Sangli,2026-05-15,23.26
onion,Sangli,2026-05-16,23.36
onion,Sangli,2026-05-17,23.53
onion,Sangli,2026-05-18,23.68
onion,Sangli,2026-05-19,24.64
onion,Sangli,2026-05-20,24.89
onion,Sangli,2026-05-21,24.53
onion,Sangli,2026-05-22,25.26
onion,Sangli,2026-05-23,24.61
onion,Sangli,2026-05-24,24.67
onion,Sangli,2026-05-25,25.82
onion,Sangli,2026-05-26,25.22
onion,Sangli,2026-05-27,24.53
onion,Sangli,2026-05-28,25.47
onion,Sangli,2026-05-29,25.42
onion,Sangli,2026-05-30,25.09
onion,Sangli,2026-05-31,24.31
onion,Sangli,2026-06-01,24.06
onion,Sangli,2026-06-02,24.62
onion,Sangli,2026-06-03,24.5
onion,Sangli,2026-06-04,24.09
onion,Sangli,2026-06-05,23.76
onion,Sangli,2026-06-06,23.74
onion,Sangli,2026-06-07,24.59
onion,Sangli,2026-06-08,24.49
onion,Sangli,2026-06-09,24.58
onion,Sangli,2026-06-10,25.26
onion,Sangli,2026-06-11,24.72
onion,Sangli,2026-06-12,25.43
onion,Sangli,2026-06-13,25.47
onion,Sangli,2026-06-14,26.25
onion,Sangli,2026-06-15,25.13
onion,Sangli,2026-06-16,25.52
onion,Sangli,2026-06-17,26.1
onion,Sangli,2026-06-18,25.86
onion,Sangli,2026-06-19,25.28
onion,Sangli,2026-06-20,24.66
onion,Sangli,2026-06-21,24.96
onion,Sangli,2026-06-22,24.52
onion,Sangli,2026-06-23,23.99
onion,Sangli,2026-06-24,24.71
onion,Sangli,2026-06-25,24.31
onion,Sangli,2026-06-26,24.0
onion,Sangli,2026-06-27,24.41
onion,Sangli,2026-06-28,25.19
onion,Sangli,2026-06-29,24.55
onion,Sangli,2026-06-30,24.88
onion,Sangli,2026-07-01,25.13
onion,Sangli,2026-07-02,26.26
onion,Sangli,2026-07-03,25.68
onion,Sangli,2026-07-04,25.64
onion,Sangli,2026-07-05,26.07
onion,Sangli,2026-07-06,26.12
onion,Sangli,2026-07-07,26.54
onion,Sangli,2026-07-08,25.95
onion,Sangli,2026-07-09,25.86
onion,Sangli,2026-07-10,25.75
onion,Sangli,2026-07-11,25.7
onion,Sangli,2026-07-12,26.01
onion,Sangli,2026-07-13,25.45
onion,Sangli,2026-07-14,25.46
onion,Sangli,2026-07-15,25.24
onion,Sangli,2026-07-16,25.3
onion,Sangli,2026-07-17,25.02
onion,Sangli,2026-07-18,25.49
onion,Sangli,2026-07-19,24.82
onion,Sangli,2026-07-20,25.79
onion,Sangli,2026-07-21,25.95
onion,Sangli,2026-07-22,25.86
onion,Sangli,2026-07-23,25.5
onion,Sangli,2026-07-24,26.26
onion,Sangli,2026-07-25,26.06
onion,Sangli,2026-07-26,27.18
onion,Sangli,2026-07-27,26.89
onion,Sangli,2026-07-28,26.74
onion,Sangli,2026-07-29,26.36
onion,Sangli,2026-07-30,26.45
onion,Sangli,2026-07-31,25.96
onion,Sangli,2026-08-01,26.55
onion,Sangli,2026-08-02,25.29
onion,Sangli,2026-08-03,25.17
onion,Sangli,2026-08-04,25.09
onion,Sangli,2026-08-05,25.06
onion,Sangli,2026-08-06,25.07
onion,Sangli,2026-08-07,25.84
onion,Sangli,2026-08-08,24.99
onion,Sangli,2026-08-09,25.98
onion,Sangli,2026-08-10,25.56
onion,Sangli,2026-08-11,25.93
onion,Sangli,2026-08-12,26.45
onion,Sangli,2026-08-13,27.04
onion,Sangli,2026-08-14,26.64
onion,Sangli,2026-08-15,26.91
onion,Sangli,2026-08-16,26.94
onion,Sangli,2026-08-17,27.44
onion,Sangli,2026-08-18,27.32
onion,Sangli,2026-08-19,27.2
onion,Sangli,2026-08-20,27.15
onion,Sangli,2026-08-21,26.82
onion,Sangli,2026-08-22,27.19
onion,Sangli,2026-08-23,26.06
onion,Sangli,2026-08-24,25.92
onion,Sangli,2026-08-25,26.0
onion,Sangli,2026-08-26,26.24
onion,Sangli,2026-08-27,25.77
onion,Sangli,2026-08-28,25.32
onion,Sangli,2026-08-29,26.11
onion,Sangli,2026-08-30,26.08
onion,Sangli,2026-08-31,26.94
onion,Sangli,2026-09-01,27.08
onion,Sangli,2026-09-02,27.04
onion,Sangli,2026-09-03,27.68
onion,Sangli,2026-09-04,27.22
onion,Sangli,2026-09-05,27.67
onion,Sangli,2026-09-06,27.5
onion,Sangli,2026-09-07,28.25
onion,Ahmednagar,2026-04-11,24.06
onion,Ahmednagar,2026-04-12,24.09
onion,Ahmednagar,2026-04-13,24.52
onion,Ahmednagar,2026-04-14,24.95
onion,Ahmednagar,2026-04-15,24.6
onion,Ahmednagar,2026-04-16,24.79
onion,Ahmednagar,2026-04-17,25.43
onion,Ahmednagar,2026-04-18,24.18
onion,Ahmednagar,2026-04-19,24.11
onion,Ahmednagar,2026-04-20,24.27
onion,Ahmednagar,2026-04-21,23.76
onion,Ahmednagar,2026-04-22,23.71
onion,Ahmednagar,2026-04-23,24.44
onion,Ahmednagar,2026-04-24,23.23
onion,Ahmednagar,2026-04-25,24.27
onion,Ahmednagar,2026-04-26,23.31
onion,Ahmednagar,2026-04-27,23.43
onion,Ahmednagar,2026-04-28,24.04
onion,Ahmednagar,2026-04-29,24.38
onion,Ahmednagar,2026-04-30,24.42
onion,Ahmednagar,2026-05-01,24.76
onion,Ahmednagar,2026-05-02,24.51
onion,Ahmednagar,2026-05-03,24.82
onion,Ahmednagar,2026-05-04,25.04
onion,Ahmednagar,2026-05-05,24.63
onion,Ahmednagar,2026-05-06,25.22
onion,Ahmednagar,2026-05-07,24.91
onion,Ahmednagar,2026-05-08,25.05
onion,Ahmednagar,2026-05-09,25.79
onion,Ahmednagar,2026-05-10,24.87
onion,Ahmednagar,2026-05-11,24.72
onion,Ahmednagar,2026-05-12,24.59
onion,Ahmednagar,2026-05-13,24.72
onion,Ahmednagar,2026-05-14,24.53
onion,Ahmednagar,2026-05-15,23.94
onion,Ahmednagar,2026-05-16,23.66
onion,Ahmednagar,2026-05-17,23.9
onion,Ahmednagar,2026-05-18,24.1
onion,Ahmednagar,2026-05-19,24.18
onion,Ahmednagar,2026-05-20,24.81
onion,Ahmednagar,2026-05-21,24.76
onion,Ahmednagar,2026-05-22,25.13
onion,Ahmednagar,2026-05-23,24.47
onion,Ahmednagar,2026-05-24,25.4
onion,Ahmednagar,2026-05-25,24.86
onion,Ahmednagar,2026-05-26,26.03
onion,Ahmednagar,2026-05-27,25.62
onion,Ahmednagar,2026-05-28,26.2
onion,Ahmednagar,2026-05-29,26.39
onion,Ahmednagar,2026-05-30,25.58
onion,Ahmednagar,2026-05-31,26.16
onion,Ahmednagar,2026-06-01,25.43
onion,Ahmednagar,2026-06-02,25.86
onion,Ahmednagar,2026-06-03,24.64
onion,Ahmednagar,2026-06-04,25.26
onion,Ahmednagar,2026-06-05,25.07
onion,Ahmednagar,2026-06-06,25.07
onion,Ahmednagar,2026-06-07,25.11
onion,Ahmednagar,2026-06-08,24.75
onion,Ahmednagar,2026-06-09,24.82
onion,Ahmednagar,2026-06-10,24.24
onion,Ahmednagar,2026-06-11,25.02
onion,Ahmednagar,2026-06-12,24.98
onion,Ahmednagar,2026-06-13,25.54
onion,Ahmednagar,2026-06-14,25.49
onion,Ahmednagar,2026-06-15,26.19
onion,Ahmednagar,2026-06-16,25.68
onion,Ahmednagar,2026-06-17,26.49
onion,Ahmednagar,2026-06-18,27.0
onion,Ahmednagar,2026-06-19,26.97
onion,Ahmednagar,2026-06-20,26.62
onion,Ahmednagar,2026-06-21,26.27
onion,Ahmednagar,2026-06-22,25.47
onion,Ahmednagar,2026-06-23,25.72
onion,Ahmednagar,2026-06-24,25.97
onion,Ahmednagar,2026-06-25,24.95
onion,Ahmednagar,2026-06-26,25.03
onion,Ahmednagar,2026-06-27,25.08
onion,Ahmednagar,2026-06-28,25.36
onion,Ahmednagar,2026-06-29,25.12
onion,Ahmednagar,2026-06-30,24.83
onion,Ahmednagar,2026-07-01,25.14
onion,Ahmednagar,2026-07-02,25.38
onion,Ahmednagar,2026-07-03,25.95
onion,Ahmednagar,2026-07-04,26.28
onion,Ahmednagar,2026-07-05,26.17
onion,Ahmednagar,2026-07-06,26.03
onion,Ahmednagar,2026-07-07,26.48
onion,Ahmednagar,2026-07-08,26.86
onion,Ahmednagar,2026-07-09,26.92
onion,Ahmednagar,2026-07-10,27.51
onion,Ahmednagar,2026-07-11,26.82
onion,Ahmednagar,2026-07-12,26.32
onion,Ahmednagar,2026-07-13,26.18
onion,Ahmednagar,2026-07-14,26.2
onion,Ahmednagar,2026-07-15,26.32
onion,Ahmednagar,2026-07-16,25.98
onion,Ahmednagar,2026-07-17,25.21
onion,Ahmednagar,2026-07-18,25.47
onion,Ahmednagar,2026-07-19,25.35
onion,Ahmednagar,2026-07-20,25.13
onion,Ahmednagar,2026-07-21,25.4
onion,Ahmednagar,2026-07-22,25.94
onion,Ahmednagar,2026-07-23,26.28
onion,Ahmednagar,2026-07-24,25.74
onion,Ahmednagar,2026-07-25,26.23
onion,Ahmednagar,2026-07-26,27.11
onion,Ahmednagar,2026-07-27,27.33
onion,Ahmednagar,2026-07-28,27.28
onion,Ahmednagar,2026-07-29,27.18
onion,Ahmednagar,2026-07-30,27.92
onion,Ahmednagar,2026-07-31,26.98
onion,Ahmednagar,2026-08-01,27.53
onion,Ahmednagar,2026-08-02,26.69
onion,Ahmednagar,2026-08-03,27.29
onion,Ahmednagar,2026-08-04,26.22
onion,Ahmednagar,2026-08-05,26.88
onion,Ahmednagar,2026-08-06,26.02
onion,Ahmednagar,2026-08-07,26.34
onion,Ahmednagar,2026-08-08,25.6
onion,Ahmednagar,2026-08-09,26.42
onion,Ahmednagar,2026-08-10,25.72
onion,Ahmednagar,2026-08-11,25.87
onion,Ahmednagar,2026-08-12,26.61
onion,Ahmednagar,2026-08-13,26.15
onion,Ahmednagar,2026-08-14,26.61
onion,Ahmednagar,2026-08-15,26.68
onion,Ahmednagar,2026-08-16,27.5
onion,Ahmednagar,2026-08-17,27.02
onion,Ahmednagar,2026-08-18,27.68
onion,Ahmednagar,2026-08-19,28.1
onion,Ahmednagar,2026-08-20,27.9
onion,Ahmednagar,2026-08-21,28.01
onion,Ahmednagar,2026-08-22,28.46
onion,Ahmednagar,2026-08-23,27.92
onion,Ahmednagar,2026-08-24,27.7
onion,Ahmednagar,2026-08-25,27.09
onion,Ahmednagar,2026-08-26,27.59
onion,Ahmednagar,2026-08-27,26.87
onion,Ahmednagar,2026-08-28,26.33
onion,Ahmednagar,2026-08-29,25.94
onion,Ahmednagar,2026-08-30,26.06
onion,Ahmednagar,2026-08-31,26.72
onion,Ahmednagar,2026-09-01,26.24
onion,Ahmednagar,2026-09-02,26.64
onion,Ahmednagar,2026-09-03,27.48
onion,Ahmednagar,2026-09-04,26.54
onion,Ahmednagar,2026-09-05,27.61
onion,Ahmednagar,2026-09-06,27.88
onion,Ahmednagar,2026-09-07,28.48
potato,Nashik,2026-04-11,21.76
potato,Nashik,2026-04-12,22.04
potato,Nashik,2026-04-13,21.73
potato,Nashik,2026-04-14,21.87
potato,Nashik,2026-04-15,21.48
potato,Nashik,2026-04-16,21.63
potato,Nashik,2026-04-17,21.63
potato,Nashik,2026-04-18,21.89
potato,Nashik,2026-04-19,22.21
potato,Nashik,2026-04-20,22.08
potato,Nashik,2026-04-21,21.43
potato,Nashik,2026-04-22,21.61
potato,Nashik,2026-04-23,21.54
potato,Nashik,2026-04-24,20.46
potato,Nashik,2026-04-25,20.83
potato,Nashik,2026-04-26,20.8
potato,Nashik,2026-04-27,20.9
potato,Nashik,2026-04-28,20.82
potato,Nashik,2026-04-29,20.35
potato,Nashik,2026-04-30,21.07
potato,Nashik,2026-05-01,20.98
potato,Nashik,2026-05-02,21.79
potato,Nashik,2026-05-03,21.85
potato,Nashik,2026-05-04,21.23
potato,Nashik,2026-05-05,21.45
potato,Nashik,2026-05-06,22.3
potato,Nashik,2026-05-07,21.79
potato,Nashik,2026-05-08,21.81
potato,Nashik,2026-05-09,21.92
potato,Nashik,2026-05-10,21.39
potato,Nashik,2026-05-11,21.71
potato,Nashik,2026-05-12,21.08
potato,Nashik,2026-05-13,20.81
potato,Nashik,2026-05-14,21.33
potato,Nashik,2026-05-15,20.67
potato,Nashik,2026-05-16,21.12
potato,Nashik,2026-05-17,20.9
potato,Nashik,2026-05-18,20.43
potato,Nashik,2026-05-19,20.28
potato,Nashik,2026-05-20,21.19
potato,Nashik,2026-05-21,20.8
potato,Nashik,2026-05-22,21.45
potato,Nashik,2026-05-23,21.08
potato,Nashik,2026-05-24,21.5
potato,Nashik,2026-05-25,21.29
potato,Nashik,2026-05-26,21.64
potato,Nashik,2026-05-27,21.36
potato,Nashik,2026-05-28,21.58
potato,Nashik,2026-05-29,21.45
potato,Nashik,2026-05-30,21.83
potato,Nashik,2026-05-31,22.02
potato,Nashik,2026-06-01,21.98
potato,Nashik,2026-06-02,20.99
potato,Nashik,2026-06-03,20.99
potato,Nashik,2026-06-04,20.96
potato,Nashik,2026-06-05,21.21
potato,Nashik,2026-06-06,20.5
potato,Nashik,2026-06-07,20.45
potato,Nashik,2026-06-08,20.89
potato,Nashik,2026-06-09,20.23
potato,Nashik,2026-06-10,21.24
potato,Nashik,2026-06-11,20.89
potato,Nashik,2026-06-12,21.56
potato,Nashik,2026-06-13,20.92
potato,Nashik,2026-06-14,20.92
potato,Nashik,2026-06-15,21.46
potato,Nashik,2026-06-16,22.12
potato,Nashik,2026-06-17,21.39
potato,Nashik,2026-06-18,21.65
potato,Nashik,2026-06-19,21.34
potato,Nashik,2026-06-20,22.14
potato,Nashik,2026-06-21,22.04
potato,Nashik,2026-06-22,21.3
potato,Nashik,2026-06-23,21.71
potato,Nashik,2026-06-24,20.69
potato,Nashik,2026-06-25,21.2
potato,Nashik,2026-06-26,21.02
potato,Nashik,2026-06-27,20.15
potato,Nashik,2026-06-28,20.84
potato,Nashik,2026-06-29,20.7
potato,Nashik,2026-06-30,20.29
potato,Nashik,2026-07-01,20.38
potato,Nashik,2026-07-02,20.6
potato,Nashik,2026-07-03,21.02
potato,Nashik,2026-07-04,21.46
potato,Nashik,2026-07-05,21.54
potato,Nashik,2026-07-06,21.28
potato,Nashik,2026-07-07,21.29
potato,Nashik,2026-07-08,21.34
potato,Nashik,2026-07-09,22.29
potato,Nashik,2026-07-10,21.84
potato,Nashik,2026-07-11,21.27
potato,Nashik,2026-07-12,21.63
potato,Nashik,2026-07-13,21.48
potato,Nashik,2026-07-14,21.0
potato,Nashik,2026-07-15,21.52
potato,Nashik,2026-07-16,21.18
potato,Nashik,2026-07-17,20.78
potato,Nashik,2026-07-18,20.25
potato,Nashik,2026-07-19,20.32
potato,Nashik,2026-07-20,20.9
potato,Nashik,2026-07-21,20.58
potato,Nashik,2026-07-22,20.17
potato,Nashik,2026-07-23,20.28
potato,Nashik,2026-07-24,21.36
potato,Nashik,2026-07-25,20.64
potato,Nashik,2026-07-26,21.18
potato,Nashik,2026-07-27,21.03
potato,Nashik,2026-07-28,21.49
potato,Nashik,2026-07-29,21.92
potato,Nashik,2026-07-30,22.16
potato,Nashik,2026-07-31,21.86
potato,Nashik,2026-08-01,21.85
potato,Nashik,2026-08-02,21.47
potato,Nashik,2026-08-03,21.21
potato,Nashik,2026-08-04,21.01
potato,Nashik,2026-08-05,20.68
potato,Nashik,2026-08-06,21.08
potato,Nashik,2026-08-07,20.97
potato,Nashik,2026-08-08,20.1
potato,Nashik,2026-08-09,20.89
potato,Nashik,2026-08-10,20.71
potato,Nashik,2026-08-11,20.55
potato,Nashik,2026-08-12,20.16
potato,Nashik,2026-08-13,21.02
potato,Nashik,2026-08-14,21.09
potato,Nashik,2026-08-15,20.64
potato,Nashik,2026-08-16,21.04
potato,Nashik,2026-08-17,21.57
potato,Nashik,2026-08-18,21.83
potato,Nashik,2026-08-19,21.61
potato,Nashik,2026-08-20,22.16
potato,Nashik,2026-08-21,21.28
potato,Nashik,2026-08-22,22.02
potato,Nashik,2026-08-23,21.21
potato,Nashik,2026-08-24,21.17
potato,Nashik,2026-08-25,20.79
potato,Nashik,2026-08-26,21.38
potato,Nashik,2026-08-27,20.58
potato,Nashik,2026-08-28,20.97
potato,Nashik,2026-08-29,20.3
potato,Nashik,2026-08-30,20.39
potato,Nashik,2026-08-31,19.95
potato,Nashik,2026-09-01,20.03
potato,Nashik,2026-09-02,20.5
potato,Nashik,2026-09-03,21.01
potato,Nashik,2026-09-04,20.6
potato,Nashik,2026-09-05,20.85
potato,Nashik,2026-09-06,21.27
potato,Nashik,2026-09-07,21.36
potato,Pune,2026-04-11,21.71
potato,Pune,2026-04-12,20.9
potato,Pune,2026-04-13,20.89
potato,Pune,2026-04-14,21.27
potato,Pune,2026-04-15,21.07
potato,Pune,2026-04-16,21.38
potato,Pune,2026-04-17,21.6
potato,Pune,2026-04-18,21.36
potato,Pune,2026-04-19,22.32
potato,Pune,2026-04-20,22.58
potato,Pune,2026-04-21,22.42
potato,Pune,2026-04-22,22.46
potato,Pune,2026-04-23,22.9
potato,Pune,2026-04-24,23.02
potato,Pune,2026-04-25,22.14
potato,Pune,2026-04-26,22.22
potato,Pune,2026-04-27,22.26
potato,Pune,2026-04-28,22.42
potato,Pune,2026-04-29,22.33
potato,Pune,2026-04-30,21.41
potato,Pune,2026-05-01,21.67
potato,Pune,2026-05-02,22.01
potato,Pune,2026-05-03,21.2
potato,Pune,2026-05-04,21.11
potato,Pune,2026-05-05,20.85
potato,Pune,2026-05-06,21.92
potato,Pune,2026-05-07,21.66
potato,Pune,2026-05-08,21.51
potato,Pune,2026-05-09,22.23
potato,Pune,2026-05-10,21.86
potato,Pune,2026-05-11,22.6
potato,Pune,2026-05-12,22.68
potato,Pune,2026-05-13,22.27
potato,Pune,2026-05-14,22.25
potato,Pune,2026-05-15,22.67
potato,Pune,2026-05-16,23.09
potato,Pune,2026-05-17,22.65
potato,Pune,2026-05-18,22.11
potato,Pune,2026-05-19,22.03
potato,Pune,2026-05-20,21.53
potato,Pune,2026-05-21,21.97
potato,Pune,2026-05-22,21.57
potato,Pune,2026-05-23,21.84
potato,Pune,2026-05-24,21.25
potato,Pune,2026-05-25,20.94
potato,Pune,2026-05-26,20.78
potato,Pune,2026-05-27,20.83
potato,Pune,2026-05-28,21.98
potato,Pune,2026-05-29,21.32
potato,Pune,2026-05-30,21.66
potato,Pune,2026-05-31,22.3
potato,Pune,2026-06-01,22.32
potato,Pune,2026-06-02,22.33
potato,Pune,2026-06-03,22.97
potato,Pune,2026-06-04,22.88
potato,Pune,2026-06-05,23.07
potato,Pune,2026-06-06,21.96
potato,Pune,2026-06-07,22.23
potato,Pune,2026-06-08,22.09
potato,Pune,2026-06-09,22.34
potato,Pune,2026-06-10,21.8
potato,Pune,2026-06-11,21.39
potato,Pune,2026-06-12,21.69
potato,Pune,2026-06-13,21.4
potato,Pune,2026-06-14,21.73
potato,Pune,2026-06-15,21.6
potato,Pune,2026-06-16,21.25
potato,Pune,2026-06-17,21.53
potato,Pune,2026-06-18,21.1
potato,Pune,2026-06-19,21.08
potato,Pune,2026-06-20,21.98
potato,Pune,2026-06-21,21.91
potato,Pune,2026-06-22,21.57
potato,Pune,2026-06-23,22.72
potato,Pune,2026-06-24,22.52
potato,Pune,2026-06-25,22.18
potato,Pune,2026-06-26,22.65
potato,Pune,2026-06-27,21.9
potato,Pune,2026-06-28,22.5
potato,Pune,2026-06-29,22.66
potato,Pune,2026-06-30,22.39
potato,Pune,2026-07-01,21.4
potato,Pune,2026-07-02,21.77
potato,Pune,2026-07-03,21.83
potato,Pune,2026-07-04,20.85
potato,Pune,2026-07-05,21.54
potato,Pune,2026-07-06,20.75
potato,Pune,2026-07-07,21.26
potato,Pune,2026-07-08,21.34
potato,Pune,2026-07-09,20.87
potato,Pune,2026-07-10,21.17
potato,Pune,2026-07-11,21.49
potato,Pune,2026-07-12,22.23
potato,Pune,2026-07-13,22.31
potato,Pune,2026-07-14,22.1
potato,Pune,2026-07-15,21.91
potato,Pune,2026-07-16,22.61
potato,Pune,2026-07-17,22.48
potato,Pune,2026-07-18,22.19
potato,Pune,2026-07-19,22.81
potato,Pune,2026-07-20,21.84
potato,Pune,2026-07-21,21.48
potato,Pune,2026-07-22,21.43
potato,Pune,2026-07-23,21.12
potato,Pune,2026-07-24,21.17
potato,Pune,2026-07-25,21.53
potato,Pune,2026-07-26,20.8
potato,Pune,2026-07-27,20.96
potato,Pune,2026-07-28,20.75
potato,Pune,2026-07-29,20.89
potato,Pune,2026-07-30,21.36
potato,Pune,2026-07-31,21.04
potato,Pune,2026-08-01,21.92
potato,Pune,2026-08-02,21.95
potato,Pune,2026-08-03,21.85
potato,Pune,2026-08-04,21.77
potato,Pune,2026-08-05,22.7
potato,Pune,2026-08-06,21.88
potato,Pune,2026-08-07,21.82
potato,Pune,2026-08-08,22.8
potato,Pune,2026-08-09,22.46
potato,Pune,2026-08-10,22.2
potato,Pune,2026-08-11,21.68
potato,Pune,2026-08-12,21.94
potato,Pune,2026-08-13,21.85
potato,Pune,2026-08-14,21.33
potato,Pune,2026-08-15,20.81
potato,Pune,2026-08-16,20.72
potato,Pune,2026-08-17,20.8
potato,Pune,2026-08-18,20.99
potato,Pune,2026-08-19,20.83
potato,Pune,2026-08-20,20.87
potato,Pune,2026-08-21,21.58
potato,Pune,2026-08-22,21.66
potato,Pune,2026-08-23,21.98
potato,Pune,2026-08-24,22.05
potato,Pune,2026-08-25,21.63
potato,Pune,2026-08-26,22.58
potato,Pune,2026-08-27,22.07
potato,Pune,2026-08-28,22.22
potato,Pune,2026-08-29,22.33
potato,Pune,2026-08-30,21.83
potato,Pune,2026-08-31,22.57
potato,Pune,2026-09-01,22.38
potato,Pune,2026-09-02,21.8
potato,Pune,2026-09-03,21.86
potato,Pune,2026-09-04,21.81
potato,Pune,2026-09-05,21.15
potato,Pune,2026-09-06,21.0
potato,Pune,2026-09-07,21.12
potato,Satara,2026-04-11,20.97
potato,Satara,2026-04-12,21.46
potato,Satara,2026-04-13,21.49
potato,Satara,2026-04-14,21.14
potato,Satara,2026-04-15,20.62
potato,Satara,2026-04-16,20.87
potato,Satara,2026-04-17,20.46
potato,Satara,2026-04-18,19.87
potato,Satara,2026-04-19,19.95
potato,Satara,2026-04-20,20.6
potato,Satara,2026-04-21,20.16
potato,Satara,2026-04-22,20.04
potato,Satara,2026-04-23,20.77
potato,Satara,2026-04-24,20.58
potato,Satara,2026-04-25,20.53
potato,Satara,2026-04-26,20.33
potato,Satara,2026-04-27,21.16
potato,Satara,2026-04-28,20.92
potato,Satara,2026-04-29,20.92
potato,Satara,2026-04-30,21.28
potato,Satara,2026-05-01,21.39
potato,Satara,2026-05-02,21.71
potato,Satara,2026-05-03,20.85
potato,Satara,2026-05-04,21.37
potato,Satara,2026-05-05,20.63
potato,Satara,2026-05-06,20.65
potato,Satara,2026-05-07,20.81
potato,Satara,2026-05-08,20.11
potato,Satara,2026-05-09,20.27
potato,Satara,2026-05-10,20.09
potato,Satara,2026-05-11,20.3
potato,Satara,2026-05-12,19.8
potato,Satara,2026-05-13,20.45
potato,Satara,2026-05-14,19.93
potato,Satara,2026-05-15,20.23
potato,Satara,2026-05-16,20.75
potato,Satara,2026-05-17,20.93
potato,Satara,2026-05-18,20.57
potato,Satara,2026-05-19,21.28
potato,Satara,2026-05-20,20.98
potato,Satara,2026-05-21,20.92
potato,Satara,2026-05-22,21.7
potato,Satara,2026-05-23,21.37
potato,Satara,2026-05-24,20.61
potato,Satara,2026-05-25,21.24
potato,Satara,2026-05-26,20.78
potato,Satara,2026-05-27,21.09
potato,Satara,2026-05-28,20.52
potato,Satara,2026-05-29,20.12
potato,Satara,2026-05-30,20.11
potato,Satara,2026-05-31,19.98
potato,Satara,2026-06-01,19.76
potato,Satara,2026-06-02,20.21
potato,Satara,2026-06-03,20.58
potato,Satara,2026-06-04,20.54
potato,Satara,2026-06-05,20.25
potato,Satara,2026-06-06,20.79
potato,Satara,2026-06-07,20.24
potato,Satara,2026-06-08,20.65
potato,Satara,2026-06-09,21.14
potato,Satara,2026-06-10,20.78
potato,Satara,2026-06-11,21.17
potato,Satara,2026-06-12,21.41
potato,Satara,2026-06-13,21.0
potato,Satara,2026-06-14,20.58
potato,Satara,2026-06-15,20.76
potato,Satara,2026-06-16,20.88
potato,Satara,2026-06-17,21.02
potato,Satara,2026-06-18,19.91
potato,Satara,2026-06-19,19.99
potato,Satara,2026-06-20,20.21
potato,Satara,2026-06-21,19.56
potato,Satara,2026-06-22,19.65
potato,Satara,2026-06-23,20.1
potato,Satara,2026-06-24,20.31
potato,Satara,2026-06-25,20.27
potato,Satara,2026-06-26,19.99
potato,Satara,2026-06-27,20.32
potato,Satara,2026-06-28,20.49
potato,Satara,2026-06-29,21.21
potato,Satara,2026-06-30,21.31
potato,Satara,2026-07-01,20.86
potato,Satara,2026-07-02,21.36
potato,Satara,2026-07-03,21.01
potato,Satara,2026-07-04,21.14
potato,Satara,2026-07-05,20.84
potato,Satara,2026-07-06,20.48
potato,Satara,2026-07-07,20.3
potato,Satara,2026-07-08,20.27
potato,Satara,2026-07-09,20.6
potato,Satara,2026-07-10,20.06
potato,Satara,2026-07-11,20.44
potato,Satara,2026-07-12,19.6
potato,Satara,2026-07-13,19.62
potato,Satara,2026-07-14,19.93
potato,Satara,2026-07-15,20.33
potato,Satara,2026-07-16,20.41
potato,Satara,2026-07-17,20.33
potato,Satara,2026-07-18,20.64
potato,Satara,2026-07-19,21.09
potato,Satara,2026-07-20,21.15
potato,Satara,2026-07-21,21.16
potato,Satara,2026-07-22,21.25
potato,Satara,2026-07-23,21.41
potato,Satara,2026-07-24,21.01
potato,Satara,2026-07-25,21.48
potato,Satara,2026-07-26,20.54
potato,Satara,2026-07-27,20.41
potato,Satara,2026-07-28,20.13
potato,Satara,2026-07-29,20.29
potato,Satara,2026-07-30,20.45
potato,Satara,2026-07-31,19.73
potato,Satara,2026-08-01,19.91
potato,Satara,2026-08-02,20.37
potato,Satara,2026-08-03,19.87
potato,Satara,2026-08-04,20.34
potato,Satara,2026-08-05,19.62
potato,Satara,2026-08-06,19.87
potato,Satara,2026-08-07,20.46
potato,Satara,2026-08-08,20.0
potato,Satara,2026-08-09,20.19
potato,Satara,2026-08-10,20.94
potato,Satara,2026-08-11,21.08
potato,Satara,2026-08-12,20.78
potato,Satara,2026-08-13,20.73
potato,Satara,2026-08-14,21.55
potato,Satara,2026-08-15,20.91
potato,Satara,2026-08-16,21.16
potato,Satara,2026-08-17,20.34
potato,Satara,2026-08-18,20.08
potato,Satara,2026-08-19,20.37
potato,Satara,2026-08-20,20.13
potato,Satara,2026-08-21,19.74
potato,Satara,2026-08-22,19.45
potato,Satara,2026-08-23,19.99
potato,Satara,2026-08-24,19.89
potato,Satara,2026-08-25,19.78
potato,Satara,2026-08-26,20.3
potato,Satara,2026-08-27,19.55
potato,Satara,2026-08-28,19.96
potato,Satara,2026-08-29,19.84
potato,Satara,2026-08-30,20.1
potato,Satara,2026-08-31,20.29
potato,Satara,2026-09-01,20.93
potato,Satara,2026-09-02,21.02
potato,Satara,2026-09-03,20.67
potato,Satara,2026-09-04,21.16
potato,Satara,2026-09-05,20.44
potato,Satara,2026-09-06,20.46
potato,Satara,2026-09-07,20.94
potato,Sangli,2026-04-11,19.79
potato,Sangli,2026-04-12,19.58
potato,Sangli,2026-04-13,19.64
potato,Sangli,2026-04-14,19.71
potato,Sangli,2026-04-15,19.9
potato,Sangli,2026-04-16,20.46
potato,Sangli,2026-04-17,19.79
potato,Sangli,2026-04-18,20.44
potato,Sangli,2026-04-19,20.8
potato,Sangli,2026-04-20,20.36
potato,Sangli,2026-04-21,20.97
potato,Sangli,2026-04-22,21.01
potato,Sangli,2026-04-23,20.84
potato,Sangli,2026-04-24,20.89
potato,Sangli,2026-04-25,21.39
potato,Sangli,2026-04-26,20.63
potato,Sangli,2026-04-27,20.84
potato,Sangli,2026-04-28,20.57
potato,Sangli,2026-04-29,20.32
potato,Sangli,2026-04-30,20.48
potato,Sangli,2026-05-01,20.57
potato,Sangli,2026-05-02,19.56
potato,Sangli,2026-05-03,20.16
potato,Sangli,2026-05-04,20.17
potato,Sangli,2026-05-05,19.44
potato,Sangli,2026-05-06,20.35
potato,Sangli,2026-05-07,20.21
potato,Sangli,2026-05-08,19.94
potato,Sangli,2026-05-09,20.24
potato,Sangli,2026-05-10,20.68
potato,Sangli,2026-05-11,20.92
potato,Sangli,2026-05-12,21.28
potato,Sangli,2026-05-13,21.18
potato,Sangli,2026-05-14,21.09
potato,Sangli,2026-05-15,20.79
potato,Sangli,2026-05-16,20.97
potato,Sangli,2026-05-17,20.43
potato,Sangli,2026-05-18,21.29
potato,Sangli,2026-05-19,21.09
potato,Sangli,2026-05-20,20.9
potato,Sangli,2026-05-21,20.08
potato,Sangli,2026-05-22,20.55
potato,Sangli,2026-05-23,20.23
potato,Sangli,2026-05-24,19.67
potato,Sangli,2026-05-25,20.18
potato,Sangli,2026-05-26,19.49
potato,Sangli,2026-05-27,19.82
potato,Sangli,2026-05-28,19.81
potato,Sangli,2026-05-29,20.45
potato,Sangli,2026-05-30,20.45
potato,Sangli,2026-05-31,20.78
potato,Sangli,2026-06-01,20.42
potato,Sangli,2026-06-02,20.37
potato,Sangli,2026-06-03,21.22
potato,Sangli,2026-06-04,20.99
potato,Sangli,2026-06-05,21.26
potato,Sangli,2026-06-06,21.43
potato,Sangli,2026-06-07,20.72
potato,Sangli,2026-06-08,20.68
potato,Sangli,2026-06-09,21.03
potato,Sangli,2026-06-10,20.01
potato,Sangli,2026-06-11,19.89
potato,Sangli,2026-06-12,19.82
potato,Sangli,2026-06-13,19.49
potato,Sangli,2026-06-14,19.74
potato,Sangli,2026-06-15,20.0
potato,Sangli,2026-06-16,19.82
potato,Sangli,2026-06-17,19.66
potato,Sangli,2026-06-18,20.13
potato,Sangli,2026-06-19,20.34
potato,Sangli,2026-06-20,20.39
potato,Sangli,2026-06-21,20.11
potato,Sangli,2026-06-22,20.54
potato,Sangli,2026-06-23,20.9
potato,Sangli,2026-06-24,20.35
potato,Sangli,2026-06-25,20.63
potato,Sangli,2026-06-26,20.75
potato,Sangli,2026-06-27,21.0
potato,Sangli,2026-06-28,20.43
potato,Sangli,2026-06-29,20.44
potato,Sangli,2026-06-30,20.76
potato,Sangli,2026-07-01,20.63
potato,Sangli,2026-07-02,20.33
potato,Sangli,2026-07-03,19.64
potato,Sangli,2026-07-04,19.96
potato,Sangli,2026-07-05,19.68
potato,Sangli,2026-07-06,20.15
potato,Sangli,2026-07-07,19.67
potato,Sangli,2026-07-08,20.15
potato,Sangli,2026-07-09,19.52
potato,Sangli,2026-07-10,19.7
potato,Sangli,2026-07-11,20.29
potato,Sangli,2026-07-12,20.2
potato,Sangli,2026-07-13,20.32
potato,Sangli,2026-07-14,20.27
potato,Sangli,2026-07-15,20.68
potato,Sangli,2026-07-16,20.77
potato,Sangli,2026-07-17,20.77
potato,Sangli,2026-07-18,21.22
potato,Sangli,2026-07-19,20.85
potato,Sangli,2026-07-20,20.15
potato,Sangli,2026-07-21,20.0
potato,Sangli,2026-07-22,20.36
potato,Sangli,2026-07-23,20.23
potato,Sangli,2026-07-24,19.68
potato,Sangli,2026-07-25,19.41
potato,Sangli,2026-07-26,19.68
potato,Sangli,2026-07-27,19.43
potato,Sangli,2026-07-28,20.01
potato,Sangli,2026-07-29,19.28
potato,Sangli,2026-07-30,19.95
potato,Sangli,2026-07-31,20.07
potato,Sangli,2026-08-01,19.79
potato,Sangli,2026-08-02,20.79
potato,Sangli,2026-08-03,20.15
potato,Sangli,2026-08-04,20.71
potato,Sangli,2026-08-05,20.25
potato,Sangli,2026-08-06,20.86
potato,Sangli,2026-08-07,21.13
potato,Sangli,2026-08-08,21.26
potato,Sangli,2026-08-09,21.06
potato,Sangli,2026-08-10,20.59
potato,Sangli,2026-08-11,20.15
potato,Sangli,2026-08-12,19.95
potato,Sangli,2026-08-13,20.52
potato,Sangli,2026-08-14,20.21
potato,Sangli,2026-08-15,19.53
potato,Sangli,2026-08-16,19.9
potato,Sangli,2026-08-17,19.5
potato,Sangli,2026-08-18,19.55
potato,Sangli,2026-08-19,19.38
potato,Sangli,2026-08-20,19.5
potato,Sangli,2026-08-21,20.24
potato,Sangli,2026-08-22,20.32
potato,Sangli,2026-08-23,19.95
potato,Sangli,2026-08-24,20.11
potato,Sangli,2026-08-25,20.89
potato,Sangli,2026-08-26,20.22
potato,Sangli,2026-08-27,21.27
potato,Sangli,2026-08-28,20.52
potato,Sangli,2026-08-29,20.7
potato,Sangli,2026-08-30,20.41
potato,Sangli,2026-08-31,20.62
potato,Sangli,2026-09-01,20.53
potato,Sangli,2026-09-02,19.78
potato,Sangli,2026-09-03,19.98
potato,Sangli,2026-09-04,20.22
potato,Sangli,2026-09-05,20.17
potato,Sangli,2026-09-06,19.51
potato,Sangli,2026-09-07,19.28
potato,Ahmednagar,2026-04-11,20.49
potato,Ahmednagar,2026-04-12,20.69
potato,Ahmednagar,2026-04-13,20.79
potato,Ahmednagar,2026-04-14,20.34
potato,Ahmednagar,2026-04-15,20.13
potato,Ahmednagar,2026-04-16,20.57
potato,Ahmednagar,2026-04-17,21.18
potato,Ahmednagar,2026-04-18,20.69
potato,Ahmednagar,2026-04-19,20.77
potato,Ahmednagar,2026-04-20,21.39
potato,Ahmednagar,2026-04-21,21.01
potato,Ahmednagar,2026-04-22,21.86
potato,Ahmednagar,2026-04-23,21.55
potato,Ahmednagar,2026-04-24,21.9
potato,Ahmednagar,2026-04-25,21.35
potato,Ahmednagar,2026-04-26,21.02
potato,Ahmednagar,2026-04-27,21.01
potato,Ahmednagar,2026-04-28,21.2
potato,Ahmednagar,2026-04-29,20.93
potato,Ahmednagar,2026-04-30,21.27
potato,Ahmednagar,2026-05-01,20.88
potato,Ahmednagar,2026-05-02,20.72
potato,Ahmednagar,2026-05-03,20.61
potato,Ahmednagar,2026-05-04,20.35
potato,Ahmednagar,2026-05-05,20.69
potato,Ahmednagar,2026-05-06,20.71
potato,Ahmednagar,2026-05-07,20.84
potato,Ahmednagar,2026-05-08,20.71
potato,Ahmednagar,2026-05-09,20.37
potato,Ahmednagar,2026-05-10,20.49
potato,Ahmednagar,2026-05-11,21.61
potato,Ahmednagar,2026-05-12,21.62
potato,Ahmednagar,2026-05-13,21.91
potato,Ahmednagar,2026-05-14,21.76
potato,Ahmednagar,2026-05-15,22.02
potato,Ahmednagar,2026-05-16,21.77
potato,Ahmednagar,2026-05-17,21.5
potato,Ahmednagar,2026-05-18,21.63
potato,Ahmednagar,2026-05-19,20.66
potato,Ahmednagar,2026-05-20,20.96
potato,Ahmednagar,2026-05-21,20.71
potato,Ahmednagar,2026-05-22,20.19
potato,Ahmednagar,2026-05-23,20.0
potato,Ahmednagar,2026-05-24,19.99
potato,Ahmednagar,2026-05-25,20.09
potato,Ahmednagar,2026-05-26,20.47
potato,Ahmednagar,2026-05-27,20.51
potato,Ahmednagar,2026-05-28,20.67
potato,Ahmednagar,2026-05-29,20.55
potato,Ahmednagar,2026-05-30,21.11
potato,Ahmednagar,2026-05-31,20.55
potato,Ahmednagar,2026-06-01,20.94
potato,Ahmednagar,2026-06-02,21.58
potato,Ahmednagar,2026-06-03,20.96
potato,Ahmednagar,2026-06-04,21.11
potato,Ahmednagar,2026-06-05,21.96
potato,Ahmednagar,2026-06-06,21.7
potato,Ahmednagar,2026-06-07,20.8
potato,Ahmednagar,2026-06-08,21.55
potato,Ahmednagar,2026-06-09,21.0
potato,Ahmednagar,2026-06-10,20.62
potato,Ahmednagar,2026-06-11,20.31
potato,Ahmednagar,2026-06-12,20.24
potato,Ahmednagar,2026-06-13,20.55
potato,Ahmednagar,2026-06-14,20.15
potato,Ahmednagar,2026-06-15,20.31
potato,Ahmednagar,2026-06-16,19.93
potato,Ahmednagar,2026-06-17,20.5
potato,Ahmednagar,2026-06-18,20.38
potato,Ahmednagar,2026-06-19,20.79
potato,Ahmednagar,2026-06-20,20.3
potato,Ahmednagar,2026-06-21,20.78
potato,Ahmednagar,2026-06-22,21.47
potato,Ahmednagar,2026-06-23,21.61
potato,Ahmednagar,2026-06-24,21.79
potato,Ahmednagar,2026-06-25,21.39
potato,Ahmednagar,2026-06-26,21.59
potato,Ahmednagar,2026-06-27,21.83
potato,Ahmednagar,2026-06-28,21.21
potato,Ahmednagar,2026-06-29,21.42
potato,Ahmednagar,2026-06-30,21.2
potato,Ahmednagar,2026-07-01,20.8
potato,Ahmednagar,2026-07-02,20.15
potato,Ahmednagar,2026-07-03,20.26
potato,Ahmednagar,2026-07-04,20.18
potato,Ahmednagar,2026-07-05,20.45
potato,Ahmednagar,2026-07-06,20.06
potato,Ahmednagar,2026-07-07,20.02
potato,Ahmednagar,2026-07-08,19.72
potato,Ahmednagar,2026-07-09,20.73
potato,Ahmednagar,2026-07-10,20.09
potato,Ahmednagar,2026-07-11,20.69
potato,Ahmednagar,2026-07-12,21.3
potato,Ahmednagar,2026-07-13,21.48
potato,Ahmednagar,2026-07-14,21.45
potato,Ahmednagar,2026-07-15,21.65
potato,Ahmednagar,2026-07-16,21.82
potato,Ahmednagar,2026-07-17,21.25
potato,Ahmednagar,2026-07-18,21.71
potato,Ahmednagar,2026-07-19,21.43
potato,Ahmednagar,2026-07-20,21.47
potato,Ahmednagar,2026-07-21,21.14
potato,Ahmednagar,2026-07-22,20.53
potato,Ahmednagar,2026-07-23,20.38
potato,Ahmednagar,2026-07-24,20.7
potato,Ahmednagar,2026-07-25,20.63
potato,Ahmednagar,2026-07-26,20.24
potato,Ahmednagar,2026-07-27,19.72
potato,Ahmednagar,2026-07-28,19.98
potato,Ahmednagar,2026-07-29,20.28
potato,Ahmednagar,2026-07-30,20.64
potato,Ahmednagar,2026-07-31,20.52
potato,Ahmednagar,2026-08-01,20.68
potato,Ahmednagar,2026-08-02,20.68
potato,Ahmednagar,2026-08-03,20.76
potato,Ahmednagar,2026-08-04,21.4
potato,Ahmednagar,2026-08-05,21.35
potato,Ahmednagar,2026-08-06,21.56
potato,Ahmednagar,2026-08-07,21.69
potato,Ahmednagar,2026-08-08,20.8
potato,Ahmednagar,2026-08-09,21.2
potato,Ahmednagar,2026-08-10,20.91
potato,Ahmednagar,2026-08-11,21.08
potato,Ahmednagar,2026-08-12,21.07
potato,Ahmednagar,2026-08-13,20.51
potato,Ahmednagar,2026-08-14,20.36
potato,Ahmednagar,2026-08-15,19.88
potato,Ahmednagar,2026-08-16,20.08
potato,Ahmednagar,2026-08-17,19.83
potato,Ahmednagar,2026-08-18,19.86
potato,Ahmednagar,2026-08-19,20.22
potato,Ahmednagar,2026-08-20,19.71
potato,Ahmednagar,2026-08-21,20.73
potato,Ahmednagar,2026-08-22,20.55
potato,Ahmednagar,2026-08-23,20.44
potato,Ahmednagar,2026-08-24,21.21
potato,Ahmednagar,2026-08-25,20.81
potato,Ahmednagar,2026-08-26,21.05
potato,Ahmednagar,2026-08-27,21.21
potato,Ahmednagar,2026-08-28,21.47
potato,Ahmednagar,2026-08-29,21.55
potato,Ahmednagar,2026-08-30,20.85
potato,Ahmednagar,2026-08-31,20.97
potato,Ahmednagar,2026-09-01,20.41
potato,Ahmednagar,2026-09-02,20.88
potato,Ahmednagar,2026-09-03,20.88
potato,Ahmednagar,2026-09-04,20.21
potato,Ahmednagar,2026-09-05,20.19
potato,Ahmednagar,2026-09-06,19.52
potato,Ahmednagar,2026-09-07,19.81
grapes,Nashik,2026-04-11,50.71
grapes,Nashik,2026-04-12,52.31
grapes,Nashik,2026-04-13,53.42
grapes,Nashik,2026-04-14,53.74
grapes,Nashik,2026-04-15,54.57
grapes,Nashik,2026-04-16,53.29
grapes,Nashik,2026-04-17,54.7
grapes,Nashik,2026-04-18,53.39
grapes,Nashik,2026-04-19,52.38
grapes,Nashik,2026-04-20,53.09
grapes,Nashik,2026-04-21,52.63
grapes,Nashik,2026-04-22,52.25
grapes,Nashik,2026-04-23,50.62
grapes,Nashik,2026-04-24,52.02
grapes,Nashik,2026-04-25,50.04
grapes,Nashik,2026-04-26,52.13
grapes,Nashik,2026-04-27,51.15
grapes,Nashik,2026-04-28,50.74
grapes,Nashik,2026-04-29,51.21
grapes,Nashik,2026-04-30,51.44
grapes,Nashik,2026-05-01,53.33
grapes,Nashik,2026-05-02,53.66
grapes,Nashik,2026-05-03,54.66
grapes,Nashik,2026-05-04,53.08
grapes,Nashik,2026-05-05,54.72
grapes,Nashik,2026-05-06,55.73
grapes,Nashik,2026-05-07,55.77
grapes,Nashik,2026-05-08,53.81
grapes,Nashik,2026-05-09,54.04
grapes,Nashik,2026-05-10,53.07
grapes,Nashik,2026-05-11,54.24
grapes,Nashik,2026-05-12,52.22
grapes,Nashik,2026-05-13,52.87
grapes,Nashik,2026-05-14,51.38
grapes,Nashik,2026-05-15,53.06
grapes,Nashik,2026-05-16,53.15
grapes,Nashik,2026-05-17,52.77
grapes,Nashik,2026-05-18,51.23
grapes,Nashik,2026-05-19,51.97
grapes,Nashik,2026-05-20,53.51
grapes,Nashik,2026-05-21,53.58
grapes,Nashik,2026-05-22,54.03
grapes,Nashik,2026-05-23,53.74
grapes,Nashik,2026-05-24,53.49
grapes,Nashik,2026-05-25,53.51
grapes,Nashik,2026-05-26,55.35
grapes,Nashik,2026-05-27,55.19
grapes,Nashik,2026-05-28,54.38
grapes,Nashik,2026-05-29,55.36
grapes,Nashik,2026-05-30,54.34
grapes,Nashik,2026-05-31,56.42
grapes,Nashik,2026-06-01,55.9
grapes,Nashik,2026-06-02,54.0
grapes,Nashik,2026-06-03,54.94
grapes,Nashik,2026-06-04,53.99
grapes,Nashik,2026-06-05,53.86
grapes,Nashik,2026-06-06,51.69
grapes,Nashik,2026-06-07,53.5
grapes,Nashik,2026-06-08,51.54
grapes,Nashik,2026-06-09,53.15
grapes,Nashik,2026-06-10,52.96
grapes,Nashik,2026-06-11,52.47
grapes,Nashik,2026-06-12,52.82
grapes,Nashik,2026-06-13,53.32
grapes,Nashik,2026-06-14,56.02
grapes,Nashik,2026-06-15,55.27
grapes,Nashik,2026-06-16,56.27
grapes,Nashik,2026-06-17,55.98
grapes,Nashik,2026-06-18,57.4
grapes,Nashik,2026-06-19,57.19
grapes,Nashik,2026-06-20,56.59
grapes,Nashik,2026-06-21,55.85
grapes,Nashik,2026-06-22,55.51
grapes,Nashik,2026-06-23,54.99
grapes,Nashik,2026-06-24,55.06
grapes,Nashik,2026-06-25,53.22
grapes,Nashik,2026-06-26,54.34
grapes,Nashik,2026-06-27,54.14
grapes,Nashik,2026-06-28,52.26
grapes,Nashik,2026-06-29,53.58
grapes,Nashik,2026-06-30,53.92
grapes,Nashik,2026-07-01,52.91
grapes,Nashik,2026-07-02,53.04
grapes,Nashik,2026-07-03,55.44
grapes,Nashik,2026-07-04,55.64
grapes,Nashik,2026-07-05,56.87
grapes,Nashik,2026-07-06,57.54
grapes,Nashik,2026-07-07,55.74
grapes,Nashik,2026-07-08,57.12
grapes,Nashik,2026-07-09,56.83
grapes,Nashik,2026-07-10,57.2
grapes,Nashik,2026-07-11,57.46
grapes,Nashik,2026-07-12,55.95
grapes,Nashik,2026-07-13,55.45
grapes,Nashik,2026-07-14,54.76
grapes,Nashik,2026-07-15,54.54
grapes,Nashik,2026-07-16,55.37
grapes,Nashik,2026-07-17,54.8
grapes,Nashik,2026-07-18,54.91
grapes,Nashik,2026-07-19,53.96
grapes,Nashik,2026-07-20,54.58
grapes,Nashik,2026-07-21,54.61
grapes,Nashik,2026-07-22,53.82
grapes,Nashik,2026-07-23,55.11
grapes,Nashik,2026-07-24,55.98
grapes,Nashik,2026-07-25,55.64
grapes,Nashik,2026-07-26,58.1
grapes,Nashik,2026-07-27,57.31
grapes,Nashik,2026-07-28,58.13
grapes,Nashik,2026-07-29,56.93
grapes,Nashik,2026-07-30,57.35
grapes,Nashik,2026-07-31,59.05
grapes,Nashik,2026-08-01,58.15
grapes,Nashik,2026-08-02,56.42
grapes,Nashik,2026-08-03,56.88
grapes,Nashik,2026-08-04,58.24
grapes,Nashik,2026-08-05,56.81
grapes,Nashik,2026-08-06,55.14
grapes,Nashik,2026-08-07,54.39
grapes,Nashik,2026-08-08,54.46
grapes,Nashik,2026-08-09,55.1
grapes,Nashik,2026-08-10,55.7
grapes,Nashik,2026-08-11,55.23
grapes,Nashik,2026-08-12,56.15
grapes,Nashik,2026-08-13,57.02
grapes,Nashik,2026-08-14,56.72
grapes,Nashik,2026-08-15,56.6
grapes,Nashik,2026-08-16,57.04
grapes,Nashik,2026-08-17,57.62
grapes,Nashik,2026-08-18,57.38
grapes,Nashik,2026-08-19,59.94
grapes,Nashik,2026-08-20,60.2
grapes,Nashik,2026-08-21,58.98
grapes,Nashik,2026-08-22,60.08
grapes,Nashik,2026-08-23,58.97
grapes,Nashik,2026-08-24,58.75
grapes,Nashik,2026-08-25,57.64
grapes,Nashik,2026-08-26,56.44
grapes,Nashik,2026-08-27,56.75
grapes,Nashik,2026-08-28,57.18
grapes,Nashik,2026-08-29,57.02
grapes,Nashik,2026-08-30,56.85
grapes,Nashik,2026-08-31,55.64
grapes,Nashik,2026-09-01,55.87
grapes,Nashik,2026-09-02,57.36
grapes,Nashik,2026-09-03,55.46
grapes,Nashik,2026-09-04,55.96
grapes,Nashik,2026-09-05,57.51
grapes,Nashik,2026-09-06,58.63
grapes,Nashik,2026-09-07,57.93
grapes,Pune,2026-04-11,52.19
grapes,Pune,2026-04-12,51.29
grapes,Pune,2026-04-13,52.6
grapes,Pune,2026-04-14,53.12
grapes,Pune,2026-04-15,52.38
grapes,Pune,2026-04-16,52.47
grapes,Pune,2026-04-17,51.85
grapes,Pune,2026-04-18,53.91
grapes,Pune,2026-04-19,54.13
grapes,Pune,2026-04-20,55.02
grapes,Pune,2026-04-21,55.47
grapes,Pune,2026-04-22,54.29
grapes,Pune,2026-04-23,56.15
grapes,Pune,2026-04-24,55.57
grapes,Pune,2026-04-25,55.95
grapes,Pune,2026-04-26,54.24
grapes,Pune,2026-04-27,54.85
grapes,Pune,2026-04-28,53.99
grapes,Pune,2026-04-29,53.69
grapes,Pune,2026-04-30,55.03
grapes,Pune,2026-05-01,52.72
grapes,Pune,2026-05-02,51.91
grapes,Pune,2026-05-03,51.73
grapes,Pune,2026-05-04,51.61
grapes,Pune,2026-05-05,53.8
grapes,Pune,2026-05-06,53.63
grapes,Pune,2026-05-07,52.31
grapes,Pune,2026-05-08,55.15
grapes,Pune,2026-05-09,53.32
grapes,Pune,2026-05-10,55.87
grapes,Pune,2026-05-11,55.91
grapes,Pune,2026-05-12,56.54
grapes,Pune,2026-05-13,55.0
grapes,Pune,2026-05-14,56.55
grapes,Pune,2026-05-15,57.51
grapes,Pune,2026-05-16,56.07
grapes,Pune,2026-05-17,56.74
grapes,Pune,2026-05-18,56.43
grapes,Pune,2026-05-19,56.89
grapes,Pune,2026-05-20,54.95
grapes,Pune,2026-05-21,54.6
grapes,Pune,2026-05-22,53.65
grapes,Pune,2026-05-23,52.98
grapes,Pune,2026-05-24,53.35
grapes,Pune,2026-05-25,52.43
grapes,Pune,2026-05-26,54.21
grapes,Pune,2026-05-27,52.68
grapes,Pune,2026-05-28,53.55
grapes,Pune,2026-05-29,54.0
grapes,Pune,2026-05-30,55.72
grapes,Pune,2026-05-31,55.2
grapes,Pune,2026-06-01,56.69
grapes,Pune,2026-06-02,55.51
grapes,Pune,2026-06-03,58.27
grapes,Pune,2026-06-04,57.16
grapes,Pune,2026-06-05,58.28
grapes,Pune,2026-06-06,57.46
grapes,Pune,2026-06-07,58.68
grapes,Pune,2026-06-08,57.57
grapes,Pune,2026-06-09,57.39
grapes,Pune,2026-06-10,57.3
grapes,Pune,2026-06-11,55.85
grapes,Pune,2026-06-12,54.55
grapes,Pune,2026-06-13,53.79
grapes,Pune,2026-06-14,54.19
grapes,Pune,2026-06-15,54.94
grapes,Pune,2026-06-16,54.33
grapes,Pune,2026-06-17,56.01
grapes,Pune,2026-06-18,55.93
grapes,Pune,2026-06-19,54.61
grapes,Pune,2026-06-20,55.23
grapes,Pune,2026-06-21,57.43
grapes,Pune,2026-06-22,57.76
grapes,Pune,2026-06-23,59.07
grapes,Pune,2026-06-24,58.55
grapes,Pune,2026-06-25,57.05
grapes,Pune,2026-06-26,57.0
grapes,Pune,2026-06-27,59.56
grapes,Pune,2026-06-28,58.02
grapes,Pune,2026-06-29,57.88
grapes,Pune,2026-06-30,58.14
grapes,Pune,2026-07-01,57.0
grapes,Pune,2026-07-02,57.1
grapes,Pune,2026-07-03,54.73
grapes,Pune,2026-07-04,54.41
grapes,Pune,2026-07-05,56.24
grapes,Pune,2026-07-06,54.38
grapes,Pune,2026-07-07,54.75
grapes,Pune,2026-07-08,55.49
grapes,Pune,2026-07-09,55.32
grapes,Pune,2026-07-10,55.3
grapes,Pune,2026-07-11,55.98
grapes,Pune,2026-07-12,57.56
grapes,Pune,2026-07-13,57.24
grapes,Pune,2026-07-14,58.22
grapes,Pune,2026-07-15,59.38
grapes,Pune,2026-07-16,58.43
grapes,Pune,2026-07-17,59.98
grapes,Pune,2026-07-18,60.7
grapes,Pune,2026-07-19,58.89
grapes,Pune,2026-07-20,59.85
grapes,Pune,2026-07-21,57.26
grapes,Pune,2026-07-22,57.33
grapes,Pune,2026-07-23,58.21
grapes,Pune,2026-07-24,55.64
grapes,Pune,2026-07-25,57.43
grapes,Pune,2026-07-26,56.12
grapes,Pune,2026-07-27,57.15
grapes,Pune,2026-07-28,57.03
grapes,Pune,2026-07-29,55.77
grapes,Pune,2026-07-30,57.55
grapes,Pune,2026-07-31,56.89
grapes,Pune,2026-08-01,57.03
grapes,Pune,2026-08-02,57.14
grapes,Pune,2026-08-03,60.22
grapes,Pune,2026-08-04,60.92
grapes,Pune,2026-08-05,60.75
grapes,Pune,2026-08-06,60.69
grapes,Pune,2026-08-07,59.37
grapes,Pune,2026-08-08,61.27
grapes,Pune,2026-08-09,60.02
grapes,Pune,2026-08-10,58.68
grapes,Pune,2026-08-11,59.59
grapes,Pune,2026-08-12,57.45
grapes,Pune,2026-08-13,58.23
grapes,Pune,2026-08-14,59.12
grapes,Pune,2026-08-15,56.16
grapes,Pune,2026-08-16,58.62
grapes,Pune,2026-08-17,58.37
grapes,Pune,2026-08-18,56.1
grapes,Pune,2026-08-19,56.45
grapes,Pune,2026-08-20,57.88
grapes,Pune,2026-08-21,59.06
grapes,Pune,2026-08-22,57.88
grapes,Pune,2026-08-23,59.34
grapes,Pune,2026-08-24,59.65
grapes,Pune,2026-08-25,60.26
grapes,Pune,2026-08-26,59.73
grapes,Pune,2026-08-27,60.08
grapes,Pune,2026-08-28,60.87
grapes,Pune,2026-08-29,61.37
grapes,Pune,2026-08-30,60.25
grapes,Pune,2026-08-31,60.74
grapes,Pune,2026-09-01,61.49
grapes,Pune,2026-09-02,58.71
grapes,Pune,2026-09-03,60.19
grapes,Pune,2026-09-04,58.61
grapes,Pune,2026-09-05,59.62
grapes,Pune,2026-09-06,57.65
grapes,Pune,2026-09-07,57.61
grapes,Satara,2026-04-11,49.98
grapes,Satara,2026-04-12,49.97
grapes,Satara,2026-04-13,49.57
grapes,Satara,2026-04-14,48.57
grapes,Satara,2026-04-15,50.03
grapes,Satara,2026-04-16,50.58
grapes,Satara,2026-04-17,49.11
grapes,Satara,2026-04-18,49.22
grapes,Satara,2026-04-19,50.65
grapes,Satara,2026-04-20,51.2
grapes,Satara,2026-04-21,51.75
grapes,Satara,2026-04-22,51.76
grapes,Satara,2026-04-23,52.1
grapes,Satara,2026-04-24,51.35
grapes,Satara,2026-04-25,53.03
grapes,Satara,2026-04-26,51.69
grapes,Satara,2026-04-27,53.08
grapes,Satara,2026-04-28,52.13
grapes,Satara,2026-04-29,51.33
grapes,Satara,2026-04-30,49.76
grapes,Satara,2026-05-01,49.96
grapes,Satara,2026-05-02,50.83
grapes,Satara,2026-05-03,50.8
grapes,Satara,2026-05-04,48.7
grapes,Satara,2026-05-05,50.95
grapes,Satara,2026-05-06,49.56
grapes,Satara,2026-05-07,50.75
grapes,Satara,2026-05-08,50.97
grapes,Satara,2026-05-09,51.09
grapes,Satara,2026-05-10,51.7
grapes,Satara,2026-05-11,53.27
grapes,Satara,2026-05-12,51.9
grapes,Satara,2026-05-13,53.81
grapes,Satara,2026-05-14,52.42
grapes,Satara,2026-05-15,53.72
grapes,Satara,2026-05-16,52.91
grapes,Satara,2026-05-17,54.04
grapes,Satara,2026-05-18,51.76
grapes,Satara,2026-05-19,53.19
grapes,Satara,2026-05-20,52.96
grapes,Satara,2026-05-21,51.28
grapes,Satara,2026-05-22,52.45
grapes,Satara,2026-05-23,51.35
grapes,Satara,2026-05-24,49.85
grapes,Satara,2026-05-25,49.48
grapes,Satara,2026-05-26,50.29
grapes,Satara,2026-05-27,50.78
grapes,Satara,2026-05-28,52.3
grapes,Satara,2026-05-29,50.59
grapes,Satara,2026-05-30,52.1
grapes,Satara,2026-05-31,52.14
grapes,Satara,2026-06-01,52.88
grapes,Satara,2026-06-02,52.56
grapes,Satara,2026-06-03,54.44
grapes,Satara,2026-06-04,53.38
grapes,Satara,2026-06-05,53.13
grapes,Satara,2026-06-06,53.84
grapes,Satara,2026-06-07,53.41
grapes,Satara,2026-06-08,53.9
grapes,Satara,2026-06-09,52.4
grapes,Satara,2026-06-10,53.49
grapes,Satara,2026-06-11,53.14
grapes,Satara,2026-06-12,53.3
grapes,Satara,2026-06-13,52.14
grapes,Satara,2026-06-14,50.43
grapes,Satara,2026-06-15,51.31
grapes,Satara,2026-06-16,52.27
grapes,Satara,2026-06-17,51.34
grapes,Satara,2026-06-18,52.31
grapes,Satara,2026-06-19,52.24
grapes,Satara,2026-06-20,51.58
grapes,Satara,2026-06-21,52.37
grapes,Satara,2026-06-22,52.87
grapes,Satara,2026-06-23,54.72
grapes,Satara,2026-06-24,55.8
grapes,Satara,2026-06-25,54.16
grapes,Satara,2026-06-26,55.25
grapes,Satara,2026-06-27,56.3
grapes,Satara,2026-06-28,54.72
grapes,Satara,2026-06-29,55.01
grapes,Satara,2026-06-30,53.0
grapes,Satara,2026-07-01,53.92
grapes,Satara,2026-07-02,52.92
grapes,Satara,2026-07-03,54.15
grapes,Satara,2026-07-04,53.03
grapes,Satara,2026-07-05,51.76
grapes,Satara,2026-07-06,51.22
grapes,Satara,2026-07-07,51.79
grapes,Satara,2026-07-08,53.01
grapes,Satara,2026-07-09,53.73
grapes,Satara,2026-07-10,53.3
grapes,Satara,2026-07-11,53.44
grapes,Satara,2026-07-12,54.76
grapes,Satara,2026-07-13,54.43
grapes,Satara,2026-07-14,56.04
grapes,Satara,2026-07-15,56.31
grapes,Satara,2026-07-16,55.84
grapes,Satara,2026-07-17,54.64
grapes,Satara,2026-07-18,56.75
grapes,Satara,2026-07-19,55.73
grapes,Satara,2026-07-20,56.2
grapes,Satara,2026-07-21,55.34
grapes,Satara,2026-07-22,55.18
grapes,Satara,2026-07-23,53.25
grapes,Satara,2026-07-24,54.06
grapes,Satara,2026-07-25,52.28
grapes,Satara,2026-07-26,54.04
grapes,Satara,2026-07-27,53.51
grapes,Satara,2026-07-28,51.73
grapes,Satara,2026-07-29,53.1
grapes,Satara,2026-07-30,53.08
grapes,Satara,2026-07-31,52.76
grapes,Satara,2026-08-01,54.71
grapes,Satara,2026-08-02,55.46
grapes,Satara,2026-08-03,54.4
grapes,Satara,2026-08-04,55.32
grapes,Satara,2026-08-05,57.08
grapes,Satara,2026-08-06,55.43
grapes,Satara,2026-08-07,55.64
grapes,Satara,2026-08-08,56.08
grapes,Satara,2026-08-09,57.78
grapes,Satara,2026-08-10,55.23
grapes,Satara,2026-08-11,57.09
grapes,Satara,2026-08-12,55.75
grapes,Satara,2026-08-13,54.17
grapes,Satara,2026-08-14,53.21
grapes,Satara,2026-08-15,55.31
grapes,Satara,2026-08-16,54.97
grapes,Satara,2026-08-17,53.23
grapes,Satara,2026-08-18,53.93
grapes,Satara,2026-08-19,53.07
grapes,Satara,2026-08-20,54.35
grapes,Satara,2026-08-21,54.3
grapes,Satara,2026-08-22,56.46
grapes,Satara,2026-08-23,57.25
grapes,Satara,2026-08-24,56.68
grapes,Satara,2026-08-25,56.87
grapes,Satara,2026-08-26,57.74
grapes,Satara,2026-08-27,57.91
grapes,Satara,2026-08-28,56.23
grapes,Satara,2026-08-29,56.16
grapes,Satara,2026-08-30,56.27
grapes,Satara,2026-08-31,58.0
grapes,Satara,2026-09-01,55.78
grapes,Satara,2026-09-02,55.1
grapes,Satara,2026-09-03,55.82
grapes,Satara,2026-09-04,55.5
grapes,Satara,2026-09-05,54.3
grapes,Satara,2026-09-06,55.3
grapes,Satara,2026-09-07,54.37
grapes,Sangli,2026-04-11,50.15
grapes,Sangli,2026-04-12,52.54
grapes,Sangli,2026-04-13,51.8
grapes,Sangli,2026-04-14,50.95
grapes,Sangli,2026-04-15,51.23
grapes,Sangli,2026-04-16,51.68
grapes,Sangli,2026-04-17,50.75
grapes,Sangli,2026-04-18,49.39
grapes,Sangli,2026-04-19,48.93
grapes,Sangli,2026-04-20,49.28
grapes,Sangli,2026-04-21,49.69
grapes,Sangli,2026-04-22,49.93
grapes,Sangli,2026-04-23,49.52
grapes,Sangli,2026-04-24,49.78
grapes,Sangli,2026-04-25,49.26
grapes,Sangli,2026-04-26,49.04
grapes,Sangli,2026-04-27,49.48
grapes,Sangli,2026-04-28,50.61
grapes,Sangli,2026-04-29,49.8
grapes,Sangli,2026-04-30,51.08
grapes,Sangli,2026-05-01,51.63
grapes,Sangli,2026-05-02,52.07
grapes,Sangli,2026-05-03,53.42
grapes,Sangli,2026-05-04,53.09
grapes,Sangli,2026-05-05,51.42
grapes,Sangli,2026-05-06,51.53
grapes,Sangli,2026-05-07,53.06
grapes,Sangli,2026-05-08,50.94
grapes,Sangli,2026-05-09,52.24
grapes,Sangli,2026-05-10,49.55
grapes,Sangli,2026-05-11,51.46
grapes,Sangli,2026-05-12,49.19
grapes,Sangli,2026-05-13,50.54
grapes,Sangli,2026-05-14,49.66
grapes,Sangli,2026-05-15,49.8
grapes,Sangli,2026-05-16,49.94
grapes,Sangli,2026-05-17,49.15
grapes,Sangli,2026-05-18,50.46
grapes,Sangli,2026-05-19,51.11
grapes,Sangli,2026-05-20,51.75
grapes,Sangli,2026-05-21,51.78
grapes,Sangli,2026-05-22,52.78
grapes,Sangli,2026-05-23,52.07
grapes,Sangli,2026-05-24,51.76
grapes,Sangli,2026-05-25,53.36
grapes,Sangli,2026-05-26,53.37
grapes,Sangli,2026-05-27,51.65
grapes,Sangli,2026-05-28,53.8
grapes,Sangli,2026-05-29,52.34
grapes,Sangli,2026-05-30,51.9
grapes,Sangli,2026-05-31,52.03
grapes,Sangli,2026-06-01,50.46
grapes,Sangli,2026-06-02,51.65
grapes,Sangli,2026-06-03,50.03
grapes,Sangli,2026-06-04,49.87
grapes,Sangli,2026-06-05,49.55
grapes,Sangli,2026-06-06,50.0
grapes,Sangli,2026-06-07,51.09
grapes,Sangli,2026-06-08,50.88
grapes,Sangli,2026-06-09,52.26
grapes,Sangli,2026-06-10,53.56
grapes,Sangli,2026-06-11,52.3
grapes,Sangli,2026-06-12,52.35
grapes,Sangli,2026-06-13,54.68
grapes,Sangli,2026-06-14,52.7
grapes,Sangli,2026-06-15,55.3
grapes,Sangli,2026-06-16,55.28
grapes,Sangli,2026-06-17,53.01
grapes,Sangli,2026-06-18,52.47
grapes,Sangli,2026-06-19,53.52
grapes,Sangli,2026-06-20,53.05
grapes,Sangli,2026-06-21,53.5
grapes,Sangli,2026-06-22,51.42
grapes,Sangli,2026-06-23,52.7
grapes,Sangli,2026-06-24,52.32
grapes,Sangli,2026-06-25,50.64
grapes,Sangli,2026-06-26,50.36
grapes,Sangli,2026-06-27,52.51
grapes,Sangli,2026-06-28,51.27
grapes,Sangli,2026-06-29,53.48
grapes,Sangli,2026-06-30,53.03
grapes,Sangli,2026-07-01,51.91
grapes,Sangli,2026-07-02,53.32
grapes,Sangli,2026-07-03,54.78
grapes,Sangli,2026-07-04,53.91
grapes,Sangli,2026-07-05,54.08
grapes,Sangli,2026-07-06,53.51
grapes,Sangli,2026-07-07,55.23
grapes,Sangli,2026-07-08,55.62
grapes,Sangli,2026-07-09,55.52
grapes,Sangli,2026-07-10,54.17
grapes,Sangli,2026-07-11,54.11
grapes,Sangli,2026-07-12,53.58
grapes,Sangli,2026-07-13,53.85
grapes,Sangli,2026-07-14,51.71
grapes,Sangli,2026-07-15,52.45
grapes,Sangli,2026-07-16,52.31
grapes,Sangli,2026-07-17,51.32
grapes,Sangli,2026-07-18,52.13
grapes,Sangli,2026-07-19,52.13
grapes,Sangli,2026-07-20,52.23
grapes,Sangli,2026-07-21,53.86
grapes,Sangli,2026-07-22,55.0
grapes,Sangli,2026-07-23,54.25
grapes,Sangli,2026-07-24,54.84
grapes,Sangli,2026-07-25,55.98
grapes,Sangli,2026-07-26,55.4
grapes,Sangli,2026-07-27,54.7
grapes,Sangli,2026-07-28,55.57
grapes,Sangli,2026-07-29,55.44
grapes,Sangli,2026-07-30,55.04
grapes,Sangli,2026-07-31,55.63
grapes,Sangli,2026-08-01,53.45
grapes,Sangli,2026-08-02,54.07
grapes,Sangli,2026-08-03,54.66
grapes,Sangli,2026-08-04,52.29
grapes,Sangli,2026-08-05,52.34
grapes,Sangli,2026-08-06,52.32
grapes,Sangli,2026-08-07,53.89
grapes,Sangli,2026-08-08,53.91
grapes,Sangli,2026-08-09,53.89
grapes,Sangli,2026-08-10,52.98
grapes,Sangli,2026-08-11,53.35
grapes,Sangli,2026-08-12,54.64
grapes,Sangli,2026-08-13,55.23
grapes,Sangli,2026-08-14,56.22
grapes,Sangli,2026-08-15,55.9
grapes,Sangli,2026-08-16,57.05
grapes,Sangli,2026-08-17,55.49
grapes,Sangli,2026-08-18,57.17
grapes,Sangli,2026-08-19,54.91
grapes,Sangli,2026-08-20,54.86
grapes,Sangli,2026-08-21,55.26
grapes,Sangli,2026-08-22,54.06
grapes,Sangli,2026-08-23,53.36
grapes,Sangli,2026-08-24,55.17
grapes,Sangli,2026-08-25,55.11
grapes,Sangli,2026-08-26,52.72
grapes,Sangli,2026-08-27,54.33
grapes,Sangli,2026-08-28,53.04
grapes,Sangli,2026-08-29,55.04
grapes,Sangli,2026-08-30,54.45
grapes,Sangli,2026-08-31,55.42
grapes,Sangli,2026-09-01,53.77
grapes,Sangli,2026-09-02,56.47
grapes,Sangli,2026-09-03,56.3
grapes,Sangli,2026-09-04,57.54
grapes,Sangli,2026-09-05,58.01
grapes,Sangli,2026-09-06,56.06
grapes,Sangli,2026-09-07,56.32
grapes,Ahmednagar,2026-04-11,52.79
grapes,Ahmednagar,2026-04-12,51.75
grapes,Ahmednagar,2026-04-13,51.75
grapes,Ahmednagar,2026-04-14,51.54
grapes,Ahmednagar,2026-04-15,51.85
grapes,Ahmednagar,2026-04-16,49.64
grapes,Ahmednagar,2026-04-17,49.46
grapes,Ahmednagar,2026-04-18,49.0
grapes,Ahmednagar,2026-04-19,50.96
grapes,Ahmednagar,2026-04-20,49.52
grapes,Ahmednagar,2026-04-21,49.71
grapes,Ahmednagar,2026-04-22,49.86
grapes,Ahmednagar,2026-04-23,49.35
grapes,Ahmednagar,2026-04-24,50.48
grapes,Ahmednagar,2026-04-25,51.63
grapes,Ahmednagar,2026-04-26,51.12
grapes,Ahmednagar,2026-04-27,52.97
grapes,Ahmednagar,2026-04-28,51.73
grapes,Ahmednagar,2026-04-29,52.93
grapes,Ahmednagar,2026-04-30,53.36
grapes,Ahmednagar,2026-05-01,54.48
grapes,Ahmednagar,2026-05-02,52.26
grapes,Ahmednagar,2026-05-03,52.23
grapes,Ahmednagar,2026-05-04,52.85
grapes,Ahmednagar,2026-05-05,53.56
grapes,Ahmednagar,2026-05-06,52.57
grapes,Ahmednagar,2026-05-07,50.32
grapes,Ahmednagar,2026-05-08,51.86
grapes,Ahmednagar,2026-05-09,51.53
grapes,Ahmednagar,2026-05-10,51.83
grapes,Ahmednagar,2026-05-11,49.86
grapes,Ahmednagar,2026-05-12,49.95
grapes,Ahmednagar,2026-05-13,49.7
grapes,Ahmednagar,2026-05-14,51.92
grapes,Ahmednagar,2026-05-15,51.5
grapes,Ahmednagar,2026-05-16,51.55
grapes,Ahmednagar,2026-05-17,51.85
grapes,Ahmednagar,2026-05-18,52.23
grapes,Ahmednagar,2026-05-19,52.99
grapes,Ahmednagar,2026-05-20,52.78
grapes,Ahmednagar,2026-05-21,55.1
grapes,Ahmednagar,2026-05-22,54.01
grapes,Ahmednagar,2026-05-23,53.84
grapes,Ahmednagar,2026-05-24,53.07
grapes,Ahmednagar,2026-05-25,54.57
grapes,Ahmednagar,2026-05-26,52.28
grapes,Ahmednagar,2026-05-27,51.51
grapes,Ahmednagar,2026-05-28,53.3
grapes,Ahmednagar,2026-05-29,51.7
grapes,Ahmednagar,2026-05-30,52.8
grapes,Ahmednagar,2026-05-31,50.9
grapes,Ahmednagar,2026-06-01,50.61
grapes,Ahmednagar,2026-06-02,52.62
grapes,Ahmednagar,2026-06-03,51.67
grapes,Ahmednagar,2026-06-04,52.17
grapes,Ahmednagar,2026-06-05,53.26
grapes,Ahmednagar,2026-06-06,54.25
grapes,Ahmednagar,2026-06-07,53.36
grapes,Ahmednagar,2026-06-08,55.13
grapes,Ahmednagar,2026-06-09,54.63
grapes,Ahmednagar,2026-06-10,55.64
grapes,Ahmednagar,2026-06-11,55.11
grapes,Ahmednagar,2026-06-12,56.08
grapes,Ahmednagar,2026-06-13,54.08
grapes,Ahmednagar,2026-06-14,55.29
grapes,Ahmednagar,2026-06-15,54.57
grapes,Ahmednagar,2026-06-16,52.99
grapes,Ahmednagar,2026-06-17,53.95
grapes,Ahmednagar,2026-06-18,53.94
grapes,Ahmednagar,2026-06-19,53.32
grapes,Ahmednagar,2026-06-20,53.26
grapes,Ahmednagar,2026-06-21,52.84
grapes,Ahmednagar,2026-06-22,50.92
grapes,Ahmednagar,2026-06-23,53.32
grapes,Ahmednagar,2026-06-24,53.67
grapes,Ahmednagar,2026-06-25,52.89
grapes,Ahmednagar,2026-06-26,52.85
grapes,Ahmednagar,2026-06-27,54.63
grapes,Ahmednagar,2026-06-28,54.84
grapes,Ahmednagar,2026-06-29,54.21
grapes,Ahmednagar,2026-06-30,55.9
grapes,Ahmednagar,2026-07-01,56.96
grapes,Ahmednagar,2026-07-02,57.04
grapes,Ahmednagar,2026-07-03,56.85
grapes,Ahmednagar,2026-07-04,56.13
grapes,Ahmednagar,2026-07-05,55.92
grapes,Ahmednagar,2026-07-06,55.41
grapes,Ahmednagar,2026-07-07,53.52
grapes,Ahmednagar,2026-07-08,55.01
grapes,Ahmednagar,2026-07-09,53.06
grapes,Ahmednagar,2026-07-10,54.04
grapes,Ahmednagar,2026-07-11,53.95
grapes,Ahmednagar,2026-07-12,53.3
grapes,Ahmednagar,2026-07-13,52.24
grapes,Ahmednagar,2026-07-14,52.32
grapes,Ahmednagar,2026-07-15,52.51
grapes,Ahmednagar,2026-07-16,54.18
grapes,Ahmednagar,2026-07-17,55.39
grapes,Ahmednagar,2026-07-18,54.32
grapes,Ahmednagar,2026-07-19,54.83
grapes,Ahmednagar,2026-07-20,55.15
grapes,Ahmednagar,2026-07-21,55.59
grapes,Ahmednagar,2026-07-22,57.36
grapes,Ahmednagar,2026-07-23,55.59
grapes,Ahmednagar,2026-07-24,56.7
grapes,Ahmednagar,2026-07-25,58.02
grapes,Ahmednagar,2026-07-26,56.14
grapes,Ahmednagar,2026-07-27,55.62
grapes,Ahmednagar,2026-07-28,56.53
grapes,Ahmednagar,2026-07-29,54.97
grapes,Ahmednagar,2026-07-30,56.02
grapes,Ahmednagar,2026-07-31,53.88
grapes,Ahmednagar,2026-08-01,55.18
grapes,Ahmednagar,2026-08-02,53.73
grapes,Ahmednagar,2026-08-03,53.45
grapes,Ahmednagar,2026-08-04,54.04
grapes,Ahmednagar,2026-08-05,53.23
grapes,Ahmednagar,2026-08-06,54.34
grapes,Ahmednagar,2026-08-07,54.39
grapes,Ahmednagar,2026-08-08,55.94
grapes,Ahmednagar,2026-08-09,56.54
grapes,Ahmednagar,2026-08-10,56.92
grapes,Ahmednagar,2026-08-11,57.55
grapes,Ahmednagar,2026-08-12,58.56
grapes,Ahmednagar,2026-08-13,58.67
grapes,Ahmednagar,2026-08-14,56.4
grapes,Ahmednagar,2026-08-15,56.27
grapes,Ahmednagar,2026-08-16,58.19
grapes,Ahmednagar,2026-08-17,55.71
grapes,Ahmednagar,2026-08-18,55.09
grapes,Ahmednagar,2026-08-19,57.21
grapes,Ahmednagar,2026-08-20,54.44
grapes,Ahmednagar,2026-08-21,55.83
grapes,Ahmednagar,2026-08-22,55.17
grapes,Ahmednagar,2026-08-23,54.77
grapes,Ahmednagar,2026-08-24,54.96
grapes,Ahmednagar,2026-08-25,54.71
grapes,Ahmednagar,2026-08-26,55.79
grapes,Ahmednagar,2026-08-27,55.79
grapes,Ahmednagar,2026-08-28,56.78
grapes,Ahmednagar,2026-08-29,55.51
grapes,Ahmednagar,2026-08-30,57.66
grapes,Ahmednagar,2026-08-31,57.53
grapes,Ahmednagar,2026-09-01,56.71
grapes,Ahmednagar,2026-09-02,59.2
grapes,Ahmednagar,2026-09-03,59.67
grapes,Ahmednagar,2026-09-04,57.97
grapes,Ahmednagar,2026-09-05,59.17
grapes,Ahmednagar,2026-09-06,57.97
grapes,Ahmednagar,2026-09-07,58.9
pomegranate,Nashik,2026-04-11,85.12
pomegranate,Nashik,2026-04-12,84.55
pomegranate,Nashik,2026-04-13,84.84
pomegranate,Nashik,2026-04-14,81.14
pomegranate,Nashik,2026-04-15,80.59
pomegranate,Nashik,2026-04-16,83.14
pomegranate,Nashik,2026-04-17,80.4
pomegranate,Nashik,2026-04-18,80.22
pomegranate,Nashik,2026-04-19,80.62
pomegranate,Nashik,2026-04-20,78.88
pomegranate,Nashik,2026-04-21,79.82
pomegranate,Nashik,2026-04-22,78.85
pomegranate,Nashik,2026-04-23,80.83
pomegranate,Nashik,2026-04-24,82.59
pomegranate,Nashik,2026-04-25,84.48
pomegranate,Nashik,2026-04-26,83.73
pomegranate,Nashik,2026-04-27,82.49
pomegranate,Nashik,2026-04-28,84.65
pomegranate,Nashik,2026-04-29,83.64
pomegranate,Nashik,2026-04-30,83.94
pomegranate,Nashik,2026-05-01,83.61
pomegranate,Nashik,2026-05-02,85.37
pomegranate,Nashik,2026-05-03,84.2
pomegranate,Nashik,2026-05-04,84.58
pomegranate,Nashik,2026-05-05,84.18
pomegranate,Nashik,2026-05-06,82.75
pomegranate,Nashik,2026-05-07,81.12
pomegranate,Nashik,2026-05-08,82.31
pomegranate,Nashik,2026-05-09,81.05
pomegranate,Nashik,2026-05-10,80.19
pomegranate,Nashik,2026-05-11,80.88
pomegranate,Nashik,2026-05-12,81.17
pomegranate,Nashik,2026-05-13,81.14
pomegranate,Nashik,2026-05-14,82.14
pomegranate,Nashik,2026-05-15,82.55
pomegranate,Nashik,2026-05-16,81.99
pomegranate,Nashik,2026-05-17,84.19
pomegranate,Nashik,2026-05-18,87.28
pomegranate,Nashik,2026-05-19,84.8
pomegranate,Nashik,2026-05-20,85.27
pomegranate,Nashik,2026-05-21,85.51
pomegranate,Nashik,2026-05-22,86.01
pomegranate,Nashik,2026-05-23,87.31
pomegranate,Nashik,2026-05-24,86.57
pomegranate,Nashik,2026-05-25,84.29
pomegranate,Nashik,2026-05-26,83.41
pomegranate,Nashik,2026-05-27,83.58
pomegranate,Nashik,2026-05-28,82.32
pomegranate,Nashik,2026-05-29,81.75
pomegranate,Nashik,2026-05-30,84.52
pomegranate,Nashik,2026-05-31,82.91
pomegranate,Nashik,2026-06-01,81.45
pomegranate,Nashik,2026-06-02,82.82
pomegranate,Nashik,2026-06-03,82.13
pomegranate,Nashik,2026-06-04,85.23
pomegranate,Nashik,2026-06-05,85.18
pomegranate,Nashik,2026-06-06,84.73
pomegranate,Nashik,2026-06-07,85.5
pomegranate,Nashik,2026-06-08,85.53
pomegranate,Nashik,2026-06-09,88.83
pomegranate,Nashik,2026-06-10,88.76
pomegranate,Nashik,2026-06-11,88.2
pomegranate,Nashik,2026-06-12,86.84
pomegranate,Nashik,2026-06-13,86.84
pomegranate,Nashik,2026-06-14,88.39
pomegranate,Nashik,2026-06-15,88.16
pomegranate,Nashik,2026-06-16,85.69
pomegranate,Nashik,2026-06-17,83.77
pomegranate,Nashik,2026-06-18,83.87
pomegranate,Nashik,2026-06-19,86.32
pomegranate,Nashik,2026-06-20,84.63
pomegranate,Nashik,2026-06-21,84.83
pomegranate,Nashik,2026-06-22,85.24
pomegranate,Nashik,2026-06-23,84.71
pomegranate,Nashik,2026-06-24,82.91
pomegranate,Nashik,2026-06-25,85.64
pomegranate,Nashik,2026-06-26,84.17
pomegranate,Nashik,2026-06-27,85.68
pomegranate,Nashik,2026-06-28,87.05
pomegranate,Nashik,2026-06-29,90.06
pomegranate,Nashik,2026-06-30,89.44
pomegranate,Nashik,2026-07-01,88.9
pomegranate,Nashik,2026-07-02,87.38
pomegranate,Nashik,2026-07-03,91.73
pomegranate,Nashik,2026-07-04,91.15
pomegranate,Nashik,2026-07-05,87.62
pomegranate,Nashik,2026-07-06,89.7
pomegranate,Nashik,2026-07-07,85.73
pomegranate,Nashik,2026-07-08,86.53
pomegranate,Nashik,2026-07-09,86.35
pomegranate,Nashik,2026-07-10,83.7
pomegranate,Nashik,2026-07-11,86.95
pomegranate,Nashik,2026-07-12,84.95
pomegranate,Nashik,2026-07-13,83.06
pomegranate,Nashik,2026-07-14,83.09
pomegranate,Nashik,2026-07-15,86.3
pomegranate,Nashik,2026-07-16,85.21
pomegranate,Nashik,2026-07-17,85.67
pomegranate,Nashik,2026-07-18,87.68
pomegranate,Nashik,2026-07-19,89.65
pomegranate,Nashik,2026-07-20,90.55
pomegranate,Nashik,2026-07-21,88.2
pomegranate,Nashik,2026-07-22,91.9
pomegranate,Nashik,2026-07-23,90.08
pomegranate,Nashik,2026-07-24,90.87
pomegranate,Nashik,2026-07-25,90.08
pomegranate,Nashik,2026-07-26,90.59
pomegranate,Nashik,2026-07-27,90.57
pomegranate,Nashik,2026-07-28,88.07
pomegranate,Nashik,2026-07-29,88.25
pomegranate,Nashik,2026-07-30,89.16
pomegranate,Nashik,2026-07-31,86.22
pomegranate,Nashik,2026-08-01,85.87
pomegranate,Nashik,2026-08-02,86.37
pomegranate,Nashik,2026-08-03,86.93
pomegranate,Nashik,2026-08-04,87.96
pomegranate,Nashik,2026-08-05,88.26
pomegranate,Nashik,2026-08-06,87.29
pomegranate,Nashik,2026-08-07,87.09
pomegranate,Nashik,2026-08-08,89.02
pomegranate,Nashik,2026-08-09,90.42
pomegranate,Nashik,2026-08-10,89.01
pomegranate,Nashik,2026-08-11,90.89
pomegranate,Nashik,2026-08-12,90.54
pomegranate,Nashik,2026-08-13,94.41
pomegranate,Nashik,2026-08-14,91.56
pomegranate,Nashik,2026-08-15,89.9
pomegranate,Nashik,2026-08-16,92.03
pomegranate,Nashik,2026-08-17,92.02
pomegranate,Nashik,2026-08-18,90.13
pomegranate,Nashik,2026-08-19,88.39
pomegranate,Nashik,2026-08-20,87.15
pomegranate,Nashik,2026-08-21,90.19
pomegranate,Nashik,2026-08-22,87.3
pomegranate,Nashik,2026-08-23,85.81
pomegranate,Nashik,2026-08-24,86.46
pomegranate,Nashik,2026-08-25,88.17
pomegranate,Nashik,2026-08-26,88.21
pomegranate,Nashik,2026-08-27,90.43
pomegranate,Nashik,2026-08-28,91.53
pomegranate,Nashik,2026-08-29,91.9
pomegranate,Nashik,2026-08-30,89.59
pomegranate,Nashik,2026-08-31,93.77
pomegranate,Nashik,2026-09-01,91.89
pomegranate,Nashik,2026-09-02,92.34
pomegranate,Nashik,2026-09-03,93.86
pomegranate,Nashik,2026-09-04,95.6
pomegranate,Nashik,2026-09-05,92.31
pomegranate,Nashik,2026-09-06,91.54
pomegranate,Nashik,2026-09-07,92.78
pomegranate,Pune,2026-04-11,86.67
pomegranate,Pune,2026-04-12,86.16
pomegranate,Pune,2026-04-13,84.1
pomegranate,Pune,2026-04-14,80.97
pomegranate,Pune,2026-04-15,82.17
pomegranate,Pune,2026-04-16,81.06
pomegranate,Pune,2026-04-17,83.89
pomegranate,Pune,2026-04-18,80.71
pomegranate,Pune,2026-04-19,81.75
pomegranate,Pune,2026-04-20,84.92
pomegranate,Pune,2026-04-21,83.63
pomegranate,Pune,2026-04-22,86.26
pomegranate,Pune,2026-04-23,87.75
pomegranate,Pune,2026-04-24,84.83
pomegranate,Pune,2026-04-25,87.32
pomegranate,Pune,2026-04-26,89.13
pomegranate,Pune,2026-04-27,88.29
pomegranate,Pune,2026-04-28,88.5
pomegranate,Pune,2026-04-29,89.26
pomegranate,Pune,2026-04-30,88.72
pomegranate,Pune,2026-05-01,86.13
pomegranate,Pune,2026-05-02,84.28
pomegranate,Pune,2026-05-03,85.07
pomegranate,Pune,2026-05-04,85.77
pomegranate,Pune,2026-05-05,85.99
pomegranate,Pune,2026-05-06,85.39
pomegranate,Pune,2026-05-07,83.47
pomegranate,Pune,2026-05-08,82.02
pomegranate,Pune,2026-05-09,84.74
pomegranate,Pune,2026-05-10,82.59
pomegranate,Pune,2026-05-11,84.87
pomegranate,Pune,2026-05-12,84.47
pomegranate,Pune,2026-05-13,85.82
pomegranate,Pune,2026-05-14,87.2
pomegranate,Pune,2026-05-15,89.3
pomegranate,Pune,2026-05-16,90.35
pomegranate,Pune,2026-05-17,87.92
pomegranate,Pune,2026-05-18,91.29
pomegranate,Pune,2026-05-19,87.24
pomegranate,Pune,2026-05-20,90.39
pomegranate,Pune,2026-05-21,87.36
pomegranate,Pune,2026-05-22,88.6
pomegranate,Pune,2026-05-23,86.91
pomegranate,Pune,2026-05-24,87.52
pomegranate,Pune,2026-05-25,83.97
pomegranate,Pune,2026-05-26,85.39
pomegranate,Pune,2026-05-27,84.56
pomegranate,Pune,2026-05-28,84.3
pomegranate,Pune,2026-05-29,83.24
pomegranate,Pune,2026-05-30,85.93
pomegranate,Pune,2026-05-31,85.74
pomegranate,Pune,2026-06-01,84.51
pomegranate,Pune,2026-06-02,85.28
pomegranate,Pune,2026-06-03,88.29
pomegranate,Pune,2026-06-04,90.4
pomegranate,Pune,2026-06-05,88.72
pomegranate,Pune,2026-06-06,89.31
pomegranate,Pune,2026-06-07,92.36
pomegranate,Pune,2026-06-08,89.52
pomegranate,Pune,2026-06-09,88.85
pomegranate,Pune,2026-06-10,88.26
pomegranate,Pune,2026-06-11,89.65
pomegranate,Pune,2026-06-12,90.58
pomegranate,Pune,2026-06-13,90.12
pomegranate,Pune,2026-06-14,88.18
pomegranate,Pune,2026-06-15,85.35
pomegranate,Pune,2026-06-16,88.05
pomegranate,Pune,2026-06-17,87.93
pomegranate,Pune,2026-06-18,85.02
pomegranate,Pune,2026-06-19,84.19
pomegranate,Pune,2026-06-20,84.43
pomegranate,Pune,2026-06-21,86.54
pomegranate,Pune,2026-06-22,86.5
pomegranate,Pune,2026-06-23,87.42
pomegranate,Pune,2026-06-24,89.54
pomegranate,Pune,2026-06-25,91.69
pomegranate,Pune,2026-06-26,92.97
pomegranate,Pune,2026-06-27,89.67
pomegranate,Pune,2026-06-28,91.35
pomegranate,Pune,2026-06-29,92.78
pomegranate,Pune,2026-06-30,92.77
pomegranate,Pune,2026-07-01,89.87
pomegranate,Pune,2026-07-02,93.38
pomegranate,Pune,2026-07-03,89.44
pomegranate,Pune,2026-07-04,90.99
pomegranate,Pune,2026-07-05,90.73
pomegranate,Pune,2026-07-06,90.38
pomegranate,Pune,2026-07-07,89.6
pomegranate,Pune,2026-07-08,87.34
pomegranate,Pune,2026-07-09,86.5
pomegranate,Pune,2026-07-10,86.79
pomegranate,Pune,2026-07-11,87.84
pomegranate,Pune,2026-07-12,89.71
pomegranate,Pune,2026-07-13,87.6
pomegranate,Pune,2026-07-14,91.29
pomegranate,Pune,2026-07-15,89.57
pomegranate,Pune,2026-07-16,91.44
pomegranate,Pune,2026-07-17,90.22
pomegranate,Pune,2026-07-18,91.98
pomegranate,Pune,2026-07-19,92.74
pomegranate,Pune,2026-07-20,95.5
pomegranate,Pune,2026-07-21,93.33
pomegranate,Pune,2026-07-22,91.19
pomegranate,Pune,2026-07-23,94.62
pomegranate,Pune,2026-07-24,93.67
pomegranate,Pune,2026-07-25,91.47
pomegranate,Pune,2026-07-26,89.74
pomegranate,Pune,2026-07-27,90.15
pomegranate,Pune,2026-07-28,87.62
pomegranate,Pune,2026-07-29,89.86
pomegranate,Pune,2026-07-30,89.9
pomegranate,Pune,2026-07-31,86.58
pomegranate,Pune,2026-08-01,87.71
pomegranate,Pune,2026-08-02,89.09
pomegranate,Pune,2026-08-03,91.21
pomegranate,Pune,2026-08-04,92.88
pomegranate,Pune,2026-08-05,89.5
pomegranate,Pune,2026-08-06,94.13
pomegranate,Pune,2026-08-07,92.3
pomegranate,Pune,2026-08-08,94.45
pomegranate,Pune,2026-08-09,93.56
pomegranate,Pune,2026-08-10,96.94
pomegranate,Pune,2026-08-11,92.65
pomegranate,Pune,2026-08-12,96.17
pomegranate,Pune,2026-08-13,93.49
pomegranate,Pune,2026-08-14,91.17
pomegranate,Pune,2026-08-15,92.15
pomegranate,Pune,2026-08-16,91.67
pomegranate,Pune,2026-08-17,89.94
pomegranate,Pune,2026-08-18,90.04
pomegranate,Pune,2026-08-19,90.85
pomegranate,Pune,2026-08-20,90.04
pomegranate,Pune,2026-08-21,90.62
pomegranate,Pune,2026-08-22,88.04
pomegranate,Pune,2026-08-23,91.83
pomegranate,Pune,2026-08-24,93.3
pomegranate,Pune,2026-08-25,94.01
pomegranate,Pune,2026-08-26,94.19
pomegranate,Pune,2026-08-27,93.12
pomegranate,Pune,2026-08-28,96.25
pomegranate,Pune,2026-08-29,94.24
pomegranate,Pune,2026-08-30,97.06
pomegranate,Pune,2026-08-31,94.73
pomegranate,Pune,2026-09-01,93.81
pomegranate,Pune,2026-09-02,96.92
pomegranate,Pune,2026-09-03,95.95
pomegranate,Pune,2026-09-04,96.47
pomegranate,Pune,2026-09-05,95.33
pomegranate,Pune,2026-09-06,95.22
pomegranate,Pune,2026-09-07,93.66
pomegranate,Satara,2026-04-11,78.76
pomegranate,Satara,2026-04-12,78.02
pomegranate,Satara,2026-04-13,78.49
pomegranate,Satara,2026-04-14,78.01
pomegranate,Satara,2026-04-15,76.48
pomegranate,Satara,2026-04-16,77.48
pomegranate,Satara,2026-04-17,76.08
pomegranate,Satara,2026-04-18,78.25
pomegranate,Satara,2026-04-19,76.54
pomegranate,Satara,2026-04-20,78.79
pomegranate,Satara,2026-04-21,80.32
pomegranate,Satara,2026-04-22,79.06
pomegranate,Satara,2026-04-23,80.71
pomegranate,Satara,2026-04-24,81.64
pomegranate,Satara,2026-04-25,82.71
pomegranate,Satara,2026-04-26,83.54
pomegranate,Satara,2026-04-27,80.98
pomegranate,Satara,2026-04-28,83.67
pomegranate,Satara,2026-04-29,83.15
pomegranate,Satara,2026-04-30,82.82
pomegranate,Satara,2026-05-01,80.66
pomegranate,Satara,2026-05-02,80.5
pomegranate,Satara,2026-05-03,80.57
pomegranate,Satara,2026-05-04,81.63
pomegranate,Satara,2026-05-05,80.78
pomegranate,Satara,2026-05-06,80.23
pomegranate,Satara,2026-05-07,80.16
pomegranate,Satara,2026-05-08,79.36
pomegranate,Satara,2026-05-09,78.88
pomegranate,Satara,2026-05-10,79.86
pomegranate,Satara,2026-05-11,80.33
pomegranate,Satara,2026-05-12,80.83
pomegranate,Satara,2026-05-13,80.6
pomegranate,Satara,2026-05-14,81.06
pomegranate,Satara,2026-05-15,84.85
pomegranate,Satara,2026-05-16,85.17
pomegranate,Satara,2026-05-17,85.04
pomegranate,Satara,2026-05-18,83.82
pomegranate,Satara,2026-05-19,83.93
pomegranate,Satara,2026-05-20,82.88
pomegranate,Satara,2026-05-21,83.23
pomegranate,Satara,2026-05-22,81.65
pomegranate,Satara,2026-05-23,84.23
pomegranate,Satara,2026-05-24,82.33
pomegranate,Satara,2026-05-25,80.41
pomegranate,Satara,2026-05-26,80.08
pomegranate,Satara,2026-05-27,78.6
pomegranate,Satara,2026-05-28,81.41
pomegranate,Satara,2026-05-29,81.25
pomegranate,Satara,2026-05-30,81.57
pomegranate,Satara,2026-05-31,80.95
pomegranate,Satara,2026-06-01,81.91
pomegranate,Satara,2026-06-02,79.95
pomegranate,Satara,2026-06-03,81.71
pomegranate,Satara,2026-06-04,82.27
pomegranate,Satara,2026-06-05,85.65
pomegranate,Satara,2026-06-06,84.39
pomegranate,Satara,2026-06-07,85.47
pomegranate,Satara,2026-06-08,84.67
pomegranate,Satara,2026-06-09,86.17
pomegranate,Satara,2026-06-10,84.83
pomegranate,Satara,2026-06-11,86.11
pomegranate,Satara,2026-06-12,83.92
pomegranate,Satara,2026-06-13,82.58
pomegranate,Satara,2026-06-14,81.05
pomegranate,Satara,2026-06-15,82.19
pomegranate,Satara,2026-06-16,80.54
pomegranate,Satara,2026-06-17,81.84
pomegranate,Satara,2026-06-18,79.23
pomegranate,Satara,2026-06-19,80.87
pomegranate,Satara,2026-06-20,80.18
pomegranate,Satara,2026-06-21,83.28
pomegranate,Satara,2026-06-22,82.51
pomegranate,Satara,2026-06-23,84.26
pomegranate,Satara,2026-06-24,82.26
pomegranate,Satara,2026-06-25,86.68
pomegranate,Satara,2026-06-26,85.9
pomegranate,Satara,2026-06-27,84.44
pomegranate,Satara,2026-06-28,86.64
pomegranate,Satara,2026-06-29,88.64
pomegranate,Satara,2026-06-30,84.61
pomegranate,Satara,2026-07-01,85.94
pomegranate,Satara,2026-07-02,87.26
pomegranate,Satara,2026-07-03,84.77
pomegranate,Satara,2026-07-04,84.19
pomegranate,Satara,2026-07-05,85.24
pomegranate,Satara,2026-07-06,81.64
pomegranate,Satara,2026-07-07,81.03
pomegranate,Satara,2026-07-08,81.29
pomegranate,Satara,2026-07-09,82.42
pomegranate,Satara,2026-07-10,84.27
pomegranate,Satara,2026-07-11,83.9
pomegranate,Satara,2026-07-12,82.52
pomegranate,Satara,2026-07-13,84.48
pomegranate,Satara,2026-07-14,83.43
pomegranate,Satara,2026-07-15,83.69
pomegranate,Satara,2026-07-16,85.4
pomegranate,Satara,2026-07-17,86.31
pomegranate,Satara,2026-07-18,87.53
pomegranate,Satara,2026-07-19,86.63
pomegranate,Satara,2026-07-20,85.82
pomegranate,Satara,2026-07-21,89.47
pomegranate,Satara,2026-07-22,88.85
pomegranate,Satara,2026-07-23,87.42
pomegranate,Satara,2026-07-24,86.74
pomegranate,Satara,2026-07-25,87.31
pomegranate,Satara,2026-07-26,83.39
pomegranate,Satara,2026-07-27,83.76
pomegranate,Satara,2026-07-28,82.1
pomegranate,Satara,2026-07-29,84.23
pomegranate,Satara,2026-07-30,84.25
pomegranate,Satara,2026-07-31,81.53
pomegranate,Satara,2026-08-01,84.75
pomegranate,Satara,2026-08-02,85.47
pomegranate,Satara,2026-08-03,84.26
pomegranate,Satara,2026-08-04,85.11
pomegranate,Satara,2026-08-05,87.73
pomegranate,Satara,2026-08-06,88.82
pomegranate,Satara,2026-08-07,89.52
pomegranate,Satara,2026-08-08,86.68
pomegranate,Satara,2026-08-09,89.02
pomegranate,Satara,2026-08-10,90.13
pomegranate,Satara,2026-08-11,90.26
pomegranate,Satara,2026-08-12,86.85
pomegranate,Satara,2026-08-13,89.64
pomegranate,Satara,2026-08-14,88.16
pomegranate,Satara,2026-08-15,89.12
pomegranate,Satara,2026-08-16,84.82
pomegranate,Satara,2026-08-17,86.27
pomegranate,Satara,2026-08-18,84.84
pomegranate,Satara,2026-08-19,86.29
pomegranate,Satara,2026-08-20,86.18
pomegranate,Satara,2026-08-21,85.87
pomegranate,Satara,2026-08-22,84.58
pomegranate,Satara,2026-08-23,86.39
pomegranate,Satara,2026-08-24,85.14
pomegranate,Satara,2026-08-25,86.58
pomegranate,Satara,2026-08-26,85.83
pomegranate,Satara,2026-08-27,90.5
pomegranate,Satara,2026-08-28,89.52
pomegranate,Satara,2026-08-29,89.26
pomegranate,Satara,2026-08-30,89.94
pomegranate,Satara,2026-08-31,89.23
pomegranate,Satara,2026-09-01,90.06
pomegranate,Satara,2026-09-02,89.25
pomegranate,Satara,2026-09-03,88.85
pomegranate,Satara,2026-09-04,90.13
pomegranate,Satara,2026-09-05,88.56
pomegranate,Satara,2026-09-06,87.28
pomegranate,Satara,2026-09-07,89.25
pomegranate,Sangli,2026-04-11,81.05
pomegranate,Sangli,2026-04-12,79.66
pomegranate,Sangli,2026-04-13,81.48
pomegranate,Sangli,2026-04-14,83.14
pomegranate,Sangli,2026-04-15,80.6
pomegranate,Sangli,2026-04-16,81.02
pomegranate,Sangli,2026-04-17,80.6
pomegranate,Sangli,2026-04-18,78.4
pomegranate,Sangli,2026-04-19,77.97
pomegranate,Sangli,2026-04-20,79.82
pomegranate,Sangli,2026-04-21,77.71
pomegranate,Sangli,2026-04-22,78.12
pomegranate,Sangli,2026-04-23,76.16
pomegranate,Sangli,2026-04-24,77.18
pomegranate,Sangli,2026-04-25,76.29
pomegranate,Sangli,2026-04-26,76.79
pomegranate,Sangli,2026-04-27,77.57
pomegranate,Sangli,2026-04-28,80.91
pomegranate,Sangli,2026-04-29,80.08
pomegranate,Sangli,2026-04-30,81.29
pomegranate,Sangli,2026-05-01,81.32
pomegranate,Sangli,2026-05-02,81.82
pomegranate,Sangli,2026-05-03,81.58
pomegranate,Sangli,2026-05-04,82.72
pomegranate,Sangli,2026-05-05,83.04
pomegranate,Sangli,2026-05-06,83.77
pomegranate,Sangli,2026-05-07,80.95
pomegranate,Sangli,2026-05-08,79.5
pomegranate,Sangli,2026-05-09,79.89
pomegranate,Sangli,2026-05-10,81.4
pomegranate,Sangli,2026-05-11,77.84
pomegranate,Sangli,2026-05-12,78.61
pomegranate,Sangli,2026-05-13,77.73
pomegranate,Sangli,2026-05-14,79.81
pomegranate,Sangli,2026-05-15,77.08
pomegranate,Sangli,2026-05-16,78.04
pomegranate,Sangli,2026-05-17,77.74
pomegranate,Sangli,2026-05-18,79.9
pomegranate,Sangli,2026-05-19,81.46
pomegranate,Sangli,2026-05-20,80.98
pomegranate,Sangli,2026-05-21,82.47
pomegranate,Sangli,2026-05-22,83.05
pomegranate,Sangli,2026-05-23,84.01
pomegranate,Sangli,2026-05-24,84.53
pomegranate,Sangli,2026-05-25,83.6
pomegranate,Sangli,2026-05-26,82.57
pomegranate,Sangli,2026-05-27,84.3
pomegranate,Sangli,2026-05-28,83.33
pomegranate,Sangli,2026-05-29,82.26
pomegranate,Sangli,2026-05-30,81.27
pomegranate,Sangli,2026-05-31,79.15
pomegranate,Sangli,2026-06-01,82.12
pomegranate,Sangli,2026-06-02,78.83
pomegranate,Sangli,2026-06-03,81.28
pomegranate,Sangli,2026-06-04,81.11
pomegranate,Sangli,2026-06-05,77.93
pomegranate,Sangli,2026-06-06,79.49
pomegranate,Sangli,2026-06-07,79.34
pomegranate,Sangli,2026-06-08,81.22
pomegranate,Sangli,2026-06-09,82.04
pomegranate,Sangli,2026-06-10,81.07
pomegranate,Sangli,2026-06-11,81.83
pomegranate,Sangli,2026-06-12,83.07
pomegranate,Sangli,2026-06-13,84.86
pomegranate,Sangli,2026-06-14,85.65
pomegranate,Sangli,2026-06-15,85.07
pomegranate,Sangli,2026-06-16,86.81
pomegranate,Sangli,2026-06-17,84.9
pomegranate,Sangli,2026-06-18,82.64
pomegranate,Sangli,2026-06-19,84.25
pomegranate,Sangli,2026-06-20,84.09
pomegranate,Sangli,2026-06-21,80.38
pomegranate,Sangli,2026-06-22,79.92
pomegranate,Sangli,2026-06-23,82.27
pomegranate,Sangli,2026-06-24,79.29
pomegranate,Sangli,2026-06-25,79.98
pomegranate,Sangli,2026-06-26,80.25
pomegranate,Sangli,2026-06-27,80.81
pomegranate,Sangli,2026-06-28,82.11
pomegranate,Sangli,2026-06-29,80.88
pomegranate,Sangli,2026-06-30,81.51
pomegranate,Sangli,2026-07-01,82.87
pomegranate,Sangli,2026-07-02,83.12
pomegranate,Sangli,2026-07-03,86.67
pomegranate,Sangli,2026-07-04,85.43
pomegranate,Sangli,2026-07-05,87.03
pomegranate,Sangli,2026-07-06,84.73
pomegranate,Sangli,2026-07-07,86.38
pomegranate,Sangli,2026-07-08,87.04
pomegranate,Sangli,2026-07-09,83.28
pomegranate,Sangli,2026-07-10,83.35
pomegranate,Sangli,2026-07-11,82.43
pomegranate,Sangli,2026-07-12,83.63
pomegranate,Sangli,2026-07-13,82.35
pomegranate,Sangli,2026-07-14,81.09
pomegranate,Sangli,2026-07-15,81.81
pomegranate,Sangli,2026-07-16,81.27
pomegranate,Sangli,2026-07-17,81.7
pomegranate,Sangli,2026-07-18,81.1
pomegranate,Sangli,2026-07-19,84.37
pomegranate,Sangli,2026-07-20,82.84
pomegranate,Sangli,2026-07-21,83.32
pomegranate,Sangli,2026-07-22,86.74
pomegranate,Sangli,2026-07-23,85.26
pomegranate,Sangli,2026-07-24,85.64
pomegranate,Sangli,2026-07-25,86.01
pomegranate,Sangli,2026-07-26,88.08
pomegranate,Sangli,2026-07-27,89.1
pomegranate,Sangli,2026-07-28,87.82
pomegranate,Sangli,2026-07-29,87.26
pomegranate,Sangli,2026-07-30,85.97
pomegranate,Sangli,2026-07-31,86.75
pomegranate,Sangli,2026-08-01,87.34
pomegranate,Sangli,2026-08-02,82.63
pomegranate,Sangli,2026-08-03,85.61
pomegranate,Sangli,2026-08-04,82.12
pomegranate,Sangli,2026-08-05,82.01
pomegranate,Sangli,2026-08-06,82.39
pomegranate,Sangli,2026-08-07,83.04
pomegranate,Sangli,2026-08-08,81.26
pomegranate,Sangli,2026-08-09,84.26
pomegranate,Sangli,2026-08-10,84.08
pomegranate,Sangli,2026-08-11,83.49
pomegranate,Sangli,2026-08-12,84.95
pomegranate,Sangli,2026-08-13,86.92
pomegranate,Sangli,2026-08-14,85.63
pomegranate,Sangli,2026-08-15,87.32
pomegranate,Sangli,2026-08-16,86.77
pomegranate,Sangli,2026-08-17,88.21
pomegranate,Sangli,2026-08-18,87.23
pomegranate,Sangli,2026-08-19,86.81
pomegranate,Sangli,2026-08-20,87.04
pomegranate,Sangli,2026-08-21,88.02
pomegranate,Sangli,2026-08-22,86.47
pomegranate,Sangli,2026-08-23,84.82
pomegranate,Sangli,2026-08-24,87.13
pomegranate,Sangli,2026-08-25,83.3
pomegranate,Sangli,2026-08-26,83.86
pomegranate,Sangli,2026-08-27,84.21
pomegranate,Sangli,2026-08-28,82.56
pomegranate,Sangli,2026-08-29,85.82
pomegranate,Sangli,2026-08-30,84.38
pomegranate,Sangli,2026-08-31,86.71
pomegranate,Sangli,2026-09-01,87.18
pomegranate,Sangli,2026-09-02,86.92
pomegranate,Sangli,2026-09-03,89.5
pomegranate,Sangli,2026-09-04,87.37
pomegranate,Sangli,2026-09-05,87.79
pomegranate,Sangli,2026-09-06,89.86
pomegranate,Sangli,2026-09-07,90.82
pomegranate,Ahmednagar,2026-04-11,81.22
pomegranate,Ahmednagar,2026-04-12,80.35
pomegranate,Ahmednagar,2026-04-13,82.72
pomegranate,Ahmednagar,2026-04-14,82.71
pomegranate,Ahmednagar,2026-04-15,82.04
pomegranate,Ahmednagar,2026-04-16,83.95
pomegranate,Ahmednagar,2026-04-17,83.8
pomegranate,Ahmednagar,2026-04-18,81.44
pomegranate,Ahmednagar,2026-04-19,83.74
pomegranate,Ahmednagar,2026-04-20,80.42
pomegranate,Ahmednagar,2026-04-21,81.75
pomegranate,Ahmednagar,2026-04-22,82.1
pomegranate,Ahmednagar,2026-04-23,79.04
pomegranate,Ahmednagar,2026-04-24,78.39
pomegranate,Ahmednagar,2026-04-25,80.47
pomegranate,Ahmednagar,2026-04-26,79.2
pomegranate,Ahmednagar,2026-04-27,77.49
pomegranate,Ahmednagar,2026-04-28,77.16
pomegranate,Ahmednagar,2026-04-29,78.98
pomegranate,Ahmednagar,2026-04-30,80.14
pomegranate,Ahmednagar,2026-05-01,82.32
pomegranate,Ahmednagar,2026-05-02,81.67
pomegranate,Ahmednagar,2026-05-03,82.29
pomegranate,Ahmednagar,2026-05-04,84.76
pomegranate,Ahmednagar,2026-05-05,85.68
pomegranate,Ahmednagar,2026-05-06,84.73
pomegranate,Ahmednagar,2026-05-07,84.72
pomegranate,Ahmednagar,2026-05-08,84.36
pomegranate,Ahmednagar,2026-05-09,84.25
pomegranate,Ahmednagar,2026-05-10,83.24
pomegranate,Ahmednagar,2026-05-11,84.98
pomegranate,Ahmednagar,2026-05-12,83.18
pomegranate,Ahmednagar,2026-05-13,83.4
pomegranate,Ahmednagar,2026-05-14,81.17
pomegranate,Ahmednagar,2026-05-15,80.63
pomegranate,Ahmednagar,2026-05-16,79.81
pomegranate,Ahmednagar,2026-05-17,80.75
pomegranate,Ahmednagar,2026-05-18,78.34
pomegranate,Ahmednagar,2026-05-19,79.2
pomegranate,Ahmednagar,2026-05-20,79.54
pomegranate,Ahmednagar,2026-05-21,79.91
pomegranate,Ahmednagar,2026-05-22,82.5
pomegranate,Ahmednagar,2026-05-23,83.79
pomegranate,Ahmednagar,2026-05-24,82.05
pomegranate,Ahmednagar,2026-05-25,83.09
pomegranate,Ahmednagar,2026-05-26,84.97
pomegranate,Ahmednagar,2026-05-27,85.7
pomegranate,Ahmednagar,2026-05-28,86.22
pomegranate,Ahmednagar,2026-05-29,83.55
pomegranate,Ahmednagar,2026-05-30,86.48
pomegranate,Ahmednagar,2026-05-31,86.38
pomegranate,Ahmednagar,2026-06-01,85.68
pomegranate,Ahmednagar,2026-06-02,85.48
pomegranate,Ahmednagar,2026-06-03,84.13
pomegranate,Ahmednagar,2026-06-04,81.91
pomegranate,Ahmednagar,2026-06-05,80.0
pomegranate,Ahmednagar,2026-06-06,82.02
pomegranate,Ahmednagar,2026-06-07,83.12
pomegranate,Ahmednagar,2026-06-08,81.32
pomegranate,Ahmednagar,2026-06-09,80.58
pomegranate,Ahmednagar,2026-06-10,83.84
pomegranate,Ahmednagar,2026-06-11,83.98
pomegranate,Ahmednagar,2026-06-12,83.44
pomegranate,Ahmednagar,2026-06-13,82.32
pomegranate,Ahmednagar,2026-06-14,86.16
pomegranate,Ahmednagar,2026-06-15,85.4
pomegranate,Ahmednagar,2026-06-16,86.34
pomegranate,Ahmednagar,2026-06-17,85.57
pomegranate,Ahmednagar,2026-06-18,88.2
pomegranate,Ahmednagar,2026-06-19,85.54
pomegranate,Ahmednagar,2026-06-20,88.59
pomegranate,Ahmednagar,2026-06-21,87.83
pomegranate,Ahmednagar,2026-06-22,84.56
pomegranate,Ahmednagar,2026-06-23,85.98
pomegranate,Ahmednagar,2026-06-24,83.0
pomegranate,Ahmednagar,2026-06-25,85.7
pomegranate,Ahmednagar,2026-06-26,82.15
pomegranate,Ahmednagar,2026-06-27,81.79
pomegranate,Ahmednagar,2026-06-28,83.49
pomegranate,Ahmednagar,2026-06-29,83.45
pomegranate,Ahmednagar,2026-06-30,84.45
pomegranate,Ahmednagar,2026-07-01,84.85
pomegranate,Ahmednagar,2026-07-02,82.23
pomegranate,Ahmednagar,2026-07-03,83.69
pomegranate,Ahmednagar,2026-07-04,84.09
pomegranate,Ahmednagar,2026-07-05,85.04
pomegranate,Ahmednagar,2026-07-06,88.03
pomegranate,Ahmednagar,2026-07-07,87.42
pomegranate,Ahmednagar,2026-07-08,86.19
pomegranate,Ahmednagar,2026-07-09,89.87
pomegranate,Ahmednagar,2026-07-10,86.21
pomegranate,Ahmednagar,2026-07-11,89.25
pomegranate,Ahmednagar,2026-07-12,85.69
pomegranate,Ahmednagar,2026-07-13,86.89
pomegranate,Ahmednagar,2026-07-14,86.06
pomegranate,Ahmednagar,2026-07-15,85.5
pomegranate,Ahmednagar,2026-07-16,83.22
pomegranate,Ahmednagar,2026-07-17,84.72
pomegranate,Ahmednagar,2026-07-18,84.33
pomegranate,Ahmednagar,2026-07-19,82.86
pomegranate,Ahmednagar,2026-07-20,81.65
pomegranate,Ahmednagar,2026-07-21,83.63
pomegranate,Ahmednagar,2026-07-22,86.08
pomegranate,Ahmednagar,2026-07-23,85.93
pomegranate,Ahmednagar,2026-07-24,85.51
pomegranate,Ahmednagar,2026-07-25,87.19
pomegranate,Ahmednagar,2026-07-26,87.79
pomegranate,Ahmednagar,2026-07-27,88.75
pomegranate,Ahmednagar,2026-07-28,89.92
pomegranate,Ahmednagar,2026-07-29,91.43
pomegranate,Ahmednagar,2026-07-30,88.36
pomegranate,Ahmednagar,2026-07-31,89.06
pomegranate,Ahmednagar,2026-08-01,88.23
pomegranate,Ahmednagar,2026-08-02,89.41
pomegranate,Ahmednagar,2026-08-03,87.49
pomegranate,Ahmednagar,2026-08-04,87.48
pomegranate,Ahmednagar,2026-08-05,85.9
pomegranate,Ahmednagar,2026-08-06,86.78
pomegranate,Ahmednagar,2026-08-07,84.55
pomegranate,Ahmednagar,2026-08-08,85.27
pomegranate,Ahmednagar,2026-08-09,84.23
pomegranate,Ahmednagar,2026-08-10,85.66
pomegranate,Ahmednagar,2026-08-11,85.15
pomegranate,Ahmednagar,2026-08-12,86.12
pomegranate,Ahmednagar,2026-08-13,84.54
pomegranate,Ahmednagar,2026-08-14,88.1
pomegranate,Ahmednagar,2026-08-15,86.42
pomegranate,Ahmednagar,2026-08-16,86.47
pomegranate,Ahmednagar,2026-08-17,91.18
pomegranate,Ahmednagar,2026-08-18,90.1
pomegranate,Ahmednagar,2026-08-19,90.5
pomegranate,Ahmednagar,2026-08-20,89.29
pomegranate,Ahmednagar,2026-08-21,91.93
pomegranate,Ahmednagar,2026-08-22,91.31
pomegranate,Ahmednagar,2026-08-23,88.27
pomegranate,Ahmednagar,2026-08-24,91.12
pomegranate,Ahmednagar,2026-08-25,88.11
pomegranate,Ahmednagar,2026-08-26,88.9
pomegranate,Ahmednagar,2026-08-27,88.79
pomegranate,Ahmednagar,2026-08-28,85.45
pomegranate,Ahmednagar,2026-08-29,84.65
pomegranate,Ahmednagar,2026-08-30,84.96
pomegranate,Ahmednagar,2026-08-31,85.28
pomegranate,Ahmednagar,2026-09-01,85.5
pomegranate,Ahmednagar,2026-09-02,87.96
pomegranate,Ahmednagar,2026-09-03,87.32
pomegranate,Ahmednagar,2026-09-04,89.03
pomegranate,Ahmednagar,2026-09-05,90.97
pomegranate,Ahmednagar,2026-09-06,88.61
pomegranate,Ahmednagar,2026-09-07,91.47
wheat,Nashik,2026-04-11,24.16
wheat,Nashik,2026-04-12,24.58
wheat,Nashik,2026-04-13,24.47
wheat,Nashik,2026-04-14,24.26
wheat,Nashik,2026-04-15,23.61
wheat,Nashik,2026-04-16,23.93
wheat,Nashik,2026-04-17,23.48
wheat,Nashik,2026-04-18,23.53
wheat,Nashik,2026-04-19,24.22
wheat,Nashik,2026-04-20,23.87
wheat,Nashik,2026-04-21,24.56
wheat,Nashik,2026-04-22,24.48
wheat,Nashik,2026-04-23,24.86
wheat,Nashik,2026-04-24,24.97
wheat,Nashik,2026-04-25,25.72
wheat,Nashik,2026-04-26,24.92
wheat,Nashik,2026-04-27,25.77
wheat,Nashik,2026-04-28,25.03
wheat,Nashik,2026-04-29,25.01
wheat,Nashik,2026-04-30,24.59
wheat,Nashik,2026-05-01,25.15
wheat,Nashik,2026-05-02,25.08
wheat,Nashik,2026-05-03,24.73
wheat,Nashik,2026-05-04,24.58
wheat,Nashik,2026-05-05,24.2
wheat,Nashik,2026-05-06,24.26
wheat,Nashik,2026-05-07,24.4
wheat,Nashik,2026-05-08,23.24
wheat,Nashik,2026-05-09,24.03
wheat,Nashik,2026-05-10,24.39
wheat,Nashik,2026-05-11,23.83
wheat,Nashik,2026-05-12,24.23
wheat,Nashik,2026-05-13,23.97
wheat,Nashik,2026-05-14,24.77
wheat,Nashik,2026-05-15,25.44
wheat,Nashik,2026-05-16,24.76
wheat,Nashik,2026-05-17,25.73
wheat,Nashik,2026-05-18,25.91
wheat,Nashik,2026-05-19,25.17
wheat,Nashik,2026-05-20,25.84
wheat,Nashik,2026-05-21,25.02
wheat,Nashik,2026-05-22,24.6
wheat,Nashik,2026-05-23,24.61
wheat,Nashik,2026-05-24,24.77
wheat,Nashik,2026-05-25,24.45
wheat,Nashik,2026-05-26,24.1
wheat,Nashik,2026-05-27,23.76
wheat,Nashik,2026-05-28,24.47
wheat,Nashik,2026-05-29,23.49
wheat,Nashik,2026-05-30,23.72
wheat,Nashik,2026-05-31,24.47
wheat,Nashik,2026-06-01,24.52
wheat,Nashik,2026-06-02,24.34
wheat,Nashik,2026-06-03,24.12
wheat,Nashik,2026-06-04,25.27
wheat,Nashik,2026-06-05,25.36
wheat,Nashik,2026-06-06,24.89
wheat,Nashik,2026-06-07,25.66
wheat,Nashik,2026-06-08,25.26
wheat,Nashik,2026-06-09,24.74
wheat,Nashik,2026-06-10,25.31
wheat,Nashik,2026-06-11,24.61
wheat,Nashik,2026-06-12,25.53
wheat,Nashik,2026-06-13,25.14
wheat,Nashik,2026-06-14,24.05
wheat,Nashik,2026-06-15,24.56
wheat,Nashik,2026-06-16,23.68
wheat,Nashik,2026-06-17,23.81
wheat,Nashik,2026-06-18,23.86
wheat,Nashik,2026-06-19,23.97
wheat,Nashik,2026-06-20,24.48
wheat,Nashik,2026-06-21,24.63
wheat,Nashik,2026-06-22,24.8
wheat,Nashik,2026-06-23,24.05
wheat,Nashik,2026-06-24,25.05
wheat,Nashik,2026-06-25,25.35
wheat,Nashik,2026-06-26,25.09
wheat,Nashik,2026-06-27,24.78
wheat,Nashik,2026-06-28,25.58
wheat,Nashik,2026-06-29,25.75
wheat,Nashik,2026-06-30,25.0
wheat,Nashik,2026-07-01,25.61
wheat,Nashik,2026-07-02,25.2
wheat,Nashik,2026-07-03,25.33
wheat,Nashik,2026-07-04,24.85
wheat,Nashik,2026-07-05,24.59
wheat,Nashik,2026-07-06,23.8
wheat,Nashik,2026-07-07,24.21
wheat,Nashik,2026-07-08,24.08
wheat,Nashik,2026-07-09,24.19
wheat,Nashik,2026-07-10,24.54
wheat,Nashik,2026-07-11,23.6
wheat,Nashik,2026-07-12,23.7
wheat,Nashik,2026-07-13,24.49
wheat,Nashik,2026-07-14,24.64
wheat,Nashik,2026-07-15,25.14
wheat,Nashik,2026-07-16,24.58
wheat,Nashik,2026-07-17,25.66
wheat,Nashik,2026-07-18,25.55
wheat,Nashik,2026-07-19,25.44
wheat,Nashik,2026-07-20,26.02
wheat,Nashik,2026-07-21,25.33
wheat,Nashik,2026-07-22,24.97
wheat,Nashik,2026-07-23,24.64
wheat,Nashik,2026-07-24,25.61
wheat,Nashik,2026-07-25,24.69
wheat,Nashik,2026-07-26,24.46
wheat,Nashik,2026-07-27,24.41
wheat,Nashik,2026-07-28,24.11
wheat,Nashik,2026-07-29,24.05
wheat,Nashik,2026-07-30,23.78
wheat,Nashik,2026-07-31,24.25
wheat,Nashik,2026-08-01,23.8
wheat,Nashik,2026-08-02,23.64
wheat,Nashik,2026-08-03,24.57
wheat,Nashik,2026-08-04,24.72
wheat,Nashik,2026-08-05,24.38
wheat,Nashik,2026-08-06,25.25
wheat,Nashik,2026-08-07,25.28
wheat,Nashik,2026-08-08,24.78
wheat,Nashik,2026-08-09,25.76
wheat,Nashik,2026-08-10,25.03
wheat,Nashik,2026-08-11,25.44
wheat,Nashik,2026-08-12,24.96
wheat,Nashik,2026-08-13,25.85
wheat,Nashik,2026-08-14,25.67
wheat,Nashik,2026-08-15,25.45
wheat,Nashik,2026-08-16,24.51
wheat,Nashik,2026-08-17,24.01
wheat,Nashik,2026-08-18,24.15
wheat,Nashik,2026-08-19,24.23
wheat,Nashik,2026-08-20,23.74
wheat,Nashik,2026-08-21,23.85
wheat,Nashik,2026-08-22,23.75
wheat,Nashik,2026-08-23,24.74
wheat,Nashik,2026-08-24,23.92
wheat,Nashik,2026-08-25,24.44
wheat,Nashik,2026-08-26,25.06
wheat,Nashik,2026-08-27,25.11
wheat,Nashik,2026-08-28,25.42
wheat,Nashik,2026-08-29,24.99
wheat,Nashik,2026-08-30,25.02
wheat,Nashik,2026-08-31,25.24
wheat,Nashik,2026-09-01,25.29
wheat,Nashik,2026-09-02,25.6
wheat,Nashik,2026-09-03,25.32
wheat,Nashik,2026-09-04,25.14
wheat,Nashik,2026-09-05,25.24
wheat,Nashik,2026-09-06,24.8
wheat,Nashik,2026-09-07,24.14
wheat,Pune,2026-04-11,25.32
wheat,Pune,2026-04-12,25.3
wheat,Pune,2026-04-13,25.11
wheat,Pune,2026-04-14,25.41
wheat,Pune,2026-04-15,26.13
wheat,Pune,2026-04-16,26.0
wheat,Pune,2026-04-17,26.03
wheat,Pune,2026-04-18,26.52
wheat,Pune,2026-04-19,25.25
wheat,Pune,2026-04-20,25.82
wheat,Pune,2026-04-21,24.93
wheat,Pune,2026-04-22,24.99
wheat,Pune,2026-04-23,24.53
wheat,Pune,2026-04-24,24.67
wheat,Pune,2026-04-25,25.03
wheat,Pune,2026-04-26,24.86
wheat,Pune,2026-04-27,24.52
wheat,Pune,2026-04-28,24.95
wheat,Pune,2026-04-29,24.61
wheat,Pune,2026-04-30,25.0
wheat,Pune,2026-05-01,25.6
wheat,Pune,2026-05-02,25.77
wheat,Pune,2026-05-03,25.88
wheat,Pune,2026-05-04,25.22
wheat,Pune,2026-05-05,26.44
wheat,Pune,2026-05-06,26.56
wheat,Pune,2026-05-07,25.53
wheat,Pune,2026-05-08,26.27
wheat,Pune,2026-05-09,26.07
wheat,Pune,2026-05-10,25.38
wheat,Pune,2026-05-11,25.11
wheat,Pune,2026-05-12,25.02
wheat,Pune,2026-05-13,24.75
wheat,Pune,2026-05-14,25.12
wheat,Pune,2026-05-15,24.59
wheat,Pune,2026-05-16,24.59
wheat,Pune,2026-05-17,24.76
wheat,Pune,2026-05-18,24.96
wheat,Pune,2026-05-19,24.96
wheat,Pune,2026-05-20,25.27
wheat,Pune,2026-05-21,25.1
wheat,Pune,2026-05-22,24.55
wheat,Pune,2026-05-23,25.0
wheat,Pune,2026-05-24,25.09
wheat,Pune,2026-05-25,26.35
wheat,Pune,2026-05-26,25.91
wheat,Pune,2026-05-27,26.42
wheat,Pune,2026-05-28,25.49
wheat,Pune,2026-05-29,25.5
wheat,Pune,2026-05-30,26.62
wheat,Pune,2026-05-31,25.83
wheat,Pune,2026-06-01,26.11
wheat,Pune,2026-06-02,25.66
wheat,Pune,2026-06-03,25.55
wheat,Pune,2026-06-04,25.13
wheat,Pune,2026-06-05,25.26
wheat,Pune,2026-06-06,24.19
wheat,Pune,2026-06-07,24.8
wheat,Pune,2026-06-08,25.1
wheat,Pune,2026-06-09,24.73
wheat,Pune,2026-06-10,25.02
wheat,Pune,2026-06-11,24.96
wheat,Pune,2026-06-12,25.46
wheat,Pune,2026-06-13,25.55
wheat,Pune,2026-06-14,25.31
wheat,Pune,2026-06-15,25.33
wheat,Pune,2026-06-16,26.31
wheat,Pune,2026-06-17,25.81
wheat,Pune,2026-06-18,26.3
wheat,Pune,2026-06-19,26.0
wheat,Pune,2026-06-20,25.88
wheat,Pune,2026-06-21,25.89
wheat,Pune,2026-06-22,25.7
wheat,Pune,2026-06-23,25.27
wheat,Pune,2026-06-24,25.25
wheat,Pune,2026-06-25,24.92
wheat,Pune,2026-06-26,24.87
wheat,Pune,2026-06-27,25.09
wheat,Pune,2026-06-28,24.39
wheat,Pune,2026-06-29,24.87
wheat,Pune,2026-06-30,24.14
wheat,Pune,2026-07-01,25.22
wheat,Pune,2026-07-02,24.59
wheat,Pune,2026-07-03,24.67
wheat,Pune,2026-07-04,25.91
wheat,Pune,2026-07-05,25.95
wheat,Pune,2026-07-06,25.93
wheat,Pune,2026-07-07,25.59
wheat,Pune,2026-07-08,25.88
wheat,Pune,2026-07-09,25.59
wheat,Pune,2026-07-10,25.55
wheat,Pune,2026-07-11,26.69
wheat,Pune,2026-07-12,25.8
wheat,Pune,2026-07-13,25.57
wheat,Pune,2026-07-14,25.59
wheat,Pune,2026-07-15,25.73
wheat,Pune,2026-07-16,25.33
wheat,Pune,2026-07-17,24.83
wheat,Pune,2026-07-18,24.79
wheat,Pune,2026-07-19,25.13
wheat,Pune,2026-07-20,24.69
wheat,Pune,2026-07-21,24.96
wheat,Pune,2026-07-22,24.28
wheat,Pune,2026-07-23,24.66
wheat,Pune,2026-07-24,25.17
wheat,Pune,2026-07-25,25.05
wheat,Pune,2026-07-26,25.32
wheat,Pune,2026-07-27,25.65
wheat,Pune,2026-07-28,26.33
wheat,Pune,2026-07-29,26.17
wheat,Pune,2026-07-30,26.32
wheat,Pune,2026-07-31,26.36
wheat,Pune,2026-08-01,25.53
wheat,Pune,2026-08-02,25.84
wheat,Pune,2026-08-03,26.32
wheat,Pune,2026-08-04,25.1
wheat,Pune,2026-08-05,25.1
wheat,Pune,2026-08-06,25.65
wheat,Pune,2026-08-07,25.16
wheat,Pune,2026-08-08,25.34
wheat,Pune,2026-08-09,24.53
wheat,Pune,2026-08-10,24.32
wheat,Pune,2026-08-11,24.64
wheat,Pune,2026-08-12,24.55
wheat,Pune,2026-08-13,25.58
wheat,Pune,2026-08-14,25.14
wheat,Pune,2026-08-15,25.06
wheat,Pune,2026-08-16,25.85
wheat,Pune,2026-08-17,26.09
wheat,Pune,2026-08-18,25.79
wheat,Pune,2026-08-19,26.77
wheat,Pune,2026-08-20,26.51
wheat,Pune,2026-08-21,26.53
wheat,Pune,2026-08-22,26.7
wheat,Pune,2026-08-23,25.79
wheat,Pune,2026-08-24,26.42
wheat,Pune,2026-08-25,25.83
wheat,Pune,2026-08-26,25.93
wheat,Pune,2026-08-27,25.07
wheat,Pune,2026-08-28,24.39
wheat,Pune,2026-08-29,25.26
wheat,Pune,2026-08-30,24.63
wheat,Pune,2026-08-31,25.19
wheat,Pune,2026-09-01,24.43
wheat,Pune,2026-09-02,25.28
wheat,Pune,2026-09-03,24.79
wheat,Pune,2026-09-04,24.69
wheat,Pune,2026-09-05,25.79
wheat,Pune,2026-09-06,25.18
wheat,Pune,2026-09-07,26.32
wheat,Satara,2026-04-11,23.91
wheat,Satara,2026-04-12,24.77
wheat,Satara,2026-04-13,24.17
wheat,Satara,2026-04-14,24.05
wheat,Satara,2026-04-15,23.82
wheat,Satara,2026-04-16,24.29
wheat,Satara,2026-04-17,23.7
wheat,Satara,2026-04-18,23.32
wheat,Satara,2026-04-19,23.1
wheat,Satara,2026-04-20,23.67
wheat,Satara,2026-04-21,23.52
wheat,Satara,2026-04-22,22.95
wheat,Satara,2026-04-23,23.55
wheat,Satara,2026-04-24,22.59
wheat,Satara,2026-04-25,23.25
wheat,Satara,2026-04-26,23.83
wheat,Satara,2026-04-27,24.01
wheat,Satara,2026-04-28,23.81
wheat,Satara,2026-04-29,23.67
wheat,Satara,2026-04-30,24.28
wheat,Satara,2026-05-01,24.4
wheat,Satara,2026-05-02,23.87
wheat,Satara,2026-05-03,24.05
wheat,Satara,2026-05-04,25.04
wheat,Satara,2026-05-05,25.01
wheat,Satara,2026-05-06,24.01
wheat,Satara,2026-05-07,24.51
wheat,Satara,2026-05-08,23.57
wheat,Satara,2026-05-09,23.77
wheat,Satara,2026-05-10,23.86
wheat,Satara,2026-05-11,23.11
wheat,Satara,2026-05-12,23.54
wheat,Satara,2026-05-13,23.04
wheat,Satara,2026-05-14,23.26
wheat,Satara,2026-05-15,22.77
wheat,Satara,2026-05-16,23.57
wheat,Satara,2026-05-17,23.57
wheat,Satara,2026-05-18,23.49
wheat,Satara,2026-05-19,23.94
wheat,Satara,2026-05-20,23.88
wheat,Satara,2026-05-21,24.4
wheat,Satara,2026-05-22,24.42
wheat,Satara,2026-05-23,24.89
wheat,Satara,2026-05-24,24.47
wheat,Satara,2026-05-25,24.58
wheat,Satara,2026-05-26,24.01
wheat,Satara,2026-05-27,25.01
wheat,Satara,2026-05-28,24.0
wheat,Satara,2026-05-29,24.56
wheat,Satara,2026-05-30,23.98
wheat,Satara,2026-05-31,23.32
wheat,Satara,2026-06-01,23.05
wheat,Satara,2026-06-02,23.63
wheat,Satara,2026-06-03,22.85
wheat,Satara,2026-06-04,23.56
wheat,Satara,2026-06-05,23.46
wheat,Satara,2026-06-06,22.92
wheat,Satara,2026-06-07,23.24
wheat,Satara,2026-06-08,23.93
wheat,Satara,2026-06-09,23.5
wheat,Satara,2026-06-10,23.85
wheat,Satara,2026-06-11,24.33
wheat,Satara,2026-06-12,24.01
wheat,Satara,2026-06-13,24.19
wheat,Satara,2026-06-14,24.39
wheat,Satara,2026-06-15,24.29
wheat,Satara,2026-06-16,23.97
wheat,Satara,2026-06-17,24.95
wheat,Satara,2026-06-18,24.55
wheat,Satara,2026-06-19,23.88
wheat,Satara,2026-06-20,23.53
wheat,Satara,2026-06-21,23.2
wheat,Satara,2026-06-22,23.52
wheat,Satara,2026-06-23,23.84
wheat,Satara,2026-06-24,22.74
wheat,Satara,2026-06-25,23.5
wheat,Satara,2026-06-26,23.13
wheat,Satara,2026-06-27,23.48
wheat,Satara,2026-06-28,23.87
wheat,Satara,2026-06-29,23.51
wheat,Satara,2026-06-30,24.35
wheat,Satara,2026-07-01,24.21
wheat,Satara,2026-07-02,23.99
wheat,Satara,2026-07-03,24.72
wheat,Satara,2026-07-04,25.04
wheat,Satara,2026-07-05,24.87
wheat,Satara,2026-07-06,24.78
wheat,Satara,2026-07-07,25.18
wheat,Satara,2026-07-08,24.6
wheat,Satara,2026-07-09,24.65
wheat,Satara,2026-07-10,23.97
wheat,Satara,2026-07-11,23.81
wheat,Satara,2026-07-12,24.14
wheat,Satara,2026-07-13,23.42
wheat,Satara,2026-07-14,23.17
wheat,Satara,2026-07-15,23.28
wheat,Satara,2026-07-16,23.29
wheat,Satara,2026-07-17,23.53
wheat,Satara,2026-07-18,23.0
wheat,Satara,2026-07-19,23.06
wheat,Satara,2026-07-20,23.84
wheat,Satara,2026-07-21,23.71
wheat,Satara,2026-07-22,24.49
wheat,Satara,2026-07-23,24.03
wheat,Satara,2026-07-24,24.79
wheat,Satara,2026-07-25,25.12
wheat,Satara,2026-07-26,24.55
wheat,Satara,2026-07-27,25.15
wheat,Satara,2026-07-28,24.61
wheat,Satara,2026-07-29,24.13
wheat,Satara,2026-07-30,24.7
wheat,Satara,2026-07-31,24.09
wheat,Satara,2026-08-01,24.56
wheat,Satara,2026-08-02,24.25
wheat,Satara,2026-08-03,23.95
wheat,Satara,2026-08-04,23.31
wheat,Satara,2026-08-05,23.77
wheat,Satara,2026-08-06,22.87
wheat,Satara,2026-08-07,23.13
wheat,Satara,2026-08-08,23.28
wheat,Satara,2026-08-09,23.86
wheat,Satara,2026-08-10,24.14
wheat,Satara,2026-08-11,23.45
wheat,Satara,2026-08-12,24.62
wheat,Satara,2026-08-13,23.95
wheat,Satara,2026-08-14,23.88
wheat,Satara,2026-08-15,24.58
wheat,Satara,2026-08-16,24.42
wheat,Satara,2026-08-17,24.36
wheat,Satara,2026-08-18,24.7
wheat,Satara,2026-08-19,24.18
wheat,Satara,2026-08-20,24.86
wheat,Satara,2026-08-21,24.7
wheat,Satara,2026-08-22,23.79
wheat,Satara,2026-08-23,23.48
wheat,Satara,2026-08-24,23.78
wheat,Satara,2026-08-25,23.49
wheat,Satara,2026-08-26,23.3
wheat,Satara,2026-08-27,23.73
wheat,Satara,2026-08-28,23.31
wheat,Satara,2026-08-29,23.59
wheat,Satara,2026-08-30,23.35
wheat,Satara,2026-08-31,23.23
wheat,Satara,2026-09-01,24.44
wheat,Satara,2026-09-02,24.37
wheat,Satara,2026-09-03,24.46
wheat,Satara,2026-09-04,24.08
wheat,Satara,2026-09-05,24.68
wheat,Satara,2026-09-06,24.74
wheat,Satara,2026-09-07,24.43
wheat,Sangli,2026-04-11,24.02
wheat,Sangli,2026-04-12,23.34
wheat,Sangli,2026-04-13,23.74
wheat,Sangli,2026-04-14,23.03
wheat,Sangli,2026-04-15,22.61
wheat,Sangli,2026-04-16,23.24
wheat,Sangli,2026-04-17,22.31
wheat,Sangli,2026-04-18,22.72
wheat,Sangli,2026-04-19,23.1
wheat,Sangli,2026-04-20,23.09
wheat,Sangli,2026-04-21,23.3
wheat,Sangli,2026-04-22,23.15
wheat,Sangli,2026-04-23,23.95
wheat,Sangli,2026-04-24,23.79
wheat,Sangli,2026-04-25,24.16
wheat,Sangli,2026-04-26,23.78
wheat,Sangli,2026-04-27,24.54
wheat,Sangli,2026-04-28,24.05
wheat,Sangli,2026-04-29,23.77
wheat,Sangli,2026-04-30,23.92
wheat,Sangli,2026-05-01,23.82
wheat,Sangli,2026-05-02,23.48
wheat,Sangli,2026-05-03,23.21
wheat,Sangli,2026-05-04,23.62
wheat,Sangli,2026-05-05,23.37
wheat,Sangli,2026-05-06,22.95
wheat,Sangli,2026-05-07,22.93
wheat,Sangli,2026-05-08,22.71
wheat,Sangli,2026-05-09,22.84
wheat,Sangli,2026-05-10,23.14
wheat,Sangli,2026-05-11,23.63
wheat,Sangli,2026-05-12,23.18
wheat,Sangli,2026-05-13,23.42
wheat,Sangli,2026-05-14,23.76
wheat,Sangli,2026-05-15,24.29
wheat,Sangli,2026-05-16,24.58
wheat,Sangli,2026-05-17,23.84
wheat,Sangli,2026-05-18,23.74
wheat,Sangli,2026-05-19,24.29
wheat,Sangli,2026-05-20,24.64
wheat,Sangli,2026-05-21,24.23
wheat,Sangli,2026-05-22,24.02
wheat,Sangli,2026-05-23,23.75
wheat,Sangli,2026-05-24,23.88
wheat,Sangli,2026-05-25,22.9
wheat,Sangli,2026-05-26,23.47
wheat,Sangli,2026-05-27,22.58
wheat,Sangli,2026-05-28,23.28
wheat,Sangli,2026-05-29,22.57
wheat,Sangli,2026-05-30,23.18
wheat,Sangli,2026-05-31,22.58
wheat,Sangli,2026-06-01,23.13
wheat,Sangli,2026-06-02,22.96
wheat,Sangli,2026-06-03,23.63
wheat,Sangli,2026-06-04,23.29
wheat,Sangli,2026-06-05,23.55
wheat,Sangli,2026-06-06,23.59
wheat,Sangli,2026-06-07,24.82
wheat,Sangli,2026-06-08,24.54
wheat,Sangli,2026-06-09,23.92
wheat,Sangli,2026-06-10,23.92
wheat,Sangli,2026-06-11,24.37
wheat,Sangli,2026-06-12,23.74
wheat,Sangli,2026-06-13,23.29
wheat,Sangli,2026-06-14,23.81
wheat,Sangli,2026-06-15,23.68
wheat,Sangli,2026-06-16,23.22
wheat,Sangli,2026-06-17,22.91
wheat,Sangli,2026-06-18,23.14
wheat,Sangli,2026-06-19,22.82
wheat,Sangli,2026-06-20,23.09
wheat,Sangli,2026-06-21,23.39
wheat,Sangli,2026-06-22,23.48
wheat,Sangli,2026-06-23,24.03
wheat,Sangli,2026-06-24,23.34
wheat,Sangli,2026-06-25,24.05
wheat,Sangli,2026-06-26,23.66
wheat,Sangli,2026-06-27,24.46
wheat,Sangli,2026-06-28,24.64
wheat,Sangli,2026-06-29,24.64
wheat,Sangli,2026-06-30,24.84
wheat,Sangli,2026-07-01,24.86
wheat,Sangli,2026-07-02,24.52
wheat,Sangli,2026-07-03,23.98
wheat,Sangli,2026-07-04,24.28
wheat,Sangli,2026-07-05,23.8
wheat,Sangli,2026-07-06,23.15
wheat,Sangli,2026-07-07,23.5
wheat,Sangli,2026-07-08,22.84
wheat,Sangli,2026-07-09,22.66
wheat,Sangli,2026-07-10,23.14
wheat,Sangli,2026-07-11,23.56
wheat,Sangli,2026-07-12,22.79
wheat,Sangli,2026-07-13,22.74
wheat,Sangli,2026-07-14,23.26
wheat,Sangli,2026-07-15,23.36
wheat,Sangli,2026-07-16,24.31
wheat,Sangli,2026-07-17,24.33
wheat,Sangli,2026-07-18,23.74
wheat,Sangli,2026-07-19,24.32
wheat,Sangli,2026-07-20,23.96
wheat,Sangli,2026-07-21,24.95
wheat,Sangli,2026-07-22,24.53
wheat,Sangli,2026-07-23,23.61
wheat,Sangli,2026-07-24,24.14
wheat,Sangli,2026-07-25,23.64
wheat,Sangli,2026-07-26,23.47
wheat,Sangli,2026-07-27,23.18
wheat,Sangli,2026-07-28,23.38
wheat,Sangli,2026-07-29,23.6
wheat,Sangli,2026-07-30,23.19
wheat,Sangli,2026-07-31,23.13
wheat,Sangli,2026-08-01,23.28
wheat,Sangli,2026-08-02,23.74
wheat,Sangli,2026-08-03,23.34
wheat,Sangli,2026-08-04,23.36
wheat,Sangli,2026-08-05,23.46
wheat,Sangli,2026-08-06,23.93
wheat,Sangli,2026-08-07,24.51
wheat,Sangli,2026-08-08,24.62
wheat,Sangli,2026-08-09,24.75
wheat,Sangli,2026-08-10,24.37
wheat,Sangli,2026-08-11,24.56
wheat,Sangli,2026-08-12,24.84
wheat,Sangli,2026-08-13,24.78
wheat,Sangli,2026-08-14,24.29
wheat,Sangli,2026-08-15,24.45
wheat,Sangli,2026-08-16,23.51
wheat,Sangli,2026-08-17,24.0
wheat,Sangli,2026-08-18,23.58
wheat,Sangli,2026-08-19,22.67
wheat,Sangli,2026-08-20,22.79
wheat,Sangli,2026-08-21,22.59
wheat,Sangli,2026-08-22,22.82
wheat,Sangli,2026-08-23,23.61
wheat,Sangli,2026-08-24,23.54
wheat,Sangli,2026-08-25,23.1
wheat,Sangli,2026-08-26,23.65
wheat,Sangli,2026-08-27,23.81
wheat,Sangli,2026-08-28,24.32
wheat,Sangli,2026-08-29,24.31
wheat,Sangli,2026-08-30,24.24
wheat,Sangli,2026-08-31,24.57
wheat,Sangli,2026-09-01,24.74
wheat,Sangli,2026-09-02,24.35
wheat,Sangli,2026-09-03,24.42
wheat,Sangli,2026-09-04,23.62
wheat,Sangli,2026-09-05,24.12
wheat,Sangli,2026-09-06,23.8
wheat,Sangli,2026-09-07,23.7
wheat,Ahmednagar,2026-04-11,24.63
wheat,Ahmednagar,2026-04-12,24.57
wheat,Ahmednagar,2026-04-13,24.66
wheat,Ahmednagar,2026-04-14,24.33
wheat,Ahmednagar,2026-04-15,24.16
wheat,Ahmednagar,2026-04-16,23.94
wheat,Ahmednagar,2026-04-17,24.68
wheat,Ahmednagar,2026-04-18,24.28
wheat,Ahmednagar,2026-04-19,23.45
wheat,Ahmednagar,2026-04-20,23.54
wheat,Ahmednagar,2026-04-21,23.16
wheat,Ahmednagar,2026-04-22,23.2
wheat,Ahmednagar,2026-04-23,23.05
wheat,Ahmednagar,2026-04-24,23.58
wheat,Ahmednagar,2026-04-25,23.86
wheat,Ahmednagar,2026-04-26,23.38
wheat,Ahmednagar,2026-04-27,24.15
wheat,Ahmednagar,2026-04-28,24.45
wheat,Ahmednagar,2026-04-29,24.34
wheat,Ahmednagar,2026-04-30,24.41
wheat,Ahmednagar,2026-05-01,24.69
wheat,Ahmednagar,2026-05-02,24.12
wheat,Ahmednagar,2026-05-03,25.01
wheat,Ahmednagar,2026-05-04,24.18
wheat,Ahmednagar,2026-05-05,24.83
wheat,Ahmednagar,2026-05-06,24.47
wheat,Ahmednagar,2026-05-07,23.91
wheat,Ahmednagar,2026-05-08,24.23
wheat,Ahmednagar,2026-05-09,24.03
wheat,Ahmednagar,2026-05-10,23.8
wheat,Ahmednagar,2026-05-11,23.62
wheat,Ahmednagar,2026-05-12,23.35
wheat,Ahmednagar,2026-05-13,23.14
wheat,Ahmednagar,2026-05-14,23.84
wheat,Ahmednagar,2026-05-15,23.09
wheat,Ahmednagar,2026-05-16,23.04
wheat,Ahmednagar,2026-05-17,23.23
wheat,Ahmednagar,2026-05-18,23.84
wheat,Ahmednagar,2026-05-19,23.96
wheat,Ahmednagar,2026-05-20,24.2
wheat,Ahmednagar,2026-05-21,24.0
wheat,Ahmednagar,2026-05-22,23.99
wheat,Ahmednagar,2026-05-23,24.55
wheat,Ahmednagar,2026-05-24,24.23
wheat,Ahmednagar,2026-05-25,24.48
wheat,Ahmednagar,2026-05-26,25.04
wheat,Ahmednagar,2026-05-27,24.27
wheat,Ahmednagar,2026-05-28,24.68
wheat,Ahmednagar,2026-05-29,24.41
wheat,Ahmednagar,2026-05-30,23.84
wheat,Ahmednagar,2026-05-31,23.96
wheat,Ahmednagar,2026-06-01,23.44
wheat,Ahmednagar,2026-06-02,23.16
wheat,Ahmednagar,2026-06-03,23.03
wheat,Ahmednagar,2026-06-04,23.32
wheat,Ahmednagar,2026-06-05,23.84
wheat,Ahmednagar,2026-06-06,23.11
wheat,Ahmednagar,2026-06-07,23.5
wheat,Ahmednagar,2026-06-08,23.38
wheat,Ahmednagar,2026-06-09,23.47
wheat,Ahmednagar,2026-06-10,24.65
wheat,Ahmednagar,2026-06-11,24.56
wheat,Ahmednagar,2026-06-12,24.69
wheat,Ahmednagar,2026-06-13,25.09
wheat,Ahmednagar,2026-06-14,25.3
wheat,Ahmednagar,2026-06-15,25.32
wheat,Ahmednagar,2026-06-16,25.13
wheat,Ahmednagar,2026-06-17,24.47
wheat,Ahmednagar,2026-06-18,24.54
wheat,Ahmednagar,2026-06-19,24.3
wheat,Ahmednagar,2026-06-20,23.78
wheat,Ahmednagar,2026-06-21,23.39
wheat,Ahmednagar,2026-06-22,24.32
wheat,Ahmednagar,2026-06-23,23.73
wheat,Ahmednagar,2026-06-24,23.0
wheat,Ahmednagar,2026-06-25,23.76
wheat,Ahmednagar,2026-06-26,23.18
wheat,Ahmednagar,2026-06-27,23.85
wheat,Ahmednagar,2026-06-28,23.69
wheat,Ahmednagar,2026-06-29,24.15
wheat,Ahmednagar,2026-06-30,24.09
wheat,Ahmednagar,2026-07-01,24.09
wheat,Ahmednagar,2026-07-02,24.06
wheat,Ahmednagar,2026-07-03,24.68
wheat,Ahmednagar,2026-07-04,24.4
wheat,Ahmednagar,2026-07-05,25.23
wheat,Ahmednagar,2026-07-06,24.69
wheat,Ahmednagar,2026-07-07,24.46
wheat,Ahmednagar,2026-07-08,24.49
wheat,Ahmednagar,2026-07-09,25.01
wheat,Ahmednagar,2026-07-10,24.44
wheat,Ahmednagar,2026-07-11,24.7
wheat,Ahmednagar,2026-07-12,23.88
wheat,Ahmednagar,2026-07-13,23.42
wheat,Ahmednagar,2026-07-14,23.61
wheat,Ahmednagar,2026-07-15,23.94
wheat,Ahmednagar,2026-07-16,23.18
wheat,Ahmednagar,2026-07-17,23.61
wheat,Ahmednagar,2026-07-18,23.4
wheat,Ahmednagar,2026-07-19,24.02
wheat,Ahmednagar,2026-07-20,23.82
wheat,Ahmednagar,2026-07-21,24.01
wheat,Ahmednagar,2026-07-22,24.54
wheat,Ahmednagar,2026-07-23,24.76
wheat,Ahmednagar,2026-07-24,24.27
wheat,Ahmednagar,2026-07-25,24.96
wheat,Ahmednagar,2026-07-26,24.35
wheat,Ahmednagar,2026-07-27,25.55
wheat,Ahmednagar,2026-07-28,24.46
wheat,Ahmednagar,2026-07-29,24.55
wheat,Ahmednagar,2026-07-30,24.7
wheat,Ahmednagar,2026-07-31,24.46
wheat,Ahmednagar,2026-08-01,24.57
wheat,Ahmednagar,2026-08-02,24.11
wheat,Ahmednagar,2026-08-03,24.12
wheat,Ahmednagar,2026-08-04,24.15
wheat,Ahmednagar,2026-08-05,23.54
wheat,Ahmednagar,2026-08-06,23.69
wheat,Ahmednagar,2026-08-07,23.55
wheat,Ahmednagar,2026-08-08,23.94
wheat,Ahmednagar,2026-08-09,23.82
wheat,Ahmednagar,2026-08-10,24.31
wheat,Ahmednagar,2026-08-11,23.99
wheat,Ahmednagar,2026-08-12,24.02
wheat,Ahmednagar,2026-08-13,25.08
wheat,Ahmednagar,2026-08-14,24.31
wheat,Ahmednagar,2026-08-15,25.32
wheat,Ahmednagar,2026-08-16,24.5
wheat,Ahmednagar,2026-08-17,24.41
wheat,Ahmednagar,2026-08-18,24.42
wheat,Ahmednagar,2026-08-19,25.47
wheat,Ahmednagar,2026-08-20,25.13
wheat,Ahmednagar,2026-08-21,24.05
wheat,Ahmednagar,2026-08-22,24.8
wheat,Ahmednagar,2026-08-23,23.95
wheat,Ahmednagar,2026-08-24,23.66
wheat,Ahmednagar,2026-08-25,23.17
wheat,Ahmednagar,2026-08-26,23.6
wheat,Ahmednagar,2026-08-27,23.85
wheat,Ahmednagar,2026-08-28,23.23
wheat,Ahmednagar,2026-08-29,23.96
wheat,Ahmednagar,2026-08-30,24.07
wheat,Ahmednagar,2026-08-31,23.88
wheat,Ahmednagar,2026-09-01,24.26
wheat,Ahmednagar,2026-09-02,24.68
wheat,Ahmednagar,2026-09-03,24.14
wheat,Ahmednagar,2026-09-04,25.13
wheat,Ahmednagar,2026-09-05,24.78
wheat,Ahmednagar,2026-09-06,24.56
wheat,Ahmednagar,2026-09-07,25.53
