crop,region,date,demand_kg,orders_count
tomato,Nashik,2026-04-11,309.86,15
tomato,Nashik,2026-04-12,301.94,12
tomato,Nashik,2026-04-13,247.77,11
tomato,Nashik,2026-04-14,263.26,17
tomato,Nashik,2026-04-15,251.4,13
tomato,Nashik,2026-04-16,263.01,14
tomato,Nashik,2026-04-17,277.35,10
tomato,Nashik,2026-04-18,291.79,18
tomato,Nashik,2026-04-19,283.72,15
tomato,Nashik,2026-04-20,260.42,14
tomato,Nashik,2026-04-21,240.92,9
tomato,Nashik,2026-04-22,236.77,10
tomato,Nashik,2026-04-23,255.83,10
tomato,Nashik,2026-04-24,286.37,16
tomato,Nashik,2026-04-25,274.59,16
tomato,Nashik,2026-04-26,278.95,15
tomato,Nashik,2026-04-27,250.42,14
tomato,Nashik,2026-04-28,244.82,13
tomato,Nashik,2026-04-29,254.69,15
tomato,Nashik,2026-04-30,260.77,16
tomato,Nashik,2026-05-01,291.68,11
tomato,Nashik,2026-05-02,289.44,12
tomato,Nashik,2026-05-03,275.51,10
tomato,Nashik,2026-05-04,253.72,9
tomato,Nashik,2026-05-05,253.3,12
tomato,Nashik,2026-05-06,236.12,11
tomato,Nashik,2026-05-07,267.64,14
tomato,Nashik,2026-05-08,280.3,14
tomato,Nashik,2026-05-09,285.06,15
tomato,Nashik,2026-05-10,307.27,14
tomato,Nashik,2026-05-11,245.07,12
tomato,Nashik,2026-05-12,242.94,10
tomato,Nashik,2026-05-13,278.74,10
tomato,Nashik,2026-05-14,266.77,11
tomato,Nashik,2026-05-15,315.33,13
tomato,Nashik,2026-05-16,303.78,19
tomato,Nashik,2026-05-17,324.01,18
tomato,Nashik,2026-05-18,271.54,11
tomato,Nashik,2026-05-19,278.26,10
tomato,Nashik,2026-05-20,266.8,12
tomato,Nashik,2026-05-21,268.45,17
tomato,Nashik,2026-05-22,298.69,12
tomato,Nashik,2026-05-23,323.39,12
tomato,Nashik,2026-05-24,333.21,14
tomato,Nashik,2026-05-25,289.01,11
tomato,Nashik,2026-05-26,290.31,16
tomato,Nashik,2026-05-27,286.33,13
tomato,Nashik,2026-05-28,264.72,12
tomato,Nashik,2026-05-29,330.16,17
tomato,Nashik,2026-05-30,324.93,11
tomato,Nashik,2026-05-31,314.08,15
tomato,Nashik,2026-06-01,275.99,11
tomato,Nashik,2026-06-02,288.9,10
tomato,Nashik,2026-06-03,257.55,12
tomato,Nashik,2026-06-04,256.95,12
tomato,Nashik,2026-06-05,308.54,16
tomato,Nashik,2026-06-06,309.88,18
tomato,Nashik,2026-06-07,309.43,18
tomato,Nashik,2026-06-08,258.58,12
tomato,Nashik,2026-06-09,273.23,12
tomato,Nashik,2026-06-10,260.09,11
tomato,Nashik,2026-06-11,272.07,13
tomato,Nashik,2026-06-12,314.13,12
tomato,Nashik,2026-06-13,292.88,18
tomato,Nashik,2026-06-14,310.84,19
tomato,Nashik,2026-06-15,252.26,13
tomato,Nashik,2026-06-16,240.64,14
tomato,Nashik,2026-06-17,264.02,10
tomato,Nashik,2026-06-18,248.25,9
tomato,Nashik,2026-06-19,296.2,11
tomato,Nashik,2026-06-20,298.44,19
tomato,Nashik,2026-06-21,274.96,10
tomato,Nashik,2026-06-22,255.56,12
tomato,Nashik,2026-06-23,244.82,15
tomato,Nashik,2026-06-24,235.93,11
tomato,Nashik,2026-06-25,242.5,10
tomato,Nashik,2026-06-26,289.48,13
tomato,Nashik,2026-06-27,270.65,13
tomato,Nashik,2026-06-28,274.86,17
tomato,Nashik,2026-06-29,258.48,14
tomato,Nashik,2026-06-30,231.11,13
tomato,Nashik,2026-07-01,234.18,12
tomato,Nashik,2026-07-02,243.0,9
tomato,Nashik,2026-07-03,271.37,12
tomato,Nashik,2026-07-04,275.04,17
tomato,Nashik,2026-07-05,284.5,12
tomato,Nashik,2026-07-06,245.75,9
tomato,Nashik,2026-07-07,251.93,10
tomato,Nashik,2026-07-08,239.03,12
tomato,Nashik,2026-07-09,268.14,17
tomato,Nashik,2026-07-10,291.88,14
tomato,Nashik,2026-07-11,309.61,17
tomato,Nashik,2026-07-12,318.96,12
tomato,Nashik,2026-07-13,245.01,14
tomato,Nashik,2026-07-14,278.35,10
tomato,Nashik,2026-07-15,268.63,11
tomato,Nashik,2026-07-16,266.44,15
tomato,Nashik,2026-07-17,328.16,12
tomato,Nashik,2026-07-18,301.75,16
tomato,Nashik,2026-07-19,307.08,12
tomato,Nashik,2026-07-20,287.2,14
tomato,Nashik,2026-07-21,286.05,13
tomato,Nashik,2026-07-22,275.47,13
tomato,Nashik,2026-07-23,283.67,13
tomato,Nashik,2026-07-24,329.68,19
tomato,Nashik,2026-07-25,335.74,19
tomato,Nashik,2026-07-26,318.94,14
tomato,Nashik,2026-07-27,270.01,11
tomato,Nashik,2026-07-28,279.21,16
tomato,Nashik,2026-07-29,276.14,17
tomato,Nashik,2026-07-30,287.71,11
tomato,Nashik,2026-07-31,337.18,13
tomato,Nashik,2026-08-01,334.1,17
tomato,Nashik,2026-08-02,339.47,13
tomato,Nashik,2026-08-03,298.24,16
tomato,Nashik,2026-08-04,300.44,19
tomato,Nashik,2026-08-05,282.51,11
tomato,Nashik,2026-08-06,296.74,11
tomato,Nashik,2026-08-07,326.4,14
tomato,Nashik,2026-08-08,328.92,14
tomato,Nashik,2026-08-09,302.14,11
tomato,Nashik,2026-08-10,275.51,13
tomato,Nashik,2026-08-11,291.84,13
tomato,Nashik,2026-08-12,264.54,13
tomato,Nashik,2026-08-13,266.91,10
tomato,Nashik,2026-08-14,309.21,15
tomato,Nashik,2026-08-15,314.18,11
tomato,Nashik,2026-08-16,308.41,11
tomato,Nashik,2026-08-17,288.56,10
tomato,Nashik,2026-08-18,265.18,14
tomato,Nashik,2026-08-19,290.77,14
tomato,Nashik,2026-08-20,270.44,10
tomato,Nashik,2026-08-21,329.32,16
tomato,Nashik,2026-08-22,313.57,16
tomato,Nashik,2026-08-23,326.39,15
tomato,Nashik,2026-08-24,257.64,9
tomato,Nashik,2026-08-25,293.14,14
tomato,Nashik,2026-08-26,266.02,9
tomato,Nashik,2026-08-27,261.12,10
tomato,Nashik,2026-08-28,341.75,14
tomato,Nashik,2026-08-29,302.22,17
tomato,Nashik,2026-08-30,303.71,11
tomato,Nashik,2026-08-31,274.53,16
tomato,Nashik,2026-09-01,300.34,11
tomato,Nashik,2026-09-02,293.91,15
tomato,Nashik,2026-09-03,280.76,17
tomato,Nashik,2026-09-04,336.84,13
tomato,Nashik,2026-09-05,322.76,19
tomato,Nashik,2026-09-06,365.96,13
tomato,Nashik,2026-09-07,300.83,19
tomato,Pune,2026-04-11,418.75,24
tomato,Pune,2026-04-12,460.71,19
tomato,Pune,2026-04-13,403.35,25
tomato,Pune,2026-04-14,353.7,14
tomato,Pune,2026-04-15,388.49,14
tomato,Pune,2026-04-16,359.28,22
tomato,Pune,2026-04-17,432.07,19
tomato,Pune,2026-04-18,416.32,20
tomato,Pune,2026-04-19,395.5,18
tomato,Pune,2026-04-20,354.9,20
tomato,Pune,2026-04-21,370.9,19
tomato,Pune,2026-04-22,362.39,18
tomato,Pune,2026-04-23,382.39,14
tomato,Pune,2026-04-24,419.7,18
tomato,Pune,2026-04-25,433.9,16
tomato,Pune,2026-04-26,410.35,24
tomato,Pune,2026-04-27,359.27,14
tomato,Pune,2026-04-28,363.13,23
tomato,Pune,2026-04-29,344.26,21
tomato,Pune,2026-04-30,367.31,17
tomato,Pune,2026-05-01,400.39,19
tomato,Pune,2026-05-02,398.04,17
tomato,Pune,2026-05-03,391.42,19
tomato,Pune,2026-05-04,386.78,21
tomato,Pune,2026-05-05,377.4,17
tomato,Pune,2026-05-06,376.37,19
tomato,Pune,2026-05-07,347.3,21
tomato,Pune,2026-05-08,405.59,17
tomato,Pune,2026-05-09,415.97,18
tomato,Pune,2026-05-10,402.21,18
tomato,Pune,2026-05-11,367.52,19
tomato,Pune,2026-05-12,355.6,19
tomato,Pune,2026-05-13,373.99,13
tomato,Pune,2026-05-14,380.19,24
tomato,Pune,2026-05-15,428.27,24
tomato,Pune,2026-05-16,441.27,16
tomato,Pune,2026-05-17,460.7,18
tomato,Pune,2026-05-18,375.12,15
tomato,Pune,2026-05-19,376.67,20
tomato,Pune,2026-05-20,402.45,24
tomato,Pune,2026-05-21,391.4,18
tomato,Pune,2026-05-22,470.98,22
tomato,Pune,2026-05-23,460.39,27
tomato,Pune,2026-05-24,467.0,21
tomato,Pune,2026-05-25,387.04,21
tomato,Pune,2026-05-26,410.34,18
tomato,Pune,2026-05-27,400.5,17
tomato,Pune,2026-05-28,412.15,21
tomato,Pune,2026-05-29,488.68,24
tomato,Pune,2026-05-30,459.97,18
tomato,Pune,2026-05-31,447.61,21
tomato,Pune,2026-06-01,402.76,19
tomato,Pune,2026-06-02,375.13,23
tomato,Pune,2026-06-03,422.27,22
tomato,Pune,2026-06-04,422.9,20
tomato,Pune,2026-06-05,440.44,21
tomato,Pune,2026-06-06,480.11,20
tomato,Pune,2026-06-07,460.49,24
tomato,Pune,2026-06-08,385.5,19
tomato,Pune,2026-06-09,374.88,13
tomato,Pune,2026-06-10,410.01,23
tomato,Pune,2026-06-11,399.68,14
tomato,Pune,2026-06-12,411.26,19
tomato,Pune,2026-06-13,425.31,17
tomato,Pune,2026-06-14,421.34,21
tomato,Pune,2026-06-15,360.88,17
tomato,Pune,2026-06-16,379.64,23
tomato,Pune,2026-06-17,342.71,16
tomato,Pune,2026-06-18,382.26,18
tomato,Pune,2026-06-19,412.07,25
tomato,Pune,2026-06-20,387.7,14
tomato,Pune,2026-06-21,435.99,17
tomato,Pune,2026-06-22,373.54,20
tomato,Pune,2026-06-23,382.37,15
tomato,Pune,2026-06-24,378.46,23
tomato,Pune,2026-06-25,369.7,16
tomato,Pune,2026-06-26,429.94,19
tomato,Pune,2026-06-27,434.02,24
tomato,Pune,2026-06-28,427.04,17
tomato,Pune,2026-06-29,344.54,17
tomato,Pune,2026-06-30,374.01,13
tomato,Pune,2026-07-01,345.69,14
tomato,Pune,2026-07-02,345.41,20
tomato,Pune,2026-07-03,402.33,24
tomato,Pune,2026-07-04,433.73,23
tomato,Pune,2026-07-05,436.57,25
tomato,Pune,2026-07-06,377.19,22
tomato,Pune,2026-07-07,351.15,14
tomato,Pune,2026-07-08,351.17,21
tomato,Pune,2026-07-09,381.12,14
tomato,Pune,2026-07-10,405.36,17
tomato,Pune,2026-07-11,453.65,21
tomato,Pune,2026-07-12,410.11,18
tomato,Pune,2026-07-13,376.65,16
tomato,Pune,2026-07-14,366.31,15
tomato,Pune,2026-07-15,410.78,15
tomato,Pune,2026-07-16,381.19,16
tomato,Pune,2026-07-17,446.28,16
tomato,Pune,2026-07-18,434.8,22
tomato,Pune,2026-07-19,474.11,17
tomato,Pune,2026-07-20,418.91,21
tomato,Pune,2026-07-21,391.81,18
tomato,Pune,2026-07-22,400.57,19
tomato,Pune,2026-07-23,388.63,16
tomato,Pune,2026-07-24,440.71,17
tomato,Pune,2026-07-25,491.75,21
tomato,Pune,2026-07-26,495.94,25
tomato,Pune,2026-07-27,434.25,27
tomato,Pune,2026-07-28,397.17,18
tomato,Pune,2026-07-29,431.23,27
tomato,Pune,2026-07-30,428.28,21
tomato,Pune,2026-07-31,470.96,25
tomato,Pune,2026-08-01,445.3,19
tomato,Pune,2026-08-02,490.43,17
tomato,Pune,2026-08-03,395.89,24
tomato,Pune,2026-08-04,421.57,18
tomato,Pune,2026-08-05,420.98,21
tomato,Pune,2026-08-06,404.42,18
tomato,Pune,2026-08-07,493.79,18
tomato,Pune,2026-08-08,473.77,19
tomato,Pune,2026-08-09,442.01,28
tomato,Pune,2026-08-10,400.73,15
tomato,Pune,2026-08-11,392.32,17
tomato,Pune,2026-08-12,383.34,21
tomato,Pune,2026-08-13,396.23,17
tomato,Pune,2026-08-14,479.26,22
tomato,Pune,2026-08-15,446.73,16
tomato,Pune,2026-08-16,453.56,21
tomato,Pune,2026-08-17,408.22,16
tomato,Pune,2026-08-18,392.8,15
tomato,Pune,2026-08-19,409.5,14
tomato,Pune,2026-08-20,398.05,24
tomato,Pune,2026-08-21,467.46,20
tomato,Pune,2026-08-22,488.77,31
tomato,Pune,2026-08-23,449.86,18
tomato,Pune,2026-08-24,407.94,14
tomato,Pune,2026-08-25,411.27,18
tomato,Pune,2026-08-26,412.08,18
tomato,Pune,2026-08-27,404.13,20
tomato,Pune,2026-08-28,482.65,18
tomato,Pune,2026-08-29,481.96,23
tomato,Pune,2026-08-30,449.58,18
tomato,Pune,2026-08-31,389.48,16
tomato,Pune,2026-09-01,391.91,24
tomato,Pune,2026-09-02,451.72,19
tomato,Pune,2026-09-03,403.05,20
tomato,Pune,2026-09-04,475.79,24
tomato,Pune,2026-09-05,501.26,22
tomato,Pune,2026-09-06,495.46,24
tomato,Pune,2026-09-07,433.86,23
tomato,Satara,2026-04-11,170.35,9
tomato,Satara,2026-04-12,171.85,10
tomato,Satara,2026-04-13,141.44,5
tomato,Satara,2026-04-14,131.78,7
tomato,Satara,2026-04-15,129.63,5
tomato,Satara,2026-04-16,140.0,6
tomato,Satara,2026-04-17,165.61,9
tomato,Satara,2026-04-18,151.48,9
tomato,Satara,2026-04-19,158.19,9
tomato,Satara,2026-04-20,137.01,5
tomato,Satara,2026-04-21,126.46,7
tomato,Satara,2026-04-22,136.77,6
tomato,Satara,2026-04-23,124.76,5
tomato,Satara,2026-04-24,153.18,9
tomato,Satara,2026-04-25,154.68,6
tomato,Satara,2026-04-26,147.8,6
tomato,Satara,2026-04-27,124.75,5
tomato,Satara,2026-04-28,135.36,8
tomato,Satara,2026-04-29,139.97,6
tomato,Satara,2026-04-30,141.1,5
tomato,Satara,2026-05-01,160.82,8
tomato,Satara,2026-05-02,143.78,5
tomato,Satara,2026-05-03,156.63,10
tomato,Satara,2026-05-04,133.71,5
tomato,Satara,2026-05-05,125.1,8
tomato,Satara,2026-05-06,131.21,5
tomato,Satara,2026-05-07,144.1,6
tomato,Satara,2026-05-08,153.28,8
tomato,Satara,2026-05-09,163.55,9
tomato,Satara,2026-05-10,151.8,7
tomato,Satara,2026-05-11,148.53,6
tomato,Satara,2026-05-12,132.94,8
tomato,Satara,2026-05-13,136.55,5
tomato,Satara,2026-05-14,147.15,7
tomato,Satara,2026-05-15,163.82,7
tomato,Satara,2026-05-16,165.52,9
tomato,Satara,2026-05-17,171.05,9
tomato,Satara,2026-05-18,145.22,6
tomato,Satara,2026-05-19,148.68,7
tomato,Satara,2026-05-20,153.73,7
tomato,Satara,2026-05-21,149.03,6
tomato,Satara,2026-05-22,171.49,10
tomato,Satara,2026-05-23,161.46,8
tomato,Satara,2026-05-24,162.47,8
tomato,Satara,2026-05-25,152.15,8
tomato,Satara,2026-05-26,150.91,9
tomato,Satara,2026-05-27,156.76,6
tomato,Satara,2026-05-28,152.98,8
tomato,Satara,2026-05-29,159.62,6
tomato,Satara,2026-05-30,167.06,8
tomato,Satara,2026-05-31,175.19,8
tomato,Satara,2026-06-01,157.12,6
tomato,Satara,2026-06-02,149.25,7
tomato,Satara,2026-06-03,151.62,9
tomato,Satara,2026-06-04,151.64,8
tomato,Satara,2026-06-05,160.74,9
tomato,Satara,2026-06-06,160.07,8
tomato,Satara,2026-06-07,176.02,10
tomato,Satara,2026-06-08,148.58,9
tomato,Satara,2026-06-09,150.08,5
tomato,Satara,2026-06-10,135.14,5
tomato,Satara,2026-06-11,143.81,7
tomato,Satara,2026-06-12,161.93,6
tomato,Satara,2026-06-13,158.02,6
tomato,Satara,2026-06-14,164.33,6
tomato,Satara,2026-06-15,142.2,5
tomato,Satara,2026-06-16,136.13,5
tomato,Satara,2026-06-17,133.78,7
tomato,Satara,2026-06-18,128.24,7
tomato,Satara,2026-06-19,147.59,5
tomato,Satara,2026-06-20,155.65,7
tomato,Satara,2026-06-21,160.8,6
tomato,Satara,2026-06-22,124.15,6
tomato,Satara,2026-06-23,131.75,8
tomato,Satara,2026-06-24,129.48,6
tomato,Satara,2026-06-25,139.69,7
tomato,Satara,2026-06-26,155.83,8
tomato,Satara,2026-06-27,151.7,7
tomato,Satara,2026-06-28,143.52,9
tomato,Satara,2026-06-29,124.24,6
tomato,Satara,2026-06-30,125.92,5
tomato,Satara,2026-07-01,131.63,5
tomato,Satara,2026-07-02,133.28,5
tomato,Satara,2026-07-03,160.71,8
tomato,Satara,2026-07-04,145.46,9
tomato,Satara,2026-07-05,163.95,10
tomato,Satara,2026-07-06,141.54,8
tomato,Satara,2026-07-07,143.64,8
tomato,Satara,2026-07-08,145.37,7
tomato,Satara,2026-07-09,136.31,7
tomato,Satara,2026-07-10,157.32,10
tomato,Satara,2026-07-11,157.81,10
tomato,Satara,2026-07-12,159.08,7
tomato,Satara,2026-07-13,133.16,7
tomato,Satara,2026-07-14,136.81,7
tomato,Satara,2026-07-15,139.5,7
tomato,Satara,2026-07-16,135.85,6
tomato,Satara,2026-07-17,171.39,8
tomato,Satara,2026-07-18,163.34,6
tomato,Satara,2026-07-19,159.61,7
tomato,Satara,2026-07-20,137.13,6
tomato,Satara,2026-07-21,155.71,9
tomato,Satara,2026-07-22,146.97,9
tomato,Satara,2026-07-23,154.74,8
tomato,Satara,2026-07-24,176.54,6
tomato,Satara,2026-07-25,170.51,7
tomato,Satara,2026-07-26,174.8,9
tomato,Satara,2026-07-27,158.69,9
tomato,Satara,2026-07-28,140.5,6
tomato,Satara,2026-07-29,145.03,7
tomato,Satara,2026-07-30,143.92,9
tomato,Satara,2026-07-31,185.03,12
tomato,Satara,2026-08-01,177.09,7
tomato,Satara,2026-08-02,172.6,7
tomato,Satara,2026-08-03,157.55,7
tomato,Satara,2026-08-04,146.01,8
tomato,Satara,2026-08-05,143.38,5
tomato,Satara,2026-08-06,145.63,8
tomato,Satara,2026-08-07,176.9,6
tomato,Satara,2026-08-08,176.13,9
tomato,Satara,2026-08-09,162.18,8
tomato,Satara,2026-08-10,156.91,7
tomato,Satara,2026-08-11,149.47,6
tomato,Satara,2026-08-12,149.84,6
tomato,Satara,2026-08-13,151.46,7
tomato,Satara,2026-08-14,172.41,8
tomato,Satara,2026-08-15,175.46,8
tomato,Satara,2026-08-16,164.96,7
tomato,Satara,2026-08-17,137.24,6
tomato,Satara,2026-08-18,144.33,9
tomato,Satara,2026-08-19,148.72,8
tomato,Satara,2026-08-20,140.79,8
tomato,Satara,2026-08-21,173.38,8
tomato,Satara,2026-08-22,170.11,9
tomato,Satara,2026-08-23,166.51,6
tomato,Satara,2026-08-24,157.41,6
tomato,Satara,2026-08-25,149.37,6
tomato,Satara,2026-08-26,154.97,7
tomato,Satara,2026-08-27,149.8,8
tomato,Satara,2026-08-28,161.33,7
tomato,Satara,2026-08-29,183.02,6
tomato,Satara,2026-08-30,163.84,7
tomato,Satara,2026-08-31,150.82,8
tomato,Satara,2026-09-01,151.65,9
tomato,Satara,2026-09-02,161.01,7
tomato,Satara,2026-09-03,153.79,7
tomato,Satara,2026-09-04,171.03,7
tomato,Satara,2026-09-05,177.05,7
tomato,Satara,2026-09-06,189.51,9
tomato,Satara,2026-09-07,153.75,6
tomato,Sangli,2026-04-11,134.15,7
tomato,Sangli,2026-04-12,139.71,6
tomato,Sangli,2026-04-13,122.87,5
tomato,Sangli,2026-04-14,113.62,7
tomato,Sangli,2026-04-15,117.05,6
tomato,Sangli,2026-04-16,115.98,5
tomato,Sangli,2026-04-17,132.49,8
tomato,Sangli,2026-04-18,127.85,8
tomato,Sangli,2026-04-19,132.72,5
tomato,Sangli,2026-04-20,116.62,5
tomato,Sangli,2026-04-21,113.88,5
tomato,Sangli,2026-04-22,119.46,7
tomato,Sangli,2026-04-23,117.15,6
tomato,Sangli,2026-04-24,133.98,5
tomato,Sangli,2026-04-25,130.31,7
tomato,Sangli,2026-04-26,130.91,5
tomato,Sangli,2026-04-27,120.67,7
tomato,Sangli,2026-04-28,112.47,6
tomato,Sangli,2026-04-29,110.96,4
tomato,Sangli,2026-04-30,120.3,5
tomato,Sangli,2026-05-01,129.58,5
tomato,Sangli,2026-05-02,131.29,5
tomato,Sangli,2026-05-03,131.98,5
tomato,Sangli,2026-05-04,117.29,5
tomato,Sangli,2026-05-05,120.91,6
tomato,Sangli,2026-05-06,118.48,6
tomato,Sangli,2026-05-07,121.11,6
tomato,Sangli,2026-05-08,129.92,7
tomato,Sangli,2026-05-09,134.85,6
tomato,Sangli,2026-05-10,144.69,6
tomato,Sangli,2026-05-11,115.3,6
tomato,Sangli,2026-05-12,116.36,6
tomato,Sangli,2026-05-13,127.94,5
tomato,Sangli,2026-05-14,129.42,6
tomato,Sangli,2026-05-15,145.59,6
tomato,Sangli,2026-05-16,145.13,6
tomato,Sangli,2026-05-17,145.65,6
tomato,Sangli,2026-05-18,123.82,6
tomato,Sangli,2026-05-19,124.26,7
tomato,Sangli,2026-05-20,126.23,6
tomato,Sangli,2026-05-21,133.31,8
tomato,Sangli,2026-05-22,149.51,6
tomato,Sangli,2026-05-23,141.11,6
tomato,Sangli,2026-05-24,147.27,9
tomato,Sangli,2026-05-25,127.75,6
tomato,Sangli,2026-05-26,134.17,6
tomato,Sangli,2026-05-27,125.32,5
tomato,Sangli,2026-05-28,124.43,6
tomato,Sangli,2026-05-29,151.74,8
tomato,Sangli,2026-05-30,138.74,8
tomato,Sangli,2026-05-31,136.34,6
tomato,Sangli,2026-06-01,134.42,7
tomato,Sangli,2026-06-02,118.55,5
tomato,Sangli,2026-06-03,132.98,5
tomato,Sangli,2026-06-04,127.74,6
tomato,Sangli,2026-06-05,148.07,6
tomato,Sangli,2026-06-06,136.7,6
tomato,Sangli,2026-06-07,148.15,6
tomato,Sangli,2026-06-08,118.55,5
tomato,Sangli,2026-06-09,122.81,6
tomato,Sangli,2026-06-10,117.15,5
tomato,Sangli,2026-06-11,113.69,6
tomato,Sangli,2026-06-12,142.07,8
tomato,Sangli,2026-06-13,131.59,6
tomato,Sangli,2026-06-14,127.2,7
tomato,Sangli,2026-06-15,123.97,5
tomato,Sangli,2026-06-16,112.15,4
tomato,Sangli,2026-06-17,111.65,4
tomato,Sangli,2026-06-18,108.92,5
tomato,Sangli,2026-06-19,128.92,5
tomato,Sangli,2026-06-20,130.98,8
tomato,Sangli,2026-06-21,134.31,5
tomato,Sangli,2026-06-22,107.77,7
tomato,Sangli,2026-06-23,120.6,8
tomato,Sangli,2026-06-24,120.58,7
tomato,Sangli,2026-06-25,107.47,5
tomato,Sangli,2026-06-26,132.5,8
tomato,Sangli,2026-06-27,136.65,8
tomato,Sangli,2026-06-28,129.4,7
tomato,Sangli,2026-06-29,115.46,5
tomato,Sangli,2026-06-30,117.38,7
tomato,Sangli,2026-07-01,110.25,5
tomato,Sangli,2026-07-02,110.6,4
tomato,Sangli,2026-07-03,123.52,5
tomato,Sangli,2026-07-04,137.21,6
tomato,Sangli,2026-07-05,135.72,9
tomato,Sangli,2026-07-06,111.82,5
tomato,Sangli,2026-07-07,120.74,6
tomato,Sangli,2026-07-08,123.29,8
tomato,Sangli,2026-07-09,110.58,4
tomato,Sangli,2026-07-10,144.91,6
tomato,Sangli,2026-07-11,136.11,7
tomato,Sangli,2026-07-12,145.11,7
tomato,Sangli,2026-07-13,128.6,5
tomato,Sangli,2026-07-14,114.05,5
tomato,Sangli,2026-07-15,128.46,5
tomato,Sangli,2026-07-16,128.34,7
tomato,Sangli,2026-07-17,136.35,5
tomato,Sangli,2026-07-18,148.31,7
tomato,Sangli,2026-07-19,151.45,8
tomato,Sangli,2026-07-20,121.96,5
tomato,Sangli,2026-07-21,117.93,6
tomato,Sangli,2026-07-22,122.9,6
tomato,Sangli,2026-07-23,128.58,5
tomato,Sangli,2026-07-24,154.79,9
tomato,Sangli,2026-07-25,143.39,5
tomato,Sangli,2026-07-26,146.5,7
tomato,Sangli,2026-07-27,131.26,7
tomato,Sangli,2026-07-28,129.57,5
tomato,Sangli,2026-07-29,136.52,7
tomato,Sangli,2026-07-30,123.08,5
tomato,Sangli,2026-07-31,149.48,9
tomato,Sangli,2026-08-01,144.75,5
tomato,Sangli,2026-08-02,156.02,7
tomato,Sangli,2026-08-03,126.93,8
tomato,Sangli,2026-08-04,134.12,6
tomato,Sangli,2026-08-05,132.47,7
tomato,Sangli,2026-08-06,133.54,6
tomato,Sangli,2026-08-07,138.62,6
tomato,Sangli,2026-08-08,145.04,6
tomato,Sangli,2026-08-09,143.83,9
tomato,Sangli,2026-08-10,131.58,5
tomato,Sangli,2026-08-11,122.61,5
tomato,Sangli,2026-08-12,129.77,7
tomato,Sangli,2026-08-13,129.95,5
tomato,Sangli,2026-08-14,144.31,5
tomato,Sangli,2026-08-15,144.45,5
tomato,Sangli,2026-08-16,142.15,5
tomato,Sangli,2026-08-17,124.7,7
tomato,Sangli,2026-08-18,119.16,4
tomato,Sangli,2026-08-19,134.74,5
tomato,Sangli,2026-08-20,125.8,5
tomato,Sangli,2026-08-21,154.05,8
tomato,Sangli,2026-08-22,135.3,5
tomato,Sangli,2026-08-23,143.19,6
tomato,Sangli,2026-08-24,125.92,7
tomato,Sangli,2026-08-25,123.09,5
tomato,Sangli,2026-08-26,124.66,5
tomato,Sangli,2026-08-27,129.74,7
tomato,Sangli,2026-08-28,149.75,6
tomato,Sangli,2026-08-29,144.11,9
tomato,Sangli,2026-08-30,147.07,8
tomato,Sangli,2026-08-31,126.51,7
tomato,Sangli,2026-09-01,135.44,5
tomato,Sangli,2026-09-02,132.74,5
tomato,Sangli,2026-09-03,128.1,5
tomato,Sangli,2026-09-04,160.11,8
tomato,Sangli,2026-09-05,166.79,7
tomato,Sangli,2026-09-06,167.57,7
tomato,Sangli,2026-09-07,144.8,5
tomato,Ahmednagar,2026-04-11,178.27,8
tomato,Ahmednagar,2026-04-12,173.86,6
tomato,Ahmednagar,2026-04-13,146.96,7
tomato,Ahmednagar,2026-04-14,153.44,6
tomato,Ahmednagar,2026-04-15,153.54,6
tomato,Ahmednagar,2026-04-16,150.53,9
tomato,Ahmednagar,2026-04-17,157.76,6
tomato,Ahmednagar,2026-04-18,172.46,8
tomato,Ahmednagar,2026-04-19,162.28,10
tomato,Ahmednagar,2026-04-20,135.45,7
tomato,Ahmednagar,2026-04-21,137.56,6
tomato,Ahmednagar,2026-04-22,133.93,5
tomato,Ahmednagar,2026-04-23,144.01,8
tomato,Ahmednagar,2026-04-24,165.38,10
tomato,Ahmednagar,2026-04-25,164.64,8
tomato,Ahmednagar,2026-04-26,172.91,9
tomato,Ahmednagar,2026-04-27,137.58,5
tomato,Ahmednagar,2026-04-28,143.67,7
tomato,Ahmednagar,2026-04-29,146.74,8
tomato,Ahmednagar,2026-04-30,140.37,6
tomato,Ahmednagar,2026-05-01,156.7,7
tomato,Ahmednagar,2026-05-02,164.56,8
tomato,Ahmednagar,2026-05-03,161.05,10
tomato,Ahmednagar,2026-05-04,136.8,5
tomato,Ahmednagar,2026-05-05,145.46,6
tomato,Ahmednagar,2026-05-06,142.02,7
tomato,Ahmednagar,2026-05-07,150.75,6
tomato,Ahmednagar,2026-05-08,163.13,7
tomato,Ahmednagar,2026-05-09,162.94,6
tomato,Ahmednagar,2026-05-10,159.83,7
tomato,Ahmednagar,2026-05-11,143.9,7
tomato,Ahmednagar,2026-05-12,147.15,6
tomato,Ahmednagar,2026-05-13,156.6,6
tomato,Ahmednagar,2026-05-14,144.21,5
tomato,Ahmednagar,2026-05-15,172.62,10
tomato,Ahmednagar,2026-05-16,172.92,6
tomato,Ahmednagar,2026-05-17,167.2,7
tomato,Ahmednagar,2026-05-18,164.63,7
tomato,Ahmednagar,2026-05-19,154.57,6
tomato,Ahmednagar,2026-05-20,162.19,6
tomato,Ahmednagar,2026-05-21,148.33,7
tomato,Ahmednagar,2026-05-22,170.79,6
tomato,Ahmednagar,2026-05-23,180.04,7
tomato,Ahmednagar,2026-05-24,183.67,8
tomato,Ahmednagar,2026-05-25,159.0,8
tomato,Ahmednagar,2026-05-26,150.08,8
tomato,Ahmednagar,2026-05-27,149.86,7
tomato,Ahmednagar,2026-05-28,160.19,9
tomato,Ahmednagar,2026-05-29,185.18,7
tomato,Ahmednagar,2026-05-30,189.72,7
tomato,Ahmednagar,2026-05-31,191.38,7
tomato,Ahmednagar,2026-06-01,147.17,6
tomato,Ahmednagar,2026-06-02,155.57,10
tomato,Ahmednagar,2026-06-03,163.04,7
tomato,Ahmednagar,2026-06-04,161.18,6
tomato,Ahmednagar,2026-06-05,180.38,12
tomato,Ahmednagar,2026-06-06,190.28,7
tomato,Ahmednagar,2026-06-07,170.68,10
tomato,Ahmednagar,2026-06-08,153.55,7
tomato,Ahmednagar,2026-06-09,156.14,5
tomato,Ahmednagar,2026-06-10,144.27,7
tomato,Ahmednagar,2026-06-11,145.47,5
tomato,Ahmednagar,2026-06-12,166.23,6
tomato,Ahmednagar,2026-06-13,162.26,6
tomato,Ahmednagar,2026-06-14,161.76,8
tomato,Ahmednagar,2026-06-15,142.05,5
tomato,Ahmednagar,2026-06-16,141.7,5
tomato,Ahmednagar,2026-06-17,150.72,9
tomato,Ahmednagar,2026-06-18,141.42,7
tomato,Ahmednagar,2026-06-19,175.33,11
tomato,Ahmednagar,2026-06-20,169.44,7
tomato,Ahmednagar,2026-06-21,163.64,7
tomato,Ahmednagar,2026-06-22,144.24,9
tomato,Ahmednagar,2026-06-23,140.71,6
tomato,Ahmednagar,2026-06-24,134.06,5
tomato,Ahmednagar,2026-06-25,131.35,5
tomato,Ahmednagar,2026-06-26,159.79,8
tomato,Ahmednagar,2026-06-27,169.93,10
tomato,Ahmednagar,2026-06-28,159.57,10
tomato,Ahmednagar,2026-06-29,148.51,8
tomato,Ahmednagar,2026-06-30,140.46,9
tomato,Ahmednagar,2026-07-01,140.67,6
tomato,Ahmednagar,2026-07-02,148.98,7
tomato,Ahmednagar,2026-07-03,168.04,8
tomato,Ahmednagar,2026-07-04,167.48,11
tomato,Ahmednagar,2026-07-05,161.47,8
tomato,Ahmednagar,2026-07-06,147.31,9
tomato,Ahmednagar,2026-07-07,150.03,6
tomato,Ahmednagar,2026-07-08,146.47,6
tomato,Ahmednagar,2026-07-09,141.13,7
tomato,Ahmednagar,2026-07-10,168.6,9
tomato,Ahmednagar,2026-07-11,167.76,10
tomato,Ahmednagar,2026-07-12,178.9,7
tomato,Ahmednagar,2026-07-13,154.37,9
tomato,Ahmednagar,2026-07-14,162.45,8
tomato,Ahmednagar,2026-07-15,159.41,8
tomato,Ahmednagar,2026-07-16,150.45,7
tomato,Ahmednagar,2026-07-17,172.79,7
tomato,Ahmednagar,2026-07-18,186.31,7
tomato,Ahmednagar,2026-07-19,176.53,7
tomato,Ahmednagar,2026-07-20,166.58,7
tomato,Ahmednagar,2026-07-21,151.0,9
tomato,Ahmednagar,2026-07-22,169.09,7
tomato,Ahmednagar,2026-07-23,151.35,6
tomato,Ahmednagar,2026-07-24,189.38,11
tomato,Ahmednagar,2026-07-25,171.33,9
tomato,Ahmednagar,2026-07-26,190.17,10
tomato,Ahmednagar,2026-07-27,170.86,7
tomato,Ahmednagar,2026-07-28,154.85,6
tomato,Ahmednagar,2026-07-29,168.57,7
tomato,Ahmednagar,2026-07-30,169.67,8
tomato,Ahmednagar,2026-07-31,175.47,10
tomato,Ahmednagar,2026-08-01,195.99,7
tomato,Ahmednagar,2026-08-02,194.66,11
tomato,Ahmednagar,2026-08-03,166.45,10
tomato,Ahmednagar,2026-08-04,154.2,6
tomato,Ahmednagar,2026-08-05,157.74,8
tomato,Ahmednagar,2026-08-06,156.36,7
tomato,Ahmednagar,2026-08-07,176.92,7
tomato,Ahmednagar,2026-08-08,183.53,10
tomato,Ahmednagar,2026-08-09,181.91,8
tomato,Ahmednagar,2026-08-10,159.41,9
tomato,Ahmednagar,2026-08-11,162.34,7
tomato,Ahmednagar,2026-08-12,161.58,6
tomato,Ahmednagar,2026-08-13,160.11,8
tomato,Ahmednagar,2026-08-14,193.65,7
tomato,Ahmednagar,2026-08-15,191.85,12
tomato,Ahmednagar,2026-08-16,179.99,7
tomato,Ahmednagar,2026-08-17,147.82,5
tomato,Ahmednagar,2026-08-18,168.25,9
tomato,Ahmednagar,2026-08-19,162.24,7
tomato,Ahmednagar,2026-08-20,164.65,9
tomato,Ahmednagar,2026-08-21,183.87,9
tomato,Ahmednagar,2026-08-22,192.2,8
tomato,Ahmednagar,2026-08-23,172.01,7
tomato,Ahmednagar,2026-08-24,153.0,6
tomato,Ahmednagar,2026-08-25,162.72,9
tomato,Ahmednagar,2026-08-26,152.18,7
tomato,Ahmednagar,2026-08-27,162.86,9
tomato,Ahmednagar,2026-08-28,186.94,8
tomato,Ahmednagar,2026-08-29,190.14,12
tomato,Ahmednagar,2026-08-30,191.38,7
tomato,Ahmednagar,2026-08-31,174.92,11
tomato,Ahmednagar,2026-09-01,161.52,8
tomato,Ahmednagar,2026-09-02,173.65,9
tomato,Ahmednagar,2026-09-03,158.86,8
tomato,Ahmednagar,2026-09-04,184.09,7
tomato,Ahmednagar,2026-09-05,189.17,9
tomato,Ahmednagar,2026-09-06,205.54,9
tomato,Ahmednagar,2026-09-07,175.83,10
onion,Nashik,2026-04-11,331.64,17
onion,Nashik,2026-04-12,350.07,18
onion,Nashik,2026-04-13,283.47,11
onion,Nashik,2026-04-14,300.02,13
onion,Nashik,2026-04-15,277.86,15
onion,Nashik,2026-04-16,283.29,10
onion,Nashik,2026-04-17,337.0,12
onion,Nashik,2026-04-18,336.13,13
onion,Nashik,2026-04-19,313.42,14
onion,Nashik,2026-04-20,279.72,13
onion,Nashik,2026-04-21,293.13,9
onion,Nashik,2026-04-22,293.88,10
onion,Nashik,2026-04-23,281.23,12
onion,Nashik,2026-04-24,307.76,11
onion,Nashik,2026-04-25,316.04,13
onion,Nashik,2026-04-26,311.8,14
onion,Nashik,2026-04-27,270.26,10
onion,Nashik,2026-04-28,267.95,10
onion,Nashik,2026-04-29,268.01,9
onion,Nashik,2026-04-30,296.97,11
onion,Nashik,2026-05-01,329.36,14
onion,Nashik,2026-05-02,299.58,11
onion,Nashik,2026-05-03,307.04,10
onion,Nashik,2026-05-04,289.16,12
onion,Nashik,2026-05-05,296.55,10
onion,Nashik,2026-05-06,294.08,13
onion,Nashik,2026-05-07,295.42,15
onion,Nashik,2026-05-08,313.97,18
onion,Nashik,2026-05-09,320.77,11
onion,Nashik,2026-05-10,342.87,13
onion,Nashik,2026-05-11,288.13,10
onion,Nashik,2026-05-12,290.16,10
onion,Nashik,2026-05-13,316.57,12
onion,Nashik,2026-05-14,289.12,14
onion,Nashik,2026-05-15,339.94,15
onion,Nashik,2026-05-16,319.37,11
onion,Nashik,2026-05-17,346.02,13
onion,Nashik,2026-05-18,315.92,12
onion,Nashik,2026-05-19,299.42,16
onion,Nashik,2026-05-20,294.62,12
onion,Nashik,2026-05-21,300.49,13
onion,Nashik,2026-05-22,326.44,17
onion,Nashik,2026-05-23,347.63,15
onion,Nashik,2026-05-24,342.18,15
onion,Nashik,2026-05-25,318.11,12
onion,Nashik,2026-05-26,330.12,10
onion,Nashik,2026-05-27,308.8,10
onion,Nashik,2026-05-28,313.07,11
onion,Nashik,2026-05-29,359.98,13
onion,Nashik,2026-05-30,364.69,16
onion,Nashik,2026-05-31,358.11,20
onion,Nashik,2026-06-01,301.43,15
onion,Nashik,2026-06-02,330.06,12
onion,Nashik,2026-06-03,307.6,14
onion,Nashik,2026-06-04,309.88,11
onion,Nashik,2026-06-05,343.2,12
onion,Nashik,2026-06-06,330.84,18
onion,Nashik,2026-06-07,358.02,15
onion,Nashik,2026-06-08,310.88,13
onion,Nashik,2026-06-09,304.25,15
onion,Nashik,2026-06-10,302.93,13
onion,Nashik,2026-06-11,284.62,9
onion,Nashik,2026-06-12,342.83,15
onion,Nashik,2026-06-13,313.54,14
onion,Nashik,2026-06-14,311.23,10
onion,Nashik,2026-06-15,302.91,10
onion,Nashik,2026-06-16,305.38,12
onion,Nashik,2026-06-17,296.02,10
onion,Nashik,2026-06-18,275.14,13
onion,Nashik,2026-06-19,324.91,13
onion,Nashik,2026-06-20,295.65,10
onion,Nashik,2026-06-21,326.71,18
onion,Nashik,2026-06-22,267.23,15
onion,Nashik,2026-06-23,267.67,12
onion,Nashik,2026-06-24,277.93,15
onion,Nashik,2026-06-25,296.41,13
onion,Nashik,2026-06-26,298.26,10
onion,Nashik,2026-06-27,327.38,16
onion,Nashik,2026-06-28,293.18,16
onion,Nashik,2026-06-29,292.97,9
onion,Nashik,2026-06-30,290.57,9
onion,Nashik,2026-07-01,289.4,13
onion,Nashik,2026-07-02,275.63,9
onion,Nashik,2026-07-03,305.3,10
onion,Nashik,2026-07-04,332.0,12
onion,Nashik,2026-07-05,310.91,13
onion,Nashik,2026-07-06,301.79,11
onion,Nashik,2026-07-07,294.58,11
onion,Nashik,2026-07-08,280.39,12
onion,Nashik,2026-07-09,301.76,16
onion,Nashik,2026-07-10,309.64,14
onion,Nashik,2026-07-11,318.33,10
onion,Nashik,2026-07-12,331.97,14
onion,Nashik,2026-07-13,286.58,11
onion,Nashik,2026-07-14,301.3,10
onion,Nashik,2026-07-15,320.59,13
onion,Nashik,2026-07-16,321.97,12
onion,Nashik,2026-07-17,352.23,16
onion,Nashik,2026-07-18,334.91,18
onion,Nashik,2026-07-19,327.13,14
onion,Nashik,2026-07-20,312.53,12
onion,Nashik,2026-07-21,310.29,12
onion,Nashik,2026-07-22,308.26,17
onion,Nashik,2026-07-23,327.72,19
onion,Nashik,2026-07-24,359.24,19
onion,Nashik,2026-07-25,339.33,11
onion,Nashik,2026-07-26,345.33,13
onion,Nashik,2026-07-27,337.53,14
onion,Nashik,2026-07-28,338.81,18
onion,Nashik,2026-07-29,330.37,16
onion,Nashik,2026-07-30,328.58,12
onion,Nashik,2026-07-31,353.25,11
onion,Nashik,2026-08-01,363.21,15
onion,Nashik,2026-08-02,335.35,17
onion,Nashik,2026-08-03,333.86,11
onion,Nashik,2026-08-04,298.36,12
onion,Nashik,2026-08-05,316.92,10
onion,Nashik,2026-08-06,319.27,15
onion,Nashik,2026-08-07,352.13,13
onion,Nashik,2026-08-08,322.48,14
onion,Nashik,2026-08-09,334.32,14
onion,Nashik,2026-08-10,318.2,14
onion,Nashik,2026-08-11,302.59,15
onion,Nashik,2026-08-12,314.42,17
onion,Nashik,2026-08-13,297.22,12
onion,Nashik,2026-08-14,321.37,15
onion,Nashik,2026-08-15,350.95,12
onion,Nashik,2026-08-16,327.19,13
onion,Nashik,2026-08-17,315.79,16
onion,Nashik,2026-08-18,315.15,11
onion,Nashik,2026-08-19,284.64,15
onion,Nashik,2026-08-20,288.87,10
onion,Nashik,2026-08-21,307.99,10
onion,Nashik,2026-08-22,314.97,13
onion,Nashik,2026-08-23,338.79,12
onion,Nashik,2026-08-24,292.7,14
onion,Nashik,2026-08-25,310.1,17
onion,Nashik,2026-08-26,295.04,13
onion,Nashik,2026-08-27,306.04,12
onion,Nashik,2026-08-28,331.06,10
onion,Nashik,2026-08-29,329.29,12
onion,Nashik,2026-08-30,335.93,11
onion,Nashik,2026-08-31,298.08,11
onion,Nashik,2026-09-01,306.9,15
onion,Nashik,2026-09-02,289.32,13
onion,Nashik,2026-09-03,313.31,13
onion,Nashik,2026-09-04,325.26,11
onion,Nashik,2026-09-05,334.21,19
onion,Nashik,2026-09-06,359.85,14
onion,Nashik,2026-09-07,332.47,13
onion,Pune,2026-04-11,469.91,19
onion,Pune,2026-04-12,489.85,18
onion,Pune,2026-04-13,400.6,14
onion,Pune,2026-04-14,438.08,18
onion,Pune,2026-04-15,410.58,13
onion,Pune,2026-04-16,432.73,17
onion,Pune,2026-04-17,431.1,16
onion,Pune,2026-04-18,431.11,20
onion,Pune,2026-04-19,427.84,15
onion,Pune,2026-04-20,379.85,15
onion,Pune,2026-04-21,379.93,14
onion,Pune,2026-04-22,407.42,14
onion,Pune,2026-04-23,383.16,13
onion,Pune,2026-04-24,452.85,14
onion,Pune,2026-04-25,416.73,18
onion,Pune,2026-04-26,439.51,19
onion,Pune,2026-04-27,386.28,19
onion,Pune,2026-04-28,405.62,16
onion,Pune,2026-04-29,409.75,13
onion,Pune,2026-04-30,376.15,14
onion,Pune,2026-05-01,439.23,18
onion,Pune,2026-05-02,440.23,21
onion,Pune,2026-05-03,457.78,26
onion,Pune,2026-05-04,401.61,21
onion,Pune,2026-05-05,422.61,22
onion,Pune,2026-05-06,380.78,15
onion,Pune,2026-05-07,416.38,17
onion,Pune,2026-05-08,454.53,14
onion,Pune,2026-05-09,467.76,16
onion,Pune,2026-05-10,434.07,23
onion,Pune,2026-05-11,398.94,14
onion,Pune,2026-05-12,422.42,14
onion,Pune,2026-05-13,425.89,16
onion,Pune,2026-05-14,448.0,18
onion,Pune,2026-05-15,447.06,14
onion,Pune,2026-05-16,449.98,21
onion,Pune,2026-05-17,490.9,27
onion,Pune,2026-05-18,448.93,15
onion,Pune,2026-05-19,455.39,15
onion,Pune,2026-05-20,458.08,15
onion,Pune,2026-05-21,459.77,20
onion,Pune,2026-05-22,471.74,17
onion,Pune,2026-05-23,495.93,21
onion,Pune,2026-05-24,492.25,26
onion,Pune,2026-05-25,443.0,15
onion,Pune,2026-05-26,427.45,14
onion,Pune,2026-05-27,440.0,25
onion,Pune,2026-05-28,451.46,23
onion,Pune,2026-05-29,499.93,18
onion,Pune,2026-05-30,482.9,22
onion,Pune,2026-05-31,481.62,16
onion,Pune,2026-06-01,462.39,15
onion,Pune,2026-06-02,451.0,21
onion,Pune,2026-06-03,415.57,15
onion,Pune,2026-06-04,436.24,19
onion,Pune,2026-06-05,465.8,21
onion,Pune,2026-06-06,469.44,24
onion,Pune,2026-06-07,464.97,20
onion,Pune,2026-06-08,443.77,18
onion,Pune,2026-06-09,416.48,14
onion,Pune,2026-06-10,440.98,16
onion,Pune,2026-06-11,439.02,18
onion,Pune,2026-06-12,470.33,20
onion,Pune,2026-06-13,483.17,16
onion,Pune,2026-06-14,439.58,22
onion,Pune,2026-06-15,400.78,21
onion,Pune,2026-06-16,420.15,15
onion,Pune,2026-06-17,419.3,13
onion,Pune,2026-06-18,395.16,13
onion,Pune,2026-06-19,454.24,24
onion,Pune,2026-06-20,445.74,14
onion,Pune,2026-06-21,416.91,17
onion,Pune,2026-06-22,394.59,15
onion,Pune,2026-06-23,416.0,17
onion,Pune,2026-06-24,391.15,15
onion,Pune,2026-06-25,394.32,14
onion,Pune,2026-06-26,435.16,16
onion,Pune,2026-06-27,427.77,14
onion,Pune,2026-06-28,411.54,13
onion,Pune,2026-06-29,409.61,14
onion,Pune,2026-06-30,375.94,12
onion,Pune,2026-07-01,407.73,16
onion,Pune,2026-07-02,394.45,16
onion,Pune,2026-07-03,455.57,15
onion,Pune,2026-07-04,444.0,18
onion,Pune,2026-07-05,448.56,24
onion,Pune,2026-07-06,390.68,14
onion,Pune,2026-07-07,427.32,24
onion,Pune,2026-07-08,396.56,13
onion,Pune,2026-07-09,391.89,15
onion,Pune,2026-07-10,432.42,15
onion,Pune,2026-07-11,436.12,15
onion,Pune,2026-07-12,456.11,22
onion,Pune,2026-07-13,409.01,13
onion,Pune,2026-07-14,420.15,14
onion,Pune,2026-07-15,427.55,17
onion,Pune,2026-07-16,426.45,15
onion,Pune,2026-07-17,501.7,19
onion,Pune,2026-07-18,490.21,20
onion,Pune,2026-07-19,466.98,16
onion,Pune,2026-07-20,439.24,18
onion,Pune,2026-07-21,438.49,16
onion,Pune,2026-07-22,467.09,17
onion,Pune,2026-07-23,442.31,22
onion,Pune,2026-07-24,491.89,16
onion,Pune,2026-07-25,481.04,16
onion,Pune,2026-07-26,511.13,19
onion,Pune,2026-07-27,434.27,25
onion,Pune,2026-07-28,465.36,15
onion,Pune,2026-07-29,425.69,17
onion,Pune,2026-07-30,422.14,17
onion,Pune,2026-07-31,465.22,19
onion,Pune,2026-08-01,511.9,26
onion,Pune,2026-08-02,506.49,18
onion,Pune,2026-08-03,429.11,19
onion,Pune,2026-08-04,428.19,19
onion,Pune,2026-08-05,426.92,20
onion,Pune,2026-08-06,424.33,17
onion,Pune,2026-08-07,490.57,19
onion,Pune,2026-08-08,480.46,21
onion,Pune,2026-08-09,498.4,17
onion,Pune,2026-08-10,456.28,24
onion,Pune,2026-08-11,439.41,18
onion,Pune,2026-08-12,426.63,16
onion,Pune,2026-08-13,407.16,22
onion,Pune,2026-08-14,448.13,18
onion,Pune,2026-08-15,481.17,22
onion,Pune,2026-08-16,447.19,14
onion,Pune,2026-08-17,424.36,15
onion,Pune,2026-08-18,439.73,25
onion,Pune,2026-08-19,426.99,18
onion,Pune,2026-08-20,425.84,24
onion,Pune,2026-08-21,443.85,17
onion,Pune,2026-08-22,477.26,16
onion,Pune,2026-08-23,474.64,16
onion,Pune,2026-08-24,412.07,13
onion,Pune,2026-08-25,400.45,15
onion,Pune,2026-08-26,405.27,13
onion,Pune,2026-08-27,417.11,16
onion,Pune,2026-08-28,465.85,17
onion,Pune,2026-08-29,465.38,19
onion,Pune,2026-08-30,435.33,19
onion,Pune,2026-08-31,448.0,15
onion,Pune,2026-09-01,448.76,15
onion,Pune,2026-09-02,444.91,15
onion,Pune,2026-09-03,433.41,19
onion,Pune,2026-09-04,481.85,17
onion,Pune,2026-09-05,467.37,18
onion,Pune,2026-09-06,494.14,17
onion,Pune,2026-09-07,441.85,19
onion,Satara,2026-04-11,176.48,9
onion,Satara,2026-04-12,167.87,7
onion,Satara,2026-04-13,162.39,7
onion,Satara,2026-04-14,148.89,5
onion,Satara,2026-04-15,154.64,6
onion,Satara,2026-04-16,158.93,8
onion,Satara,2026-04-17,177.22,7
onion,Satara,2026-04-18,171.09,6
onion,Satara,2026-04-19,166.67,5
onion,Satara,2026-04-20,145.87,7
onion,Satara,2026-04-21,159.71,7
onion,Satara,2026-04-22,151.73,5
onion,Satara,2026-04-23,157.23,6
onion,Satara,2026-04-24,170.92,6
onion,Satara,2026-04-25,163.95,8
onion,Satara,2026-04-26,160.66,7
onion,Satara,2026-04-27,144.92,5
onion,Satara,2026-04-28,143.58,6
onion,Satara,2026-04-29,156.91,6
onion,Satara,2026-04-30,145.62,6
onion,Satara,2026-05-01,172.67,6
onion,Satara,2026-05-02,160.48,6
onion,Satara,2026-05-03,163.98,9
onion,Satara,2026-05-04,157.34,6
onion,Satara,2026-05-05,144.97,8
onion,Satara,2026-05-06,156.54,7
onion,Satara,2026-05-07,158.1,5
onion,Satara,2026-05-08,163.6,5
onion,Satara,2026-05-09,180.47,9
onion,Satara,2026-05-10,172.54,6
onion,Satara,2026-05-11,160.35,6
onion,Satara,2026-05-12,159.73,6
onion,Satara,2026-05-13,169.59,5
onion,Satara,2026-05-14,152.03,5
onion,Satara,2026-05-15,183.96,7
onion,Satara,2026-05-16,181.09,6
onion,Satara,2026-05-17,179.48,7
onion,Satara,2026-05-18,167.04,6
onion,Satara,2026-05-19,174.62,8
onion,Satara,2026-05-20,172.52,10
onion,Satara,2026-05-21,175.8,8
onion,Satara,2026-05-22,189.2,6
onion,Satara,2026-05-23,178.22,7
onion,Satara,2026-05-24,192.95,7
onion,Satara,2026-05-25,161.26,8
onion,Satara,2026-05-26,172.71,7
onion,Satara,2026-05-27,171.75,6
onion,Satara,2026-05-28,165.95,6
onion,Satara,2026-05-29,194.93,6
onion,Satara,2026-05-30,184.34,9
onion,Satara,2026-05-31,188.23,8
onion,Satara,2026-06-01,172.38,9
onion,Satara,2026-06-02,162.89,7
onion,Satara,2026-06-03,165.31,9
onion,Satara,2026-06-04,163.54,8
onion,Satara,2026-06-05,178.01,6
onion,Satara,2026-06-06,188.26,6
onion,Satara,2026-06-07,172.8,6
onion,Satara,2026-06-08,165.31,6
onion,Satara,2026-06-09,169.87,9
onion,Satara,2026-06-10,161.59,8
onion,Satara,2026-06-11,166.96,6
onion,Satara,2026-06-12,176.29,7
onion,Satara,2026-06-13,170.3,6
onion,Satara,2026-06-14,178.03,9
onion,Satara,2026-06-15,157.43,6
onion,Satara,2026-06-16,150.24,5
onion,Satara,2026-06-17,149.26,8
onion,Satara,2026-06-18,157.8,5
onion,Satara,2026-06-19,172.19,8
onion,Satara,2026-06-20,176.17,8
onion,Satara,2026-06-21,159.69,8
onion,Satara,2026-06-22,155.2,6
onion,Satara,2026-06-23,159.59,6
onion,Satara,2026-06-24,144.86,5
onion,Satara,2026-06-25,151.26,6
onion,Satara,2026-06-26,168.16,5
onion,Satara,2026-06-27,169.64,6
onion,Satara,2026-06-28,170.78,9
onion,Satara,2026-06-29,151.89,6
onion,Satara,2026-06-30,152.59,8
onion,Satara,2026-07-01,159.56,5
onion,Satara,2026-07-02,155.86,6
onion,Satara,2026-07-03,171.41,8
onion,Satara,2026-07-04,176.62,6
onion,Satara,2026-07-05,170.17,7
onion,Satara,2026-07-06,161.91,6
onion,Satara,2026-07-07,154.32,7
onion,Satara,2026-07-08,147.54,6
onion,Satara,2026-07-09,150.21,6
onion,Satara,2026-07-10,172.02,6
onion,Satara,2026-07-11,166.19,9
onion,Satara,2026-07-12,167.31,8
onion,Satara,2026-07-13,157.13,5
onion,Satara,2026-07-14,168.2,8
onion,Satara,2026-07-15,173.07,7
onion,Satara,2026-07-16,168.11,6
onion,Satara,2026-07-17,174.17,8
onion,Satara,2026-07-18,173.17,6
onion,Satara,2026-07-19,189.85,6
onion,Satara,2026-07-20,161.6,9
onion,Satara,2026-07-21,168.96,5
onion,Satara,2026-07-22,165.76,7
onion,Satara,2026-07-23,168.05,8
onion,Satara,2026-07-24,188.84,7
onion,Satara,2026-07-25,190.68,9
onion,Satara,2026-07-26,188.52,10
onion,Satara,2026-07-27,164.73,8
onion,Satara,2026-07-28,173.52,7
onion,Satara,2026-07-29,168.28,6
onion,Satara,2026-07-30,170.71,6
onion,Satara,2026-07-31,194.03,8
onion,Satara,2026-08-01,191.47,9
onion,Satara,2026-08-02,191.0,10
onion,Satara,2026-08-03,160.07,6
onion,Satara,2026-08-04,166.37,7
onion,Satara,2026-08-05,166.5,6
onion,Satara,2026-08-06,173.34,6
onion,Satara,2026-08-07,187.62,8
onion,Satara,2026-08-08,192.96,9
onion,Satara,2026-08-09,172.17,9
onion,Satara,2026-08-10,169.41,6
onion,Satara,2026-08-11,157.97,8
onion,Satara,2026-08-12,170.25,7
onion,Satara,2026-08-13,169.29,5
onion,Satara,2026-08-14,176.47,9
onion,Satara,2026-08-15,171.09,9
onion,Satara,2026-08-16,179.03,6
onion,Satara,2026-08-17,163.6,6
onion,Satara,2026-08-18,156.54,7
onion,Satara,2026-08-19,160.29,5
onion,Satara,2026-08-20,162.78,6
onion,Satara,2026-08-21,167.44,5
onion,Satara,2026-08-22,178.26,6
onion,Satara,2026-08-23,167.11,6
onion,Satara,2026-08-24,156.78,5
onion,Satara,2026-08-25,167.05,8
onion,Satara,2026-08-26,150.07,6
onion,Satara,2026-08-27,167.3,7
onion,Satara,2026-08-28,179.81,7
onion,Satara,2026-08-29,167.49,8
onion,Satara,2026-08-30,166.54,7
onion,Satara,2026-08-31,156.75,8
onion,Satara,2026-09-01,157.31,6
onion,Satara,2026-09-02,156.23,5
onion,Satara,2026-09-03,170.71,6
onion,Satara,2026-09-04,170.75,7
onion,Satara,2026-09-05,182.08,9
onion,Satara,2026-09-06,193.84,7
onion,Satara,2026-09-07,159.38,5
onion,Sangli,2026-04-11,201.99,11
onion,Sangli,2026-04-12,188.17,8
onion,Sangli,2026-04-13,176.65,8
onion,Sangli,2026-04-14,170.28,6
onion,Sangli,2026-04-15,166.77,6
onion,Sangli,2026-04-16,176.45,7
onion,Sangli,2026-04-17,201.9,9
onion,Sangli,2026-04-18,195.61,6
onion,Sangli,2026-04-19,197.84,7
onion,Sangli,2026-04-20,174.43,6
onion,Sangli,2026-04-21,164.86,6
onion,Sangli,2026-04-22,179.09,7
onion,Sangli,2026-04-23,172.34,7
onion,Sangli,2026-04-24,195.31,10
onion,Sangli,2026-04-25,187.18,6
onion,Sangli,2026-04-26,191.88,10
onion,Sangli,2026-04-27,160.95,8
onion,Sangli,2026-04-28,172.46,8
onion,Sangli,2026-04-29,177.53,6
onion,Sangli,2026-04-30,170.41,6
onion,Sangli,2026-05-01,175.78,9
onion,Sangli,2026-05-02,197.35,8
onion,Sangli,2026-05-03,192.17,10
onion,Sangli,2026-05-04,170.3,5
onion,Sangli,2026-05-05,170.84,7
onion,Sangli,2026-05-06,181.13,10
onion,Sangli,2026-05-07,178.39,6
onion,Sangli,2026-05-08,191.13,8
onion,Sangli,2026-05-09,204.12,6
onion,Sangli,2026-05-10,194.68,10
onion,Sangli,2026-05-11,184.23,7
onion,Sangli,2026-05-12,176.38,9
onion,Sangli,2026-05-13,187.34,6
onion,Sangli,2026-05-14,190.75,8
onion,Sangli,2026-05-15,209.4,10
onion,Sangli,2026-05-16,204.28,7
onion,Sangli,2026-05-17,201.74,8
onion,Sangli,2026-05-18,180.54,9
onion,Sangli,2026-05-19,192.89,8
onion,Sangli,2026-05-20,196.99,10
onion,Sangli,2026-05-21,179.08,10
onion,Sangli,2026-05-22,210.52,9
onion,Sangli,2026-05-23,209.76,7
onion,Sangli,2026-05-24,203.08,7
onion,Sangli,2026-05-25,179.17,7
onion,Sangli,2026-05-26,196.27,6
onion,Sangli,2026-05-27,179.51,6
onion,Sangli,2026-05-28,191.29,7
onion,Sangli,2026-05-29,210.2,11
onion,Sangli,2026-05-30,206.29,7
onion,Sangli,2026-05-31,201.63,8
onion,Sangli,2026-06-01,196.47,7
onion,Sangli,2026-06-02,186.9,8
onion,Sangli,2026-06-03,179.4,6
onion,Sangli,2026-06-04,185.85,6
onion,Sangli,2026-06-05,207.44,9
onion,Sangli,2026-06-06,198.46,7
onion,Sangli,2026-06-07,204.11,8
onion,Sangli,2026-06-08,185.14,6
onion,Sangli,2026-06-09,185.09,7
onion,Sangli,2026-06-10,192.24,9
onion,Sangli,2026-06-11,178.18,9
onion,Sangli,2026-06-12,190.18,9
onion,Sangli,2026-06-13,197.19,8
onion,Sangli,2026-06-14,196.09,10
onion,Sangli,2026-06-15,169.19,10
onion,Sangli,2026-06-16,176.19,7
onion,Sangli,2026-06-17,173.64,6
onion,Sangli,2026-06-18,183.22,9
onion,Sangli,2026-06-19,191.24,9
onion,Sangli,2026-06-20,194.86,8
onion,Sangli,2026-06-21,185.64,7
onion,Sangli,2026-06-22,162.91,7
onion,Sangli,2026-06-23,177.27,6
onion,Sangli,2026-06-24,161.78,7
onion,Sangli,2026-06-25,163.82,6
onion,Sangli,2026-06-26,192.45,7
onion,Sangli,2026-06-27,196.18,7
onion,Sangli,2026-06-28,177.36,6
onion,Sangli,2026-06-29,169.78,7
onion,Sangli,2026-06-30,175.81,9
onion,Sangli,2026-07-01,176.61,6
onion,Sangli,2026-07-02,173.37,7
onion,Sangli,2026-07-03,193.07,9
onion,Sangli,2026-07-04,179.53,6
onion,Sangli,2026-07-05,188.13,7
onion,Sangli,2026-07-06,177.1,6
onion,Sangli,2026-07-07,181.65,9
onion,Sangli,2026-07-08,183.12,10
onion,Sangli,2026-07-09,176.76,7
onion,Sangli,2026-07-10,198.69,8
onion,Sangli,2026-07-11,187.8,6
onion,Sangli,2026-07-12,193.15,7
onion,Sangli,2026-07-13,179.04,6
onion,Sangli,2026-07-14,185.35,9
onion,Sangli,2026-07-15,188.98,7
onion,Sangli,2026-07-16,194.62,8
onion,Sangli,2026-07-17,202.18,9
onion,Sangli,2026-07-18,209.47,10
onion,Sangli,2026-07-19,201.24,11
onion,Sangli,2026-07-20,198.98,10
onion,Sangli,2026-07-21,179.1,9
onion,Sangli,2026-07-22,195.93,8
onion,Sangli,2026-07-23,182.73,8
onion,Sangli,2026-07-24,209.38,7
onion,Sangli,2026-07-25,197.75,8
onion,Sangli,2026-07-26,219.38,10
onion,Sangli,2026-07-27,201.57,10
onion,Sangli,2026-07-28,192.24,6
onion,Sangli,2026-07-29,184.84,10
onion,Sangli,2026-07-30,198.33,6
onion,Sangli,2026-07-31,211.04,10
onion,Sangli,2026-08-01,215.46,11
onion,Sangli,2026-08-02,212.92,9
onion,Sangli,2026-08-03,194.41,11
onion,Sangli,2026-08-04,186.66,10
onion,Sangli,2026-08-05,192.73,11
onion,Sangli,2026-08-06,199.25,10
onion,Sangli,2026-08-07,196.25,8
onion,Sangli,2026-08-08,200.06,7
onion,Sangli,2026-08-09,202.18,8
onion,Sangli,2026-08-10,188.94,8
onion,Sangli,2026-08-11,182.2,7
onion,Sangli,2026-08-12,176.81,10
onion,Sangli,2026-08-13,171.94,9
onion,Sangli,2026-08-14,204.78,7
onion,Sangli,2026-08-15,209.04,11
onion,Sangli,2026-08-16,199.4,9
onion,Sangli,2026-08-17,184.41,8
onion,Sangli,2026-08-18,180.21,7
onion,Sangli,2026-08-19,180.21,9
onion,Sangli,2026-08-20,174.77,6
onion,Sangli,2026-08-21,202.89,10
onion,Sangli,2026-08-22,188.86,8
onion,Sangli,2026-08-23,206.03,12
onion,Sangli,2026-08-24,176.51,5
onion,Sangli,2026-08-25,175.58,6
onion,Sangli,2026-08-26,167.34,7
onion,Sangli,2026-08-27,171.36,5
onion,Sangli,2026-08-28,196.88,9
onion,Sangli,2026-08-29,198.84,6
onion,Sangli,2026-08-30,198.37,10
onion,Sangli,2026-08-31,177.67,6
onion,Sangli,2026-09-01,173.76,9
onion,Sangli,2026-09-02,183.51,7
onion,Sangli,2026-09-03,179.03,9
onion,Sangli,2026-09-04,205.14,9
onion,Sangli,2026-09-05,212.91,7
onion,Sangli,2026-09-06,200.98,6
onion,Sangli,2026-09-07,188.48,9
onion,Ahmednagar,2026-04-11,193.75,8
onion,Ahmednagar,2026-04-12,192.92,10
onion,Ahmednagar,2026-04-13,170.32,8
onion,Ahmednagar,2026-04-14,160.62,5
onion,Ahmednagar,2026-04-15,166.83,7
onion,Ahmednagar,2026-04-16,162.19,5
onion,Ahmednagar,2026-04-17,178.71,7
onion,Ahmednagar,2026-04-18,171.03,6
onion,Ahmednagar,2026-04-19,183.4,6
onion,Ahmednagar,2026-04-20,171.92,7
onion,Ahmednagar,2026-04-21,156.84,6
onion,Ahmednagar,2026-04-22,160.09,9
onion,Ahmednagar,2026-04-23,151.48,7
onion,Ahmednagar,2026-04-24,182.7,6
onion,Ahmednagar,2026-04-25,177.91,7
onion,Ahmednagar,2026-04-26,173.69,6
onion,Ahmednagar,2026-04-27,154.88,9
onion,Ahmednagar,2026-04-28,168.82,5
onion,Ahmednagar,2026-04-29,161.51,7
onion,Ahmednagar,2026-04-30,163.86,7
onion,Ahmednagar,2026-05-01,180.58,6
onion,Ahmednagar,2026-05-02,169.75,10
onion,Ahmednagar,2026-05-03,183.46,7
onion,Ahmednagar,2026-05-04,157.28,7
onion,Ahmednagar,2026-05-05,162.9,7
onion,Ahmednagar,2026-05-06,167.36,5
onion,Ahmednagar,2026-05-07,161.39,5
onion,Ahmednagar,2026-05-08,192.32,9
onion,Ahmednagar,2026-05-09,188.85,10
onion,Ahmednagar,2026-05-10,174.54,8
onion,Ahmednagar,2026-05-11,165.64,7
onion,Ahmednagar,2026-05-12,162.58,5
onion,Ahmednagar,2026-05-13,171.44,5
onion,Ahmednagar,2026-05-14,163.66,5
onion,Ahmednagar,2026-05-15,189.79,6
onion,Ahmednagar,2026-05-16,186.98,9
onion,Ahmednagar,2026-05-17,193.59,9
onion,Ahmednagar,2026-05-18,178.74,8
onion,Ahmednagar,2026-05-19,173.31,9
onion,Ahmednagar,2026-05-20,185.66,7
onion,Ahmednagar,2026-05-21,183.01,7
onion,Ahmednagar,2026-05-22,185.22,7
onion,Ahmednagar,2026-05-23,194.18,6
onion,Ahmednagar,2026-05-24,202.86,7
onion,Ahmednagar,2026-05-25,174.51,7
onion,Ahmednagar,2026-05-26,170.15,7
onion,Ahmednagar,2026-05-27,184.66,8
onion,Ahmednagar,2026-05-28,181.45,8
onion,Ahmednagar,2026-05-29,199.07,7
onion,Ahmednagar,2026-05-30,197.56,8
onion,Ahmednagar,2026-05-31,198.99,10
onion,Ahmednagar,2026-06-01,179.95,7
onion,Ahmednagar,2026-06-02,174.69,7
onion,Ahmednagar,2026-06-03,177.15,6
onion,Ahmednagar,2026-06-04,184.91,9
onion,Ahmednagar,2026-06-05,196.22,10
onion,Ahmednagar,2026-06-06,201.31,7
onion,Ahmednagar,2026-06-07,184.12,6
onion,Ahmednagar,2026-06-08,174.16,6
onion,Ahmednagar,2026-06-09,171.44,7
onion,Ahmednagar,2026-06-10,178.01,6
onion,Ahmednagar,2026-06-11,171.23,6
onion,Ahmednagar,2026-06-12,185.21,7
onion,Ahmednagar,2026-06-13,191.2,7
onion,Ahmednagar,2026-06-14,184.06,9
onion,Ahmednagar,2026-06-15,170.86,9
onion,Ahmednagar,2026-06-16,172.82,7
onion,Ahmednagar,2026-06-17,166.67,6
onion,Ahmednagar,2026-06-18,160.79,8
onion,Ahmednagar,2026-06-19,181.53,6
onion,Ahmednagar,2026-06-20,174.34,9
onion,Ahmednagar,2026-06-21,168.2,9
onion,Ahmednagar,2026-06-22,169.86,8
onion,Ahmednagar,2026-06-23,166.56,5
onion,Ahmednagar,2026-06-24,154.15,5
onion,Ahmednagar,2026-06-25,163.42,7
onion,Ahmednagar,2026-06-26,181.39,6
onion,Ahmednagar,2026-06-27,168.51,6
onion,Ahmednagar,2026-06-28,171.37,6
onion,Ahmednagar,2026-06-29,158.46,6
onion,Ahmednagar,2026-06-30,157.11,8
onion,Ahmednagar,2026-07-01,153.18,8
onion,Ahmednagar,2026-07-02,164.61,8
onion,Ahmednagar,2026-07-03,168.62,9
onion,Ahmednagar,2026-07-04,188.6,6
onion,Ahmednagar,2026-07-05,173.13,6
onion,Ahmednagar,2026-07-06,155.32,6
onion,Ahmednagar,2026-07-07,157.71,6
onion,Ahmednagar,2026-07-08,160.33,6
onion,Ahmednagar,2026-07-09,158.1,8
onion,Ahmednagar,2026-07-10,188.57,11
onion,Ahmednagar,2026-07-11,184.09,10
onion,Ahmednagar,2026-07-12,187.53,6
onion,Ahmednagar,2026-07-13,174.31,9
onion,Ahmednagar,2026-07-14,174.66,6
onion,Ahmednagar,2026-07-15,164.4,7
onion,Ahmednagar,2026-07-16,168.91,6
onion,Ahmednagar,2026-07-17,198.31,10
onion,Ahmednagar,2026-07-18,182.85,8
onion,Ahmednagar,2026-07-19,204.91,8
onion,Ahmednagar,2026-07-20,181.35,9
onion,Ahmednagar,2026-07-21,187.82,9
onion,Ahmednagar,2026-07-22,186.3,8
onion,Ahmednagar,2026-07-23,178.89,6
onion,Ahmednagar,2026-07-24,201.18,6
onion,Ahmednagar,2026-07-25,195.1,6
onion,Ahmednagar,2026-07-26,204.64,10
onion,Ahmednagar,2026-07-27,189.5,7
onion,Ahmednagar,2026-07-28,188.17,9
onion,Ahmednagar,2026-07-29,187.61,9
onion,Ahmednagar,2026-07-30,171.54,9
onion,Ahmednagar,2026-07-31,201.85,6
onion,Ahmednagar,2026-08-01,199.45,8
onion,Ahmednagar,2026-08-02,203.92,8
onion,Ahmednagar,2026-08-03,187.07,7
onion,Ahmednagar,2026-08-04,170.23,6
onion,Ahmednagar,2026-08-05,172.6,6
onion,Ahmednagar,2026-08-06,178.43,7
onion,Ahmednagar,2026-08-07,185.68,6
onion,Ahmednagar,2026-08-08,187.9,7
onion,Ahmednagar,2026-08-09,190.62,6
onion,Ahmednagar,2026-08-10,168.44,6
onion,Ahmednagar,2026-08-11,177.33,8
onion,Ahmednagar,2026-08-12,174.68,6
onion,Ahmednagar,2026-08-13,181.67,7
onion,Ahmednagar,2026-08-14,190.11,7
onion,Ahmednagar,2026-08-15,189.28,7
onion,Ahmednagar,2026-08-16,192.74,7
onion,Ahmednagar,2026-08-17,174.98,10
onion,Ahmednagar,2026-08-18,170.56,9
onion,Ahmednagar,2026-08-19,172.05,7
onion,Ahmednagar,2026-08-20,172.22,6
onion,Ahmednagar,2026-08-21,183.02,6
onion,Ahmednagar,2026-08-22,175.66,8
onion,Ahmednagar,2026-08-23,190.81,7
onion,Ahmednagar,2026-08-24,168.62,5
onion,Ahmednagar,2026-08-25,167.86,9
onion,Ahmednagar,2026-08-26,171.2,7
onion,Ahmednagar,2026-08-27,169.1,6
onion,Ahmednagar,2026-08-28,188.03,6
onion,Ahmednagar,2026-08-29,196.18,10
onion,Ahmednagar,2026-08-30,196.32,8
onion,Ahmednagar,2026-08-31,172.11,6
onion,Ahmednagar,2026-09-01,182.27,6
onion,Ahmednagar,2026-09-02,180.2,8
onion,Ahmednagar,2026-09-03,172.31,9
onion,Ahmednagar,2026-09-04,195.95,9
onion,Ahmednagar,2026-09-05,201.84,6
onion,Ahmednagar,2026-09-06,191.53,7
onion,Ahmednagar,2026-09-07,173.66,6
potato,Nashik,2026-04-11,253.93,10
potato,Nashik,2026-04-12,260.19,8
potato,Nashik,2026-04-13,229.15,11
potato,Nashik,2026-04-14,240.46,8
potato,Nashik,2026-04-15,234.2,11
potato,Nashik,2026-04-16,245.51,10
potato,Nashik,2026-04-17,274.89,10
potato,Nashik,2026-04-18,267.2,9
potato,Nashik,2026-04-19,264.53,11
potato,Nashik,2026-04-20,244.43,10
potato,Nashik,2026-04-21,238.09,11
potato,Nashik,2026-04-22,249.83,9
potato,Nashik,2026-04-23,261.9,13
potato,Nashik,2026-04-24,283.7,12
potato,Nashik,2026-04-25,284.06,9
potato,Nashik,2026-04-26,262.9,10
potato,Nashik,2026-04-27,249.7,7
potato,Nashik,2026-04-28,258.14,9
potato,Nashik,2026-04-29,259.77,10
potato,Nashik,2026-04-30,245.72,8
potato,Nashik,2026-05-01,280.7,12
potato,Nashik,2026-05-02,262.64,9
potato,Nashik,2026-05-03,278.84,9
potato,Nashik,2026-05-04,255.62,8
potato,Nashik,2026-05-05,240.96,7
potato,Nashik,2026-05-06,255.59,12
potato,Nashik,2026-05-07,254.96,9
potato,Nashik,2026-05-08,280.68,11
potato,Nashik,2026-05-09,269.54,13
potato,Nashik,2026-05-10,256.07,9
potato,Nashik,2026-05-11,245.25,10
potato,Nashik,2026-05-12,231.49,9
potato,Nashik,2026-05-13,233.13,8
potato,Nashik,2026-05-14,235.61,8
potato,Nashik,2026-05-15,266.64,9
potato,Nashik,2026-05-16,264.76,8
potato,Nashik,2026-05-17,245.36,10
potato,Nashik,2026-05-18,225.43,7
potato,Nashik,2026-05-19,238.67,12
potato,Nashik,2026-05-20,220.81,9
potato,Nashik,2026-05-21,225.62,10
potato,Nashik,2026-05-22,253.02,9
potato,Nashik,2026-05-23,257.7,8
potato,Nashik,2026-05-24,240.31,7
potato,Nashik,2026-05-25,219.43,7
potato,Nashik,2026-05-26,235.19,8
potato,Nashik,2026-05-27,236.23,9
potato,Nashik,2026-05-28,214.44,9
potato,Nashik,2026-05-29,250.12,8
potato,Nashik,2026-05-30,231.9,9
potato,Nashik,2026-05-31,244.04,11
potato,Nashik,2026-06-01,226.42,7
potato,Nashik,2026-06-02,234.01,9
potato,Nashik,2026-06-03,230.22,7
potato,Nashik,2026-06-04,228.47,7
potato,Nashik,2026-06-05,240.95,7
potato,Nashik,2026-06-06,253.13,7
potato,Nashik,2026-06-07,249.29,8
potato,Nashik,2026-06-08,231.83,7
potato,Nashik,2026-06-09,236.93,7
potato,Nashik,2026-06-10,224.33,8
potato,Nashik,2026-06-11,246.52,8
potato,Nashik,2026-06-12,252.33,9
potato,Nashik,2026-06-13,263.02,8
potato,Nashik,2026-06-14,269.67,8
potato,Nashik,2026-06-15,236.31,11
potato,Nashik,2026-06-16,237.15,7
potato,Nashik,2026-06-17,235.3,7
potato,Nashik,2026-06-18,243.84,12
potato,Nashik,2026-06-19,259.2,9
potato,Nashik,2026-06-20,257.34,7
potato,Nashik,2026-06-21,273.19,13
potato,Nashik,2026-06-22,254.51,10
potato,Nashik,2026-06-23,248.42,12
potato,Nashik,2026-06-24,242.89,9
potato,Nashik,2026-06-25,243.9,8
potato,Nashik,2026-06-26,288.06,10
potato,Nashik,2026-06-27,265.41,8
potato,Nashik,2026-06-28,268.82,10
potato,Nashik,2026-06-29,258.36,10
potato,Nashik,2026-06-30,259.06,11
potato,Nashik,2026-07-01,255.38,11
potato,Nashik,2026-07-02,254.54,12
potato,Nashik,2026-07-03,285.12,10
potato,Nashik,2026-07-04,278.26,8
potato,Nashik,2026-07-05,266.65,10
potato,Nashik,2026-07-06,237.73,9
potato,Nashik,2026-07-07,254.76,10
potato,Nashik,2026-07-08,242.44,7
potato,Nashik,2026-07-09,255.2,12
potato,Nashik,2026-07-10,271.99,14
potato,Nashik,2026-07-11,268.73,9
potato,Nashik,2026-07-12,269.28,12
potato,Nashik,2026-07-13,229.13,7
potato,Nashik,2026-07-14,237.36,8
potato,Nashik,2026-07-15,227.63,6
potato,Nashik,2026-07-16,243.58,11
potato,Nashik,2026-07-17,248.13,11
potato,Nashik,2026-07-18,248.85,8
potato,Nashik,2026-07-19,242.43,7
potato,Nashik,2026-07-20,223.34,6
potato,Nashik,2026-07-21,218.89,7
potato,Nashik,2026-07-22,229.72,7
potato,Nashik,2026-07-23,238.21,8
potato,Nashik,2026-07-24,245.51,9
potato,Nashik,2026-07-25,234.09,9
potato,Nashik,2026-07-26,249.13,7
potato,Nashik,2026-07-27,227.68,9
potato,Nashik,2026-07-28,231.68,10
potato,Nashik,2026-07-29,229.86,9
potato,Nashik,2026-07-30,223.74,11
potato,Nashik,2026-07-31,252.24,9
potato,Nashik,2026-08-01,238.41,7
potato,Nashik,2026-08-02,246.79,8
potato,Nashik,2026-08-03,230.36,10
potato,Nashik,2026-08-04,238.18,7
potato,Nashik,2026-08-05,232.03,8
potato,Nashik,2026-08-06,230.41,11
potato,Nashik,2026-08-07,255.93,13
potato,Nashik,2026-08-08,251.49,9
potato,Nashik,2026-08-09,260.74,10
potato,Nashik,2026-08-10,244.6,8
potato,Nashik,2026-08-11,230.6,6
potato,Nashik,2026-08-12,233.32,11
potato,Nashik,2026-08-13,232.34,7
potato,Nashik,2026-08-14,250.39,9
potato,Nashik,2026-08-15,260.83,8
potato,Nashik,2026-08-16,270.92,8
potato,Nashik,2026-08-17,250.62,10
potato,Nashik,2026-08-18,238.72,8
potato,Nashik,2026-08-19,249.78,9
potato,Nashik,2026-08-20,245.72,8
potato,Nashik,2026-08-21,256.3,11
potato,Nashik,2026-08-22,265.16,9
potato,Nashik,2026-08-23,278.02,9
potato,Nashik,2026-08-24,242.96,8
potato,Nashik,2026-08-25,253.9,8
potato,Nashik,2026-08-26,255.2,9
potato,Nashik,2026-08-27,244.21,8
potato,Nashik,2026-08-28,258.45,9
potato,Nashik,2026-08-29,264.31,8
potato,Nashik,2026-08-30,270.45,9
potato,Nashik,2026-08-31,255.12,13
potato,Nashik,2026-09-01,238.09,9
potato,Nashik,2026-09-02,242.58,7
potato,Nashik,2026-09-03,243.05,8
potato,Nashik,2026-09-04,265.79,11
potato,Nashik,2026-09-05,274.65,11
potato,Nashik,2026-09-06,269.75,7
potato,Nashik,2026-09-07,232.94,9
potato,Pune,2026-04-11,359.31,16
potato,Pune,2026-04-12,381.27,19
potato,Pune,2026-04-13,351.85,16
potato,Pune,2026-04-14,343.78,16
potato,Pune,2026-04-15,362.9,11
potato,Pune,2026-04-16,346.5,10
potato,Pune,2026-04-17,390.66,14
potato,Pune,2026-04-18,390.89,18
potato,Pune,2026-04-19,392.78,11
potato,Pune,2026-04-20,368.54,18
potato,Pune,2026-04-21,356.94,14
potato,Pune,2026-04-22,374.72,16
potato,Pune,2026-04-23,350.0,15
potato,Pune,2026-04-24,397.38,13
potato,Pune,2026-04-25,384.11,11
potato,Pune,2026-04-26,382.86,14
potato,Pune,2026-04-27,381.18,18
potato,Pune,2026-04-28,361.75,18
potato,Pune,2026-04-29,375.29,13
potato,Pune,2026-04-30,362.47,16
potato,Pune,2026-05-01,390.31,19
potato,Pune,2026-05-02,408.98,14
potato,Pune,2026-05-03,402.56,19
potato,Pune,2026-05-04,382.94,16
potato,Pune,2026-05-05,375.36,14
potato,Pune,2026-05-06,370.98,13
potato,Pune,2026-05-07,358.83,13
potato,Pune,2026-05-08,378.07,12
potato,Pune,2026-05-09,399.71,12
potato,Pune,2026-05-10,376.38,16
potato,Pune,2026-05-11,344.51,16
potato,Pune,2026-05-12,354.7,15
potato,Pune,2026-05-13,335.13,14
potato,Pune,2026-05-14,366.26,14
potato,Pune,2026-05-15,392.45,17
potato,Pune,2026-05-16,376.16,11
potato,Pune,2026-05-17,382.24,18
potato,Pune,2026-05-18,352.38,12
potato,Pune,2026-05-19,347.51,17
potato,Pune,2026-05-20,334.2,12
potato,Pune,2026-05-21,331.55,14
potato,Pune,2026-05-22,366.48,12
potato,Pune,2026-05-23,367.37,16
potato,Pune,2026-05-24,346.1,13
potato,Pune,2026-05-25,333.13,12
potato,Pune,2026-05-26,341.11,15
potato,Pune,2026-05-27,314.66,12
potato,Pune,2026-05-28,321.3,13
potato,Pune,2026-05-29,366.68,15
potato,Pune,2026-05-30,339.62,17
potato,Pune,2026-05-31,354.69,12
potato,Pune,2026-06-01,329.45,14
potato,Pune,2026-06-02,330.3,15
potato,Pune,2026-06-03,347.04,13
potato,Pune,2026-06-04,347.49,13
potato,Pune,2026-06-05,351.99,11
potato,Pune,2026-06-06,370.02,16
potato,Pune,2026-06-07,361.23,15
potato,Pune,2026-06-08,332.0,15
potato,Pune,2026-06-09,343.1,10
potato,Pune,2026-06-10,341.89,10
potato,Pune,2026-06-11,338.96,10
potato,Pune,2026-06-12,387.52,13
potato,Pune,2026-06-13,374.23,13
potato,Pune,2026-06-14,374.04,16
potato,Pune,2026-06-15,356.07,13
potato,Pune,2026-06-16,373.38,13
potato,Pune,2026-06-17,344.67,10
potato,Pune,2026-06-18,362.19,16
potato,Pune,2026-06-19,386.16,14
potato,Pune,2026-06-20,407.24,15
potato,Pune,2026-06-21,399.68,20
potato,Pune,2026-06-22,372.95,14
potato,Pune,2026-06-23,360.12,11
potato,Pune,2026-06-24,360.95,15
potato,Pune,2026-06-25,381.35,14
potato,Pune,2026-06-26,390.53,17
potato,Pune,2026-06-27,403.99,11
potato,Pune,2026-06-28,399.11,11
potato,Pune,2026-06-29,377.31,11
potato,Pune,2026-06-30,360.83,10
potato,Pune,2026-07-01,376.12,14
potato,Pune,2026-07-02,378.89,19
potato,Pune,2026-07-03,398.07,11
potato,Pune,2026-07-04,402.96,13
potato,Pune,2026-07-05,413.83,15
potato,Pune,2026-07-06,356.77,13
potato,Pune,2026-07-07,344.1,13
potato,Pune,2026-07-08,342.24,10
potato,Pune,2026-07-09,342.48,11
potato,Pune,2026-07-10,380.93,18
potato,Pune,2026-07-11,382.99,14
potato,Pune,2026-07-12,386.71,18
potato,Pune,2026-07-13,344.16,11
potato,Pune,2026-07-14,354.98,11
potato,Pune,2026-07-15,336.44,13
potato,Pune,2026-07-16,326.92,14
potato,Pune,2026-07-17,372.53,15
potato,Pune,2026-07-18,349.84,15
potato,Pune,2026-07-19,367.53,10
potato,Pune,2026-07-20,348.69,18
potato,Pune,2026-07-21,324.51,11
potato,Pune,2026-07-22,335.94,15
potato,Pune,2026-07-23,318.96,12
potato,Pune,2026-07-24,373.35,13
potato,Pune,2026-07-25,341.33,12
potato,Pune,2026-07-26,359.07,10
potato,Pune,2026-07-27,324.52,12
potato,Pune,2026-07-28,337.06,15
potato,Pune,2026-07-29,333.28,11
potato,Pune,2026-07-30,338.65,15
potato,Pune,2026-07-31,344.29,10
potato,Pune,2026-08-01,342.38,11
potato,Pune,2026-08-02,345.93,11
potato,Pune,2026-08-03,325.03,17
potato,Pune,2026-08-04,338.46,11
potato,Pune,2026-08-05,320.36,12
potato,Pune,2026-08-06,334.57,11
potato,Pune,2026-08-07,382.94,13
potato,Pune,2026-08-08,376.72,15
potato,Pune,2026-08-09,375.98,12
potato,Pune,2026-08-10,349.28,11
potato,Pune,2026-08-11,354.86,12
potato,Pune,2026-08-12,339.11,12
potato,Pune,2026-08-13,359.36,16
potato,Pune,2026-08-14,371.19,12
potato,Pune,2026-08-15,365.01,12
potato,Pune,2026-08-16,379.42,15
potato,Pune,2026-08-17,374.72,11
potato,Pune,2026-08-18,349.96,12
potato,Pune,2026-08-19,371.37,11
potato,Pune,2026-08-20,349.78,14
potato,Pune,2026-08-21,374.71,18
potato,Pune,2026-08-22,411.42,16
potato,Pune,2026-08-23,381.63,14
potato,Pune,2026-08-24,360.89,18
potato,Pune,2026-08-25,370.44,14
potato,Pune,2026-08-26,350.93,12
potato,Pune,2026-08-27,366.59,12
potato,Pune,2026-08-28,391.22,13
potato,Pune,2026-08-29,397.79,12
potato,Pune,2026-08-30,376.99,17
potato,Pune,2026-08-31,360.25,14
potato,Pune,2026-09-01,352.45,12
potato,Pune,2026-09-02,343.02,11
potato,Pune,2026-09-03,342.79,11
potato,Pune,2026-09-04,393.71,12
potato,Pune,2026-09-05,393.53,11
potato,Pune,2026-09-06,362.42,12
potato,Pune,2026-09-07,350.35,11
potato,Satara,2026-04-11,163.44,7
potato,Satara,2026-04-12,157.4,5
potato,Satara,2026-04-13,155.28,6
potato,Satara,2026-04-14,150.33,4
potato,Satara,2026-04-15,150.05,5
potato,Satara,2026-04-16,145.36,5
potato,Satara,2026-04-17,163.19,6
potato,Satara,2026-04-18,165.44,8
potato,Satara,2026-04-19,167.14,5
potato,Satara,2026-04-20,160.64,5
potato,Satara,2026-04-21,155.76,5
potato,Satara,2026-04-22,157.37,5
potato,Satara,2026-04-23,162.56,5
potato,Satara,2026-04-24,177.38,8
potato,Satara,2026-04-25,170.18,5
potato,Satara,2026-04-26,169.07,9
potato,Satara,2026-04-27,161.61,5
potato,Satara,2026-04-28,162.05,5
potato,Satara,2026-04-29,166.6,5
potato,Satara,2026-04-30,165.01,5
potato,Satara,2026-05-01,166.1,6
potato,Satara,2026-05-02,177.72,6
potato,Satara,2026-05-03,163.71,7
potato,Satara,2026-05-04,155.93,5
potato,Satara,2026-05-05,152.07,7
potato,Satara,2026-05-06,163.67,5
potato,Satara,2026-05-07,149.22,4
potato,Satara,2026-05-08,161.85,6
potato,Satara,2026-05-09,160.13,6
potato,Satara,2026-05-10,159.84,6
potato,Satara,2026-05-11,147.18,5
potato,Satara,2026-05-12,147.11,6
potato,Satara,2026-05-13,157.47,6
potato,Satara,2026-05-14,142.57,5
potato,Satara,2026-05-15,159.34,6
potato,Satara,2026-05-16,162.6,6
potato,Satara,2026-05-17,165.56,7
potato,Satara,2026-05-18,145.71,5
potato,Satara,2026-05-19,144.1,7
potato,Satara,2026-05-20,147.92,5
potato,Satara,2026-05-21,136.89,5
potato,Satara,2026-05-22,149.77,5
potato,Satara,2026-05-23,146.6,5
potato,Satara,2026-05-24,158.07,5
potato,Satara,2026-05-25,146.41,4
potato,Satara,2026-05-26,141.64,6
potato,Satara,2026-05-27,138.83,5
potato,Satara,2026-05-28,142.13,4
potato,Satara,2026-05-29,154.66,6
potato,Satara,2026-05-30,156.74,5
potato,Satara,2026-05-31,152.35,4
potato,Satara,2026-06-01,143.88,4
potato,Satara,2026-06-02,142.32,4
potato,Satara,2026-06-03,143.04,6
potato,Satara,2026-06-04,142.29,7
potato,Satara,2026-06-05,156.02,5
potato,Satara,2026-06-06,161.93,5
potato,Satara,2026-06-07,153.5,6
potato,Satara,2026-06-08,149.96,5
potato,Satara,2026-06-09,142.59,5
potato,Satara,2026-06-10,145.6,7
potato,Satara,2026-06-11,145.26,6
potato,Satara,2026-06-12,166.86,5
potato,Satara,2026-06-13,156.59,4
potato,Satara,2026-06-14,159.79,5
potato,Satara,2026-06-15,159.08,5
potato,Satara,2026-06-16,154.86,7
potato,Satara,2026-06-17,148.69,6
potato,Satara,2026-06-18,155.29,7
potato,Satara,2026-06-19,162.62,7
potato,Satara,2026-06-20,163.25,5
potato,Satara,2026-06-21,172.95,7
potato,Satara,2026-06-22,163.81,7
potato,Satara,2026-06-23,162.58,6
potato,Satara,2026-06-24,152.97,5
potato,Satara,2026-06-25,152.56,5
potato,Satara,2026-06-26,180.04,6
potato,Satara,2026-06-27,172.97,6
potato,Satara,2026-06-28,170.7,5
potato,Satara,2026-06-29,156.85,5
potato,Satara,2026-06-30,154.06,4
potato,Satara,2026-07-01,161.75,6
potato,Satara,2026-07-02,160.72,5
potato,Satara,2026-07-03,178.4,5
potato,Satara,2026-07-04,163.71,5
potato,Satara,2026-07-05,168.15,6
potato,Satara,2026-07-06,163.22,7
potato,Satara,2026-07-07,155.58,6
potato,Satara,2026-07-08,148.42,7
potato,Satara,2026-07-09,146.12,5
potato,Satara,2026-07-10,171.82,7
potato,Satara,2026-07-11,168.12,5
potato,Satara,2026-07-12,170.0,8
potato,Satara,2026-07-13,156.13,5
potato,Satara,2026-07-14,143.67,4
potato,Satara,2026-07-15,154.81,6
potato,Satara,2026-07-16,147.63,7
potato,Satara,2026-07-17,157.89,7
potato,Satara,2026-07-18,159.19,5
potato,Satara,2026-07-19,152.86,6
potato,Satara,2026-07-20,149.47,6
potato,Satara,2026-07-21,149.85,5
potato,Satara,2026-07-22,146.18,5
potato,Satara,2026-07-23,149.09,5
potato,Satara,2026-07-24,155.56,5
potato,Satara,2026-07-25,157.17,6
potato,Satara,2026-07-26,155.77,6
potato,Satara,2026-07-27,146.77,6
potato,Satara,2026-07-28,138.47,5
potato,Satara,2026-07-29,135.3,5
potato,Satara,2026-07-30,140.57,5
potato,Satara,2026-07-31,145.35,4
potato,Satara,2026-08-01,155.39,5
potato,Satara,2026-08-02,147.23,7
potato,Satara,2026-08-03,135.46,4
potato,Satara,2026-08-04,144.44,4
potato,Satara,2026-08-05,139.37,4
potato,Satara,2026-08-06,142.0,7
potato,Satara,2026-08-07,153.66,6
potato,Satara,2026-08-08,158.92,5
potato,Satara,2026-08-09,153.28,6
potato,Satara,2026-08-10,147.61,7
potato,Satara,2026-08-11,152.25,7
potato,Satara,2026-08-12,152.92,5
potato,Satara,2026-08-13,145.25,4
potato,Satara,2026-08-14,155.93,5
potato,Satara,2026-08-15,169.31,8
potato,Satara,2026-08-16,167.35,6
potato,Satara,2026-08-17,160.01,6
potato,Satara,2026-08-18,161.01,6
potato,Satara,2026-08-19,152.7,5
potato,Satara,2026-08-20,154.75,5
potato,Satara,2026-08-21,169.55,6
potato,Satara,2026-08-22,168.45,6
potato,Satara,2026-08-23,161.12,6
potato,Satara,2026-08-24,158.95,6
potato,Satara,2026-08-25,154.88,5
potato,Satara,2026-08-26,159.91,7
potato,Satara,2026-08-27,155.34,8
potato,Satara,2026-08-28,166.9,7
potato,Satara,2026-08-29,160.34,5
potato,Satara,2026-08-30,165.58,6
potato,Satara,2026-08-31,152.32,5
potato,Satara,2026-09-01,153.94,5
potato,Satara,2026-09-02,155.12,6
potato,Satara,2026-09-03,149.14,7
potato,Satara,2026-09-04,171.38,6
potato,Satara,2026-09-05,168.07,8
potato,Satara,2026-09-06,161.8,6
potato,Satara,2026-09-07,149.32,4
potato,Sangli,2026-04-11,149.91,6
potato,Sangli,2026-04-12,153.56,6
potato,Sangli,2026-04-13,141.13,5
potato,Sangli,2026-04-14,138.59,7
potato,Sangli,2026-04-15,140.12,5
potato,Sangli,2026-04-16,148.99,7
potato,Sangli,2026-04-17,152.91,4
potato,Sangli,2026-04-18,148.26,5
potato,Sangli,2026-04-19,151.99,6
potato,Sangli,2026-04-20,141.29,5
potato,Sangli,2026-04-21,143.07,5
potato,Sangli,2026-04-22,140.34,4
potato,Sangli,2026-04-23,149.71,5
potato,Sangli,2026-04-24,165.07,5
potato,Sangli,2026-04-25,153.45,8
potato,Sangli,2026-04-26,154.63,6
potato,Sangli,2026-04-27,148.84,6
potato,Sangli,2026-04-28,141.51,4
potato,Sangli,2026-04-29,150.74,5
potato,Sangli,2026-04-30,147.17,7
potato,Sangli,2026-05-01,160.25,5
potato,Sangli,2026-05-02,158.48,8
potato,Sangli,2026-05-03,151.73,7
potato,Sangli,2026-05-04,146.7,7
potato,Sangli,2026-05-05,139.63,5
potato,Sangli,2026-05-06,143.39,6
potato,Sangli,2026-05-07,146.45,5
potato,Sangli,2026-05-08,153.53,7
potato,Sangli,2026-05-09,149.24,5
potato,Sangli,2026-05-10,154.45,6
potato,Sangli,2026-05-11,145.06,6
potato,Sangli,2026-05-12,137.33,6
potato,Sangli,2026-05-13,140.57,4
potato,Sangli,2026-05-14,144.09,5
potato,Sangli,2026-05-15,152.48,4
potato,Sangli,2026-05-16,144.07,6
potato,Sangli,2026-05-17,145.16,6
potato,Sangli,2026-05-18,142.75,5
potato,Sangli,2026-05-19,131.53,4
potato,Sangli,2026-05-20,136.68,6
potato,Sangli,2026-05-21,140.55,4
potato,Sangli,2026-05-22,138.15,4
potato,Sangli,2026-05-23,148.73,5
potato,Sangli,2026-05-24,139.11,5
potato,Sangli,2026-05-25,129.12,6
potato,Sangli,2026-05-26,129.26,4
potato,Sangli,2026-05-27,132.7,5
potato,Sangli,2026-05-28,135.63,4
potato,Sangli,2026-05-29,143.9,5
potato,Sangli,2026-05-30,148.72,4
potato,Sangli,2026-05-31,145.49,5
potato,Sangli,2026-06-01,133.13,5
potato,Sangli,2026-06-02,133.65,6
potato,Sangli,2026-06-03,129.85,6
potato,Sangli,2026-06-04,134.25,6
potato,Sangli,2026-06-05,145.1,5
potato,Sangli,2026-06-06,144.28,6
potato,Sangli,2026-06-07,143.87,5
potato,Sangli,2026-06-08,130.27,6
potato,Sangli,2026-06-09,141.25,4
potato,Sangli,2026-06-10,137.72,5
potato,Sangli,2026-06-11,135.74,5
potato,Sangli,2026-06-12,152.99,4
potato,Sangli,2026-06-13,148.65,5
potato,Sangli,2026-06-14,151.12,6
potato,Sangli,2026-06-15,138.47,6
potato,Sangli,2026-06-16,143.06,5
potato,Sangli,2026-06-17,146.12,7
potato,Sangli,2026-06-18,145.11,6
potato,Sangli,2026-06-19,162.73,7
potato,Sangli,2026-06-20,159.49,7
potato,Sangli,2026-06-21,158.38,5
potato,Sangli,2026-06-22,142.34,4
potato,Sangli,2026-06-23,147.39,4
potato,Sangli,2026-06-24,150.15,5
potato,Sangli,2026-06-25,152.86,5
potato,Sangli,2026-06-26,167.14,7
potato,Sangli,2026-06-27,156.53,4
potato,Sangli,2026-06-28,162.48,8
potato,Sangli,2026-06-29,152.9,5
potato,Sangli,2026-06-30,153.39,7
potato,Sangli,2026-07-01,153.92,4
potato,Sangli,2026-07-02,153.98,6
potato,Sangli,2026-07-03,162.51,6
potato,Sangli,2026-07-04,151.4,7
potato,Sangli,2026-07-05,153.03,6
potato,Sangli,2026-07-06,144.88,6
potato,Sangli,2026-07-07,140.97,4
potato,Sangli,2026-07-08,147.52,7
potato,Sangli,2026-07-09,146.98,6
potato,Sangli,2026-07-10,159.03,5
potato,Sangli,2026-07-11,151.44,7
potato,Sangli,2026-07-12,157.34,6
potato,Sangli,2026-07-13,145.49,7
potato,Sangli,2026-07-14,140.72,5
potato,Sangli,2026-07-15,142.77,5
potato,Sangli,2026-07-16,133.96,5
potato,Sangli,2026-07-17,144.12,5
potato,Sangli,2026-07-18,141.45,6
potato,Sangli,2026-07-19,148.36,5
potato,Sangli,2026-07-20,130.65,5
potato,Sangli,2026-07-21,130.09,6
potato,Sangli,2026-07-22,128.4,4
potato,Sangli,2026-07-23,126.34,5
potato,Sangli,2026-07-24,147.04,4
potato,Sangli,2026-07-25,139.72,4
potato,Sangli,2026-07-26,141.93,4
potato,Sangli,2026-07-27,137.9,4
potato,Sangli,2026-07-28,130.33,6
potato,Sangli,2026-07-29,136.7,4
potato,Sangli,2026-07-30,127.55,4
potato,Sangli,2026-07-31,138.96,6
potato,Sangli,2026-08-01,135.79,4
potato,Sangli,2026-08-02,147.02,5
potato,Sangli,2026-08-03,129.79,5
potato,Sangli,2026-08-04,133.92,5
potato,Sangli,2026-08-05,135.75,6
potato,Sangli,2026-08-06,128.3,5
potato,Sangli,2026-08-07,149.2,6
potato,Sangli,2026-08-08,150.88,5
potato,Sangli,2026-08-09,140.99,5
potato,Sangli,2026-08-10,142.86,7
potato,Sangli,2026-08-11,135.64,6
potato,Sangli,2026-08-12,136.21,5
potato,Sangli,2026-08-13,133.72,5
potato,Sangli,2026-08-14,158.77,5
potato,Sangli,2026-08-15,158.74,4
potato,Sangli,2026-08-16,156.11,7
potato,Sangli,2026-08-17,148.31,6
potato,Sangli,2026-08-18,141.97,4
potato,Sangli,2026-08-19,148.94,5
potato,Sangli,2026-08-20,149.52,4
potato,Sangli,2026-08-21,152.49,4
potato,Sangli,2026-08-22,158.15,5
potato,Sangli,2026-08-23,157.37,6
potato,Sangli,2026-08-24,140.39,7
potato,Sangli,2026-08-25,148.45,6
potato,Sangli,2026-08-26,147.27,6
potato,Sangli,2026-08-27,150.06,6
potato,Sangli,2026-08-28,157.97,6
potato,Sangli,2026-08-29,157.27,7
potato,Sangli,2026-08-30,150.55,5
potato,Sangli,2026-08-31,146.39,7
potato,Sangli,2026-09-01,148.41,6
potato,Sangli,2026-09-02,141.22,5
potato,Sangli,2026-09-03,148.03,7
potato,Sangli,2026-09-04,157.63,5
potato,Sangli,2026-09-05,157.85,7
potato,Sangli,2026-09-06,156.01,6
potato,Sangli,2026-09-07,146.28,4
potato,Ahmednagar,2026-04-11,172.9,7
potato,Ahmednagar,2026-04-12,173.48,5
potato,Ahmednagar,2026-04-13,162.7,6
potato,Ahmednagar,2026-04-14,167.2,5
potato,Ahmednagar,2026-04-15,161.74,5
potato,Ahmednagar,2026-04-16,164.68,5
potato,Ahmednagar,2026-04-17,168.97,5
potato,Ahmednagar,2026-04-18,176.74,8
potato,Ahmednagar,2026-04-19,170.76,7
potato,Ahmednagar,2026-04-20,170.88,6
potato,Ahmednagar,2026-04-21,163.32,5
potato,Ahmednagar,2026-04-22,175.43,6
potato,Ahmednagar,2026-04-23,171.03,8
potato,Ahmednagar,2026-04-24,178.3,7
potato,Ahmednagar,2026-04-25,177.81,6
potato,Ahmednagar,2026-04-26,181.43,8
potato,Ahmednagar,2026-04-27,170.61,6
potato,Ahmednagar,2026-04-28,170.44,7
potato,Ahmednagar,2026-04-29,176.67,5
potato,Ahmednagar,2026-04-30,169.74,6
potato,Ahmednagar,2026-05-01,183.06,8
potato,Ahmednagar,2026-05-02,180.97,7
potato,Ahmednagar,2026-05-03,181.49,7
potato,Ahmednagar,2026-05-04,171.87,8
potato,Ahmednagar,2026-05-05,172.83,6
potato,Ahmednagar,2026-05-06,164.52,8
potato,Ahmednagar,2026-05-07,167.62,7
potato,Ahmednagar,2026-05-08,183.43,9
potato,Ahmednagar,2026-05-09,169.11,5
potato,Ahmednagar,2026-05-10,180.97,7
potato,Ahmednagar,2026-05-11,162.08,6
potato,Ahmednagar,2026-05-12,166.33,5
potato,Ahmednagar,2026-05-13,166.22,5
potato,Ahmednagar,2026-05-14,152.44,5
potato,Ahmednagar,2026-05-15,169.96,6
potato,Ahmednagar,2026-05-16,173.81,5
potato,Ahmednagar,2026-05-17,166.14,5
potato,Ahmednagar,2026-05-18,159.32,4
potato,Ahmednagar,2026-05-19,158.93,5
potato,Ahmednagar,2026-05-20,153.35,6
potato,Ahmednagar,2026-05-21,158.08,7
potato,Ahmednagar,2026-05-22,162.27,6
potato,Ahmednagar,2026-05-23,171.09,6
potato,Ahmednagar,2026-05-24,168.74,6
potato,Ahmednagar,2026-05-25,146.75,4
potato,Ahmednagar,2026-05-26,144.42,5
potato,Ahmednagar,2026-05-27,157.81,6
potato,Ahmednagar,2026-05-28,146.81,5
potato,Ahmednagar,2026-05-29,165.25,6
potato,Ahmednagar,2026-05-30,161.45,8
potato,Ahmednagar,2026-05-31,154.89,7
potato,Ahmednagar,2026-06-01,149.38,5
potato,Ahmednagar,2026-06-02,143.99,4
potato,Ahmednagar,2026-06-03,154.2,7
potato,Ahmednagar,2026-06-04,151.8,4
potato,Ahmednagar,2026-06-05,163.74,8
potato,Ahmednagar,2026-06-06,168.72,7
potato,Ahmednagar,2026-06-07,171.05,7
potato,Ahmednagar,2026-06-08,158.97,6
potato,Ahmednagar,2026-06-09,153.29,7
potato,Ahmednagar,2026-06-10,162.24,7
potato,Ahmednagar,2026-06-11,160.14,6
potato,Ahmednagar,2026-06-12,175.32,7
potato,Ahmednagar,2026-06-13,181.14,9
potato,Ahmednagar,2026-06-14,177.25,8
potato,Ahmednagar,2026-06-15,167.23,5
potato,Ahmednagar,2026-06-16,156.52,6
potato,Ahmednagar,2026-06-17,158.18,4
potato,Ahmednagar,2026-06-18,159.95,6
potato,Ahmednagar,2026-06-19,184.81,8
potato,Ahmednagar,2026-06-20,183.5,8
potato,Ahmednagar,2026-06-21,175.08,5
potato,Ahmednagar,2026-06-22,159.99,8
potato,Ahmednagar,2026-06-23,168.14,6
potato,Ahmednagar,2026-06-24,162.89,8
potato,Ahmednagar,2026-06-25,164.85,8
potato,Ahmednagar,2026-06-26,189.26,7
potato,Ahmednagar,2026-06-27,189.7,8
potato,Ahmednagar,2026-06-28,183.87,7
potato,Ahmednagar,2026-06-29,162.5,6
potato,Ahmednagar,2026-06-30,173.89,7
potato,Ahmednagar,2026-07-01,163.09,5
potato,Ahmednagar,2026-07-02,167.33,5
potato,Ahmednagar,2026-07-03,174.65,8
potato,Ahmednagar,2026-07-04,188.28,9
potato,Ahmednagar,2026-07-05,184.59,6
potato,Ahmednagar,2026-07-06,165.29,5
potato,Ahmednagar,2026-07-07,165.15,5
potato,Ahmednagar,2026-07-08,156.64,7
potato,Ahmednagar,2026-07-09,162.81,5
potato,Ahmednagar,2026-07-10,171.18,8
potato,Ahmednagar,2026-07-11,171.06,6
potato,Ahmednagar,2026-07-12,179.28,6
potato,Ahmednagar,2026-07-13,157.97,6
potato,Ahmednagar,2026-07-14,156.06,4
potato,Ahmednagar,2026-07-15,151.45,6
potato,Ahmednagar,2026-07-16,162.2,8
potato,Ahmednagar,2026-07-17,167.14,5
potato,Ahmednagar,2026-07-18,165.93,6
potato,Ahmednagar,2026-07-19,166.38,7
potato,Ahmednagar,2026-07-20,154.56,7
potato,Ahmednagar,2026-07-21,156.2,7
potato,Ahmednagar,2026-07-22,159.65,8
potato,Ahmednagar,2026-07-23,144.53,5
potato,Ahmednagar,2026-07-24,161.57,5
potato,Ahmednagar,2026-07-25,162.99,7
potato,Ahmednagar,2026-07-26,166.09,5
potato,Ahmednagar,2026-07-27,156.75,5
potato,Ahmednagar,2026-07-28,156.2,7
potato,Ahmednagar,2026-07-29,155.66,4
potato,Ahmednagar,2026-07-30,146.23,5
potato,Ahmednagar,2026-07-31,155.37,5
potato,Ahmednagar,2026-08-01,155.02,4
potato,Ahmednagar,2026-08-02,164.54,6
potato,Ahmednagar,2026-08-03,152.51,5
potato,Ahmednagar,2026-08-04,148.75,5
potato,Ahmednagar,2026-08-05,155.21,8
potato,Ahmednagar,2026-08-06,159.64,5
potato,Ahmednagar,2026-08-07,160.41,6
potato,Ahmednagar,2026-08-08,169.75,5
potato,Ahmednagar,2026-08-09,171.1,7
potato,Ahmednagar,2026-08-10,156.23,7
potato,Ahmednagar,2026-08-11,156.95,5
potato,Ahmednagar,2026-08-12,153.5,5
potato,Ahmednagar,2026-08-13,163.41,6
potato,Ahmednagar,2026-08-14,173.02,8
potato,Ahmednagar,2026-08-15,173.42,6
potato,Ahmednagar,2026-08-16,175.54,7
potato,Ahmednagar,2026-08-17,164.64,6
potato,Ahmednagar,2026-08-18,166.98,6
potato,Ahmednagar,2026-08-19,171.56,5
potato,Ahmednagar,2026-08-20,171.06,7
potato,Ahmednagar,2026-08-21,182.85,8
potato,Ahmednagar,2026-08-22,178.91,9
potato,Ahmednagar,2026-08-23,186.74,7
potato,Ahmednagar,2026-08-24,170.49,7
potato,Ahmednagar,2026-08-25,165.09,8
potato,Ahmednagar,2026-08-26,165.57,5
potato,Ahmednagar,2026-08-27,174.27,6
potato,Ahmednagar,2026-08-28,182.83,7
potato,Ahmednagar,2026-08-29,177.29,8
potato,Ahmednagar,2026-08-30,178.91,6
potato,Ahmednagar,2026-08-31,173.46,8
potato,Ahmednagar,2026-09-01,159.52,4
potato,Ahmednagar,2026-09-02,159.64,5
potato,Ahmednagar,2026-09-03,166.86,8
potato,Ahmednagar,2026-09-04,168.7,5
potato,Ahmednagar,2026-09-05,174.75,8
potato,Ahmednagar,2026-09-06,168.37,5
potato,Ahmednagar,2026-09-07,154.69,6
grapes,Nashik,2026-04-11,154.74,9
grapes,Nashik,2026-04-12,155.47,8
grapes,Nashik,2026-04-13,155.97,7
grapes,Nashik,2026-04-14,140.52,9
grapes,Nashik,2026-04-15,155.84,7
grapes,Nashik,2026-04-16,154.13,10
grapes,Nashik,2026-04-17,149.85,10
grapes,Nashik,2026-04-18,153.85,10
grapes,Nashik,2026-04-19,162.09,11
grapes,Nashik,2026-04-20,135.69,9
grapes,Nashik,2026-04-21,140.99,6
grapes,Nashik,2026-04-22,140.01,9
grapes,Nashik,2026-04-23,149.03,10
grapes,Nashik,2026-04-24,149.04,10
grapes,Nashik,2026-04-25,149.33,10
grapes,Nashik,2026-04-26,154.18,11
grapes,Nashik,2026-04-27,126.29,6
grapes,Nashik,2026-04-28,124.82,9
grapes,Nashik,2026-04-29,137.19,7
grapes,Nashik,2026-04-30,142.55,6
grapes,Nashik,2026-05-01,137.65,8
grapes,Nashik,2026-05-02,149.89,10
grapes,Nashik,2026-05-03,150.21,9
grapes,Nashik,2026-05-04,123.57,7
grapes,Nashik,2026-05-05,137.31,8
grapes,Nashik,2026-05-06,134.83,9
grapes,Nashik,2026-05-07,123.72,7
grapes,Nashik,2026-05-08,149.06,7
grapes,Nashik,2026-05-09,146.34,8
grapes,Nashik,2026-05-10,156.08,9
grapes,Nashik,2026-05-11,132.37,7
grapes,Nashik,2026-05-12,138.78,10
grapes,Nashik,2026-05-13,125.63,6
grapes,Nashik,2026-05-14,134.68,10
grapes,Nashik,2026-05-15,142.58,10
grapes,Nashik,2026-05-16,145.18,8
grapes,Nashik,2026-05-17,163.2,8
grapes,Nashik,2026-05-18,146.75,9
grapes,Nashik,2026-05-19,138.7,8
grapes,Nashik,2026-05-20,128.2,7
grapes,Nashik,2026-05-21,146.17,6
grapes,Nashik,2026-05-22,168.47,8
grapes,Nashik,2026-05-23,160.93,8
grapes,Nashik,2026-05-24,162.74,7
grapes,Nashik,2026-05-25,135.08,9
grapes,Nashik,2026-05-26,133.4,9
grapes,Nashik,2026-05-27,154.01,10
grapes,Nashik,2026-05-28,139.75,7
grapes,Nashik,2026-05-29,156.66,10
grapes,Nashik,2026-05-30,168.58,12
grapes,Nashik,2026-05-31,177.61,10
grapes,Nashik,2026-06-01,155.39,8
grapes,Nashik,2026-06-02,140.92,8
grapes,Nashik,2026-06-03,156.08,8
grapes,Nashik,2026-06-04,143.05,7
grapes,Nashik,2026-06-05,157.16,7
grapes,Nashik,2026-06-06,167.11,9
grapes,Nashik,2026-06-07,154.71,11
grapes,Nashik,2026-06-08,138.47,8
grapes,Nashik,2026-06-09,152.66,7
grapes,Nashik,2026-06-10,155.45,8
grapes,Nashik,2026-06-11,152.53,9
grapes,Nashik,2026-06-12,177.47,10
grapes,Nashik,2026-06-13,173.64,12
grapes,Nashik,2026-06-14,155.48,8
grapes,Nashik,2026-06-15,144.98,8
grapes,Nashik,2026-06-16,151.09,8
grapes,Nashik,2026-06-17,152.14,7
grapes,Nashik,2026-06-18,152.67,9
grapes,Nashik,2026-06-19,162.09,9
grapes,Nashik,2026-06-20,169.79,9
grapes,Nashik,2026-06-21,161.91,8
grapes,Nashik,2026-06-22,133.99,7
grapes,Nashik,2026-06-23,141.76,10
grapes,Nashik,2026-06-24,133.4,6
grapes,Nashik,2026-06-25,130.18,7
grapes,Nashik,2026-06-26,163.18,11
grapes,Nashik,2026-06-27,147.04,10
grapes,Nashik,2026-06-28,160.4,9
grapes,Nashik,2026-06-29,125.86,8
grapes,Nashik,2026-06-30,142.15,10
grapes,Nashik,2026-07-01,134.99,6
grapes,Nashik,2026-07-02,121.8,8
grapes,Nashik,2026-07-03,136.22,10
grapes,Nashik,2026-07-04,139.87,7
grapes,Nashik,2026-07-05,148.75,9
grapes,Nashik,2026-07-06,135.74,7
grapes,Nashik,2026-07-07,131.42,9
grapes,Nashik,2026-07-08,129.54,10
grapes,Nashik,2026-07-09,123.19,7
grapes,Nashik,2026-07-10,157.18,10
grapes,Nashik,2026-07-11,152.3,9
grapes,Nashik,2026-07-12,150.17,9
grapes,Nashik,2026-07-13,142.22,9
grapes,Nashik,2026-07-14,141.24,8
grapes,Nashik,2026-07-15,133.95,9
grapes,Nashik,2026-07-16,127.69,10
grapes,Nashik,2026-07-17,164.62,9
grapes,Nashik,2026-07-18,150.94,10
grapes,Nashik,2026-07-19,157.45,12
grapes,Nashik,2026-07-20,136.69,6
grapes,Nashik,2026-07-21,147.69,9
grapes,Nashik,2026-07-22,148.0,8
grapes,Nashik,2026-07-23,152.81,8
grapes,Nashik,2026-07-24,150.21,11
grapes,Nashik,2026-07-25,157.56,10
grapes,Nashik,2026-07-26,153.99,10
grapes,Nashik,2026-07-27,134.07,10
grapes,Nashik,2026-07-28,152.03,9
grapes,Nashik,2026-07-29,153.2,8
grapes,Nashik,2026-07-30,152.1,9
grapes,Nashik,2026-07-31,171.84,9
grapes,Nashik,2026-08-01,158.67,10
grapes,Nashik,2026-08-02,175.91,9
grapes,Nashik,2026-08-03,152.88,7
grapes,Nashik,2026-08-04,157.59,7
grapes,Nashik,2026-08-05,143.67,10
grapes,Nashik,2026-08-06,162.05,8
grapes,Nashik,2026-08-07,181.17,13
grapes,Nashik,2026-08-08,155.99,7
grapes,Nashik,2026-08-09,168.1,8
grapes,Nashik,2026-08-10,154.91,8
grapes,Nashik,2026-08-11,152.22,10
grapes,Nashik,2026-08-12,137.5,7
grapes,Nashik,2026-08-13,160.32,10
grapes,Nashik,2026-08-14,169.71,10
grapes,Nashik,2026-08-15,155.07,7
grapes,Nashik,2026-08-16,158.78,7
grapes,Nashik,2026-08-17,146.32,7
grapes,Nashik,2026-08-18,137.92,7
grapes,Nashik,2026-08-19,137.76,11
grapes,Nashik,2026-08-20,149.62,8
grapes,Nashik,2026-08-21,164.99,7
grapes,Nashik,2026-08-22,162.37,7
grapes,Nashik,2026-08-23,150.68,7
grapes,Nashik,2026-08-24,143.2,10
grapes,Nashik,2026-08-25,146.08,7
grapes,Nashik,2026-08-26,131.6,9
grapes,Nashik,2026-08-27,149.06,10
grapes,Nashik,2026-08-28,164.42,9
grapes,Nashik,2026-08-29,164.55,9
grapes,Nashik,2026-08-30,160.38,9
grapes,Nashik,2026-08-31,132.9,6
grapes,Nashik,2026-09-01,145.36,9
grapes,Nashik,2026-09-02,127.12,9
grapes,Nashik,2026-09-03,147.98,7
grapes,Nashik,2026-09-04,158.66,9
grapes,Nashik,2026-09-05,157.33,7
grapes,Nashik,2026-09-06,159.31,9
grapes,Nashik,2026-09-07,147.14,8
grapes,Pune,2026-04-11,112.3,6
grapes,Pune,2026-04-12,98.04,6
grapes,Pune,2026-04-13,88.89,5
grapes,Pune,2026-04-14,99.6,6
grapes,Pune,2026-04-15,90.66,6
grapes,Pune,2026-04-16,96.67,4
grapes,Pune,2026-04-17,103.77,6
grapes,Pune,2026-04-18,105.83,5
grapes,Pune,2026-04-19,100.22,6
grapes,Pune,2026-04-20,87.07,6
grapes,Pune,2026-04-21,89.43,4
grapes,Pune,2026-04-22,93.58,6
grapes,Pune,2026-04-23,93.14,5
grapes,Pune,2026-04-24,102.51,6
grapes,Pune,2026-04-25,95.7,7
grapes,Pune,2026-04-26,99.65,6
grapes,Pune,2026-04-27,88.2,6
grapes,Pune,2026-04-28,80.29,5
grapes,Pune,2026-04-29,81.36,4
grapes,Pune,2026-04-30,92.51,5
grapes,Pune,2026-05-01,103.45,6
grapes,Pune,2026-05-02,96.57,5
grapes,Pune,2026-05-03,99.81,7
grapes,Pune,2026-05-04,90.46,4
grapes,Pune,2026-05-05,85.71,7
grapes,Pune,2026-05-06,83.15,4
grapes,Pune,2026-05-07,82.99,4
grapes,Pune,2026-05-08,101.6,6
grapes,Pune,2026-05-09,88.27,5
grapes,Pune,2026-05-10,93.34,5
grapes,Pune,2026-05-11,84.75,5
grapes,Pune,2026-05-12,83.01,4
grapes,Pune,2026-05-13,92.0,5
grapes,Pune,2026-05-14,87.94,6
grapes,Pune,2026-05-15,93.77,4
grapes,Pune,2026-05-16,92.18,7
grapes,Pune,2026-05-17,100.57,5
grapes,Pune,2026-05-18,83.32,4
grapes,Pune,2026-05-19,93.0,7
grapes,Pune,2026-05-20,90.4,4
grapes,Pune,2026-05-21,82.72,6
grapes,Pune,2026-05-22,96.0,5
grapes,Pune,2026-05-23,108.17,5
grapes,Pune,2026-05-24,100.25,5
grapes,Pune,2026-05-25,87.41,4
grapes,Pune,2026-05-26,89.16,5
grapes,Pune,2026-05-27,93.11,5
grapes,Pune,2026-05-28,92.54,5
grapes,Pune,2026-05-29,102.69,6
grapes,Pune,2026-05-30,97.1,7
grapes,Pune,2026-05-31,102.8,6
grapes,Pune,2026-06-01,100.91,6
grapes,Pune,2026-06-02,93.3,6
grapes,Pune,2026-06-03,102.61,6
grapes,Pune,2026-06-04,89.64,4
grapes,Pune,2026-06-05,105.43,6
grapes,Pune,2026-06-06,111.0,5
grapes,Pune,2026-06-07,104.91,8
grapes,Pune,2026-06-08,101.42,5
grapes,Pune,2026-06-09,90.65,6
grapes,Pune,2026-06-10,100.54,5
grapes,Pune,2026-06-11,91.77,4
grapes,Pune,2026-06-12,111.03,8
grapes,Pune,2026-06-13,108.03,7
grapes,Pune,2026-06-14,99.08,5
grapes,Pune,2026-06-15,94.25,5
grapes,Pune,2026-06-16,89.84,6
grapes,Pune,2026-06-17,87.77,6
grapes,Pune,2026-06-18,94.79,7
grapes,Pune,2026-06-19,101.33,5
grapes,Pune,2026-06-20,96.53,6
grapes,Pune,2026-06-21,108.65,5
grapes,Pune,2026-06-22,88.6,4
grapes,Pune,2026-06-23,93.44,7
grapes,Pune,2026-06-24,89.76,4
grapes,Pune,2026-06-25,84.2,4
grapes,Pune,2026-06-26,95.05,7
grapes,Pune,2026-06-27,98.27,6
grapes,Pune,2026-06-28,96.57,5
grapes,Pune,2026-06-29,85.44,5
grapes,Pune,2026-06-30,79.29,4
grapes,Pune,2026-07-01,79.72,4
grapes,Pune,2026-07-02,87.04,5
grapes,Pune,2026-07-03,101.4,5
grapes,Pune,2026-07-04,92.55,4
grapes,Pune,2026-07-05,99.97,4
grapes,Pune,2026-07-06,88.56,4
grapes,Pune,2026-07-07,83.16,6
grapes,Pune,2026-07-08,89.11,5
grapes,Pune,2026-07-09,89.63,4
grapes,Pune,2026-07-10,94.01,4
grapes,Pune,2026-07-11,90.69,6
grapes,Pune,2026-07-12,97.75,7
grapes,Pune,2026-07-13,85.09,4
grapes,Pune,2026-07-14,84.83,4
grapes,Pune,2026-07-15,89.08,7
grapes,Pune,2026-07-16,90.12,6
grapes,Pune,2026-07-17,92.03,5
grapes,Pune,2026-07-18,102.14,7
grapes,Pune,2026-07-19,92.33,4
grapes,Pune,2026-07-20,95.01,6
grapes,Pune,2026-07-21,85.13,5
grapes,Pune,2026-07-22,96.17,6
grapes,Pune,2026-07-23,91.73,5
grapes,Pune,2026-07-24,105.47,7
grapes,Pune,2026-07-25,96.26,7
grapes,Pune,2026-07-26,107.88,8
grapes,Pune,2026-07-27,99.55,6
grapes,Pune,2026-07-28,100.22,6
grapes,Pune,2026-07-29,93.23,7
grapes,Pune,2026-07-30,99.01,5
grapes,Pune,2026-07-31,100.42,7
grapes,Pune,2026-08-01,105.04,7
grapes,Pune,2026-08-02,112.04,5
grapes,Pune,2026-08-03,96.42,5
grapes,Pune,2026-08-04,100.86,7
grapes,Pune,2026-08-05,95.28,4
grapes,Pune,2026-08-06,91.55,4
grapes,Pune,2026-08-07,103.29,6
grapes,Pune,2026-08-08,100.42,4
grapes,Pune,2026-08-09,100.0,7
grapes,Pune,2026-08-10,98.58,5
grapes,Pune,2026-08-11,98.93,7
grapes,Pune,2026-08-12,95.37,7
grapes,Pune,2026-08-13,93.26,7
grapes,Pune,2026-08-14,105.02,8
grapes,Pune,2026-08-15,101.11,8
grapes,Pune,2026-08-16,98.01,6
grapes,Pune,2026-08-17,90.31,5
grapes,Pune,2026-08-18,96.73,5
grapes,Pune,2026-08-19,87.71,7
grapes,Pune,2026-08-20,95.17,6
grapes,Pune,2026-08-21,102.63,4
grapes,Pune,2026-08-22,102.05,5
grapes,Pune,2026-08-23,95.34,5
grapes,Pune,2026-08-24,93.06,7
grapes,Pune,2026-08-25,93.44,6
grapes,Pune,2026-08-26,89.07,4
grapes,Pune,2026-08-27,89.19,5
grapes,Pune,2026-08-28,96.47,5
grapes,Pune,2026-08-29,94.3,4
grapes,Pune,2026-08-30,104.85,7
grapes,Pune,2026-08-31,90.15,5
grapes,Pune,2026-09-01,83.95,4
grapes,Pune,2026-09-02,83.15,4
grapes,Pune,2026-09-03,91.9,6
grapes,Pune,2026-09-04,93.91,5
grapes,Pune,2026-09-05,102.04,6
grapes,Pune,2026-09-06,91.75,6
grapes,Pune,2026-09-07,85.89,6
grapes,Satara,2026-04-11,46.2,2
grapes,Satara,2026-04-12,46.35,3
grapes,Satara,2026-04-13,42.67,2
grapes,Satara,2026-04-14,44.94,3
grapes,Satara,2026-04-15,44.07,3
grapes,Satara,2026-04-16,43.42,2
grapes,Satara,2026-04-17,42.45,2
grapes,Satara,2026-04-18,48.59,2
grapes,Satara,2026-04-19,44.89,3
grapes,Satara,2026-04-20,42.65,3
grapes,Satara,2026-04-21,42.96,2
grapes,Satara,2026-04-22,36.94,2
grapes,Satara,2026-04-23,37.33,2
grapes,Satara,2026-04-24,44.43,2
grapes,Satara,2026-04-25,47.11,2
grapes,Satara,2026-04-26,45.44,2
grapes,Satara,2026-04-27,37.22,2
grapes,Satara,2026-04-28,38.27,2
grapes,Satara,2026-04-29,39.52,3
grapes,Satara,2026-04-30,40.46,2
grapes,Satara,2026-05-01,42.71,3
grapes,Satara,2026-05-02,43.55,2
grapes,Satara,2026-05-03,38.97,2
grapes,Satara,2026-05-04,38.54,2
grapes,Satara,2026-05-05,40.31,3
grapes,Satara,2026-05-06,36.54,2
grapes,Satara,2026-05-07,38.4,2
grapes,Satara,2026-05-08,44.65,2
grapes,Satara,2026-05-09,45.35,3
grapes,Satara,2026-05-10,43.85,3
grapes,Satara,2026-05-11,38.89,3
grapes,Satara,2026-05-12,36.32,2
grapes,Satara,2026-05-13,37.98,2
grapes,Satara,2026-05-14,39.7,3
grapes,Satara,2026-05-15,45.05,2
grapes,Satara,2026-05-16,42.19,3
grapes,Satara,2026-05-17,46.53,3
grapes,Satara,2026-05-18,41.8,2
grapes,Satara,2026-05-19,39.13,3
grapes,Satara,2026-05-20,40.53,2
grapes,Satara,2026-05-21,41.04,2
grapes,Satara,2026-05-22,41.96,3
grapes,Satara,2026-05-23,44.28,2
grapes,Satara,2026-05-24,46.16,2
grapes,Satara,2026-05-25,42.15,2
grapes,Satara,2026-05-26,43.42,2
grapes,Satara,2026-05-27,43.7,3
grapes,Satara,2026-05-28,43.32,3
grapes,Satara,2026-05-29,48.24,3
grapes,Satara,2026-05-30,43.31,3
grapes,Satara,2026-05-31,46.98,3
grapes,Satara,2026-06-01,39.31,3
grapes,Satara,2026-06-02,44.45,3
grapes,Satara,2026-06-03,45.65,3
grapes,Satara,2026-06-04,45.65,2
grapes,Satara,2026-06-05,47.22,3
grapes,Satara,2026-06-06,50.5,2
grapes,Satara,2026-06-07,50.93,3
grapes,Satara,2026-06-08,42.22,2
grapes,Satara,2026-06-09,42.55,2
grapes,Satara,2026-06-10,40.45,2
grapes,Satara,2026-06-11,39.85,2
grapes,Satara,2026-06-12,50.3,3
grapes,Satara,2026-06-13,48.28,3
grapes,Satara,2026-06-14,43.64,2
grapes,Satara,2026-06-15,44.66,2
grapes,Satara,2026-06-16,38.08,2
grapes,Satara,2026-06-17,43.76,3
grapes,Satara,2026-06-18,39.59,2
grapes,Satara,2026-06-19,44.49,3
grapes,Satara,2026-06-20,43.47,2
grapes,Satara,2026-06-21,46.34,2
grapes,Satara,2026-06-22,40.78,2
grapes,Satara,2026-06-23,42.33,2
grapes,Satara,2026-06-24,40.31,2
grapes,Satara,2026-06-25,40.03,2
grapes,Satara,2026-06-26,46.37,3
grapes,Satara,2026-06-27,44.12,3
grapes,Satara,2026-06-28,42.93,3
grapes,Satara,2026-06-29,40.01,2
grapes,Satara,2026-06-30,37.03,2
grapes,Satara,2026-07-01,36.23,2
grapes,Satara,2026-07-02,38.26,2
grapes,Satara,2026-07-03,45.1,2
grapes,Satara,2026-07-04,39.23,2
grapes,Satara,2026-07-05,41.07,3
grapes,Satara,2026-07-06,40.07,2
grapes,Satara,2026-07-07,39.08,3
grapes,Satara,2026-07-08,39.01,2
grapes,Satara,2026-07-09,38.65,2
grapes,Satara,2026-07-10,44.29,2
grapes,Satara,2026-07-11,45.66,2
grapes,Satara,2026-07-12,42.21,3
grapes,Satara,2026-07-13,36.6,2
grapes,Satara,2026-07-14,36.93,3
grapes,Satara,2026-07-15,37.32,2
grapes,Satara,2026-07-16,36.41,3
grapes,Satara,2026-07-17,42.61,3
grapes,Satara,2026-07-18,44.64,2
grapes,Satara,2026-07-19,42.06,2
grapes,Satara,2026-07-20,42.59,3
grapes,Satara,2026-07-21,40.49,2
grapes,Satara,2026-07-22,37.87,2
grapes,Satara,2026-07-23,39.31,2
grapes,Satara,2026-07-24,44.78,3
grapes,Satara,2026-07-25,47.71,3
grapes,Satara,2026-07-26,44.87,2
grapes,Satara,2026-07-27,42.17,2
grapes,Satara,2026-07-28,39.73,2
grapes,Satara,2026-07-29,41.28,3
grapes,Satara,2026-07-30,41.72,3
grapes,Satara,2026-07-31,49.57,3
grapes,Satara,2026-08-01,49.96,2
grapes,Satara,2026-08-02,51.16,4
grapes,Satara,2026-08-03,40.26,2
grapes,Satara,2026-08-04,44.03,2
grapes,Satara,2026-08-05,43.59,3
grapes,Satara,2026-08-06,40.29,2
grapes,Satara,2026-08-07,44.38,2
grapes,Satara,2026-08-08,50.85,2
grapes,Satara,2026-08-09,46.67,2
grapes,Satara,2026-08-10,45.03,2
grapes,Satara,2026-08-11,41.38,2
grapes,Satara,2026-08-12,40.73,3
grapes,Satara,2026-08-13,43.74,3
grapes,Satara,2026-08-14,44.76,3
grapes,Satara,2026-08-15,45.61,2
grapes,Satara,2026-08-16,48.9,2
grapes,Satara,2026-08-17,44.14,2
grapes,Satara,2026-08-18,43.78,3
grapes,Satara,2026-08-19,38.3,2
grapes,Satara,2026-08-20,39.99,3
grapes,Satara,2026-08-21,45.89,3
grapes,Satara,2026-08-22,47.02,4
grapes,Satara,2026-08-23,43.76,2
grapes,Satara,2026-08-24,42.59,3
grapes,Satara,2026-08-25,40.63,2
grapes,Satara,2026-08-26,40.82,3
grapes,Satara,2026-08-27,38.01,2
grapes,Satara,2026-08-28,42.96,2
grapes,Satara,2026-08-29,47.62,2
grapes,Satara,2026-08-30,41.08,2
grapes,Satara,2026-08-31,41.35,3
grapes,Satara,2026-09-01,37.16,2
grapes,Satara,2026-09-02,40.68,3
grapes,Satara,2026-09-03,41.51,3
grapes,Satara,2026-09-04,47.14,2
grapes,Satara,2026-09-05,42.2,3
grapes,Satara,2026-09-06,45.91,2
grapes,Satara,2026-09-07,42.29,2
grapes,Sangli,2026-04-11,139.47,7
grapes,Sangli,2026-04-12,129.89,6
grapes,Sangli,2026-04-13,122.56,6
grapes,Sangli,2026-04-14,122.86,8
grapes,Sangli,2026-04-15,121.55,7
grapes,Sangli,2026-04-16,120.17,8
grapes,Sangli,2026-04-17,117.85,6
grapes,Sangli,2026-04-18,116.16,8
grapes,Sangli,2026-04-19,124.62,7
grapes,Sangli,2026-04-20,107.71,8
grapes,Sangli,2026-04-21,103.67,8
grapes,Sangli,2026-04-22,107.29,6
grapes,Sangli,2026-04-23,113.13,8
grapes,Sangli,2026-04-24,119.68,5
grapes,Sangli,2026-04-25,111.35,7
grapes,Sangli,2026-04-26,118.79,9
grapes,Sangli,2026-04-27,101.48,7
grapes,Sangli,2026-04-28,106.56,7
grapes,Sangli,2026-04-29,112.26,7
grapes,Sangli,2026-04-30,103.55,6
grapes,Sangli,2026-05-01,124.92,8
grapes,Sangli,2026-05-02,107.55,5
grapes,Sangli,2026-05-03,121.44,6
grapes,Sangli,2026-05-04,99.56,5
grapes,Sangli,2026-05-05,103.05,5
grapes,Sangli,2026-05-06,101.35,5
grapes,Sangli,2026-05-07,101.16,6
grapes,Sangli,2026-05-08,123.13,5
grapes,Sangli,2026-05-09,116.66,8
grapes,Sangli,2026-05-10,111.91,5
grapes,Sangli,2026-05-11,112.14,7
grapes,Sangli,2026-05-12,106.93,8
grapes,Sangli,2026-05-13,103.68,6
grapes,Sangli,2026-05-14,99.08,6
grapes,Sangli,2026-05-15,122.99,5
grapes,Sangli,2026-05-16,109.51,8
grapes,Sangli,2026-05-17,126.91,10
grapes,Sangli,2026-05-18,110.97,8
grapes,Sangli,2026-05-19,101.3,6
grapes,Sangli,2026-05-20,104.95,6
grapes,Sangli,2026-05-21,102.97,7
grapes,Sangli,2026-05-22,121.72,7
grapes,Sangli,2026-05-23,120.7,5
grapes,Sangli,2026-05-24,115.46,6
grapes,Sangli,2026-05-25,115.09,6
grapes,Sangli,2026-05-26,120.84,8
grapes,Sangli,2026-05-27,121.7,6
grapes,Sangli,2026-05-28,122.74,8
grapes,Sangli,2026-05-29,120.38,7
grapes,Sangli,2026-05-30,128.52,8
grapes,Sangli,2026-05-31,129.13,8
grapes,Sangli,2026-06-01,119.12,5
grapes,Sangli,2026-06-02,109.14,5
grapes,Sangli,2026-06-03,120.97,6
grapes,Sangli,2026-06-04,121.69,6
grapes,Sangli,2026-06-05,128.47,6
grapes,Sangli,2026-06-06,135.31,6
grapes,Sangli,2026-06-07,135.6,10
grapes,Sangli,2026-06-08,122.51,9
grapes,Sangli,2026-06-09,109.4,6
grapes,Sangli,2026-06-10,124.5,6
grapes,Sangli,2026-06-11,121.1,5
grapes,Sangli,2026-06-12,121.41,6
grapes,Sangli,2026-06-13,125.43,9
grapes,Sangli,2026-06-14,118.12,7
grapes,Sangli,2026-06-15,117.18,6
grapes,Sangli,2026-06-16,105.12,7
grapes,Sangli,2026-06-17,118.57,7
grapes,Sangli,2026-06-18,110.71,8
grapes,Sangli,2026-06-19,126.6,6
grapes,Sangli,2026-06-20,114.14,7
grapes,Sangli,2026-06-21,122.73,7
grapes,Sangli,2026-06-22,105.44,6
grapes,Sangli,2026-06-23,101.31,4
grapes,Sangli,2026-06-24,106.67,6
grapes,Sangli,2026-06-25,109.27,6
grapes,Sangli,2026-06-26,123.82,9
grapes,Sangli,2026-06-27,112.84,5
grapes,Sangli,2026-06-28,114.06,5
grapes,Sangli,2026-06-29,98.58,6
grapes,Sangli,2026-06-30,100.66,5
grapes,Sangli,2026-07-01,107.6,6
grapes,Sangli,2026-07-02,106.71,6
grapes,Sangli,2026-07-03,114.83,6
grapes,Sangli,2026-07-04,115.47,8
grapes,Sangli,2026-07-05,121.08,9
grapes,Sangli,2026-07-06,96.83,5
grapes,Sangli,2026-07-07,107.26,6
grapes,Sangli,2026-07-08,105.4,5
grapes,Sangli,2026-07-09,98.58,5
grapes,Sangli,2026-07-10,123.09,8
grapes,Sangli,2026-07-11,119.25,9
grapes,Sangli,2026-07-12,110.67,7
grapes,Sangli,2026-07-13,98.76,7
grapes,Sangli,2026-07-14,103.97,5
grapes,Sangli,2026-07-15,102.33,6
grapes,Sangli,2026-07-16,101.5,6
grapes,Sangli,2026-07-17,113.46,8
grapes,Sangli,2026-07-18,111.65,8
grapes,Sangli,2026-07-19,115.89,5
grapes,Sangli,2026-07-20,115.75,7
grapes,Sangli,2026-07-21,107.96,5
grapes,Sangli,2026-07-22,111.2,5
grapes,Sangli,2026-07-23,115.01,8
grapes,Sangli,2026-07-24,135.2,8
grapes,Sangli,2026-07-25,120.79,6
grapes,Sangli,2026-07-26,125.74,7
grapes,Sangli,2026-07-27,106.29,5
grapes,Sangli,2026-07-28,113.63,7
grapes,Sangli,2026-07-29,107.3,7
grapes,Sangli,2026-07-30,108.9,7
grapes,Sangli,2026-07-31,127.8,6
grapes,Sangli,2026-08-01,140.43,10
grapes,Sangli,2026-08-02,136.01,7
grapes,Sangli,2026-08-03,113.0,8
grapes,Sangli,2026-08-04,125.45,6
grapes,Sangli,2026-08-05,112.14,6
grapes,Sangli,2026-08-06,108.79,6
grapes,Sangli,2026-08-07,135.84,10
grapes,Sangli,2026-08-08,128.6,9
grapes,Sangli,2026-08-09,127.69,7
grapes,Sangli,2026-08-10,113.72,6
grapes,Sangli,2026-08-11,119.61,6
grapes,Sangli,2026-08-12,115.99,8
grapes,Sangli,2026-08-13,112.27,8
grapes,Sangli,2026-08-14,130.28,9
grapes,Sangli,2026-08-15,126.48,8
grapes,Sangli,2026-08-16,121.32,10
grapes,Sangli,2026-08-17,118.07,5
grapes,Sangli,2026-08-18,117.75,7
grapes,Sangli,2026-08-19,118.74,6
grapes,Sangli,2026-08-20,106.53,6
grapes,Sangli,2026-08-21,123.34,9
grapes,Sangli,2026-08-22,131.73,7
grapes,Sangli,2026-08-23,129.73,6
grapes,Sangli,2026-08-24,112.53,6
grapes,Sangli,2026-08-25,112.28,6
grapes,Sangli,2026-08-26,105.35,6
grapes,Sangli,2026-08-27,105.59,5
grapes,Sangli,2026-08-28,123.88,10
grapes,Sangli,2026-08-29,113.81,8
grapes,Sangli,2026-08-30,113.9,9
grapes,Sangli,2026-08-31,110.58,6
grapes,Sangli,2026-09-01,109.96,6
grapes,Sangli,2026-09-02,100.19,7
grapes,Sangli,2026-09-03,116.24,8
grapes,Sangli,2026-09-04,128.66,8
grapes,Sangli,2026-09-05,127.56,7
grapes,Sangli,2026-09-06,115.68,5
grapes,Sangli,2026-09-07,107.99,6
grapes,Ahmednagar,2026-04-11,61.05,3
grapes,Ahmednagar,2026-04-12,56.61,3
grapes,Ahmednagar,2026-04-13,53.01,3
grapes,Ahmednagar,2026-04-14,50.59,2
grapes,Ahmednagar,2026-04-15,49.72,2
grapes,Ahmednagar,2026-04-16,55.31,3
grapes,Ahmednagar,2026-04-17,55.55,4
grapes,Ahmednagar,2026-04-18,53.59,3
grapes,Ahmednagar,2026-04-19,55.89,4
grapes,Ahmednagar,2026-04-20,54.24,2
grapes,Ahmednagar,2026-04-21,52.24,2
grapes,Ahmednagar,2026-04-22,49.17,2
grapes,Ahmednagar,2026-04-23,46.13,4
grapes,Ahmednagar,2026-04-24,54.32,2
grapes,Ahmednagar,2026-04-25,57.76,4
grapes,Ahmednagar,2026-04-26,58.76,5
grapes,Ahmednagar,2026-04-27,49.29,2
grapes,Ahmednagar,2026-04-28,44.95,2
grapes,Ahmednagar,2026-04-29,49.45,3
grapes,Ahmednagar,2026-04-30,47.58,2
grapes,Ahmednagar,2026-05-01,54.56,3
grapes,Ahmednagar,2026-05-02,52.27,4
grapes,Ahmednagar,2026-05-03,51.9,3
grapes,Ahmednagar,2026-05-04,43.78,3
grapes,Ahmednagar,2026-05-05,46.09,2
grapes,Ahmednagar,2026-05-06,46.44,3
grapes,Ahmednagar,2026-05-07,45.27,2
grapes,Ahmednagar,2026-05-08,49.33,3
grapes,Ahmednagar,2026-05-09,51.56,4
grapes,Ahmednagar,2026-05-10,55.17,2
grapes,Ahmednagar,2026-05-11,46.03,3
grapes,Ahmednagar,2026-05-12,45.44,2
grapes,Ahmednagar,2026-05-13,45.02,3
grapes,Ahmednagar,2026-05-14,44.78,2
grapes,Ahmednagar,2026-05-15,51.3,3
grapes,Ahmednagar,2026-05-16,49.82,3
grapes,Ahmednagar,2026-05-17,57.91,4
grapes,Ahmednagar,2026-05-18,46.37,3
grapes,Ahmednagar,2026-05-19,46.76,2
grapes,Ahmednagar,2026-05-20,52.8,4
grapes,Ahmednagar,2026-05-21,47.65,3
grapes,Ahmednagar,2026-05-22,52.31,3
grapes,Ahmednagar,2026-05-23,57.02,3
grapes,Ahmednagar,2026-05-24,52.6,3
grapes,Ahmednagar,2026-05-25,54.92,2
grapes,Ahmednagar,2026-05-26,51.12,2
grapes,Ahmednagar,2026-05-27,47.8,3
grapes,Ahmednagar,2026-05-28,48.42,3
grapes,Ahmednagar,2026-05-29,56.49,4
grapes,Ahmednagar,2026-05-30,63.02,5
grapes,Ahmednagar,2026-05-31,61.1,5
grapes,Ahmednagar,2026-06-01,56.48,3
grapes,Ahmednagar,2026-06-02,52.75,4
grapes,Ahmednagar,2026-06-03,51.29,3
grapes,Ahmednagar,2026-06-04,52.01,3
grapes,Ahmednagar,2026-06-05,57.98,3
grapes,Ahmednagar,2026-06-06,55.84,3
grapes,Ahmednagar,2026-06-07,61.0,5
grapes,Ahmednagar,2026-06-08,51.5,3
grapes,Ahmednagar,2026-06-09,56.2,2
grapes,Ahmednagar,2026-06-10,52.76,3
grapes,Ahmednagar,2026-06-11,52.6,3
grapes,Ahmednagar,2026-06-12,61.28,4
grapes,Ahmednagar,2026-06-13,54.02,3
grapes,Ahmednagar,2026-06-14,60.98,4
grapes,Ahmednagar,2026-06-15,51.55,4
grapes,Ahmednagar,2026-06-16,54.51,3
grapes,Ahmednagar,2026-06-17,47.4,2
grapes,Ahmednagar,2026-06-18,48.14,2
grapes,Ahmednagar,2026-06-19,58.32,3
grapes,Ahmednagar,2026-06-20,52.52,3
grapes,Ahmednagar,2026-06-21,57.09,4
grapes,Ahmednagar,2026-06-22,53.25,4
grapes,Ahmednagar,2026-06-23,47.23,3
grapes,Ahmednagar,2026-06-24,46.81,4
grapes,Ahmednagar,2026-06-25,50.17,2
grapes,Ahmednagar,2026-06-26,51.17,2
grapes,Ahmednagar,2026-06-27,55.89,4
grapes,Ahmednagar,2026-06-28,57.97,3
grapes,Ahmednagar,2026-06-29,47.76,3
grapes,Ahmednagar,2026-06-30,51.3,4
grapes,Ahmednagar,2026-07-01,48.21,3
grapes,Ahmednagar,2026-07-02,47.42,3
grapes,Ahmednagar,2026-07-03,55.06,4
grapes,Ahmednagar,2026-07-04,52.26,2
grapes,Ahmednagar,2026-07-05,49.55,2
grapes,Ahmednagar,2026-07-06,45.43,3
grapes,Ahmednagar,2026-07-07,47.95,4
grapes,Ahmednagar,2026-07-08,50.39,2
grapes,Ahmednagar,2026-07-09,43.69,3
grapes,Ahmednagar,2026-07-10,54.75,3
grapes,Ahmednagar,2026-07-11,54.66,3
grapes,Ahmednagar,2026-07-12,51.08,3
grapes,Ahmednagar,2026-07-13,51.59,3
grapes,Ahmednagar,2026-07-14,48.84,2
grapes,Ahmednagar,2026-07-15,51.8,3
grapes,Ahmednagar,2026-07-16,49.05,3
grapes,Ahmednagar,2026-07-17,58.99,4
grapes,Ahmednagar,2026-07-18,51.45,3
grapes,Ahmednagar,2026-07-19,51.04,2
grapes,Ahmednagar,2026-07-20,51.84,3
grapes,Ahmednagar,2026-07-21,48.51,2
grapes,Ahmednagar,2026-07-22,53.3,2
grapes,Ahmednagar,2026-07-23,53.06,4
grapes,Ahmednagar,2026-07-24,60.68,4
grapes,Ahmednagar,2026-07-25,57.45,4
grapes,Ahmednagar,2026-07-26,57.42,2
grapes,Ahmednagar,2026-07-27,49.22,3
grapes,Ahmednagar,2026-07-28,50.55,4
grapes,Ahmednagar,2026-07-29,48.91,3
grapes,Ahmednagar,2026-07-30,53.44,3
grapes,Ahmednagar,2026-07-31,57.99,4
grapes,Ahmednagar,2026-08-01,55.52,3
grapes,Ahmednagar,2026-08-02,61.81,3
grapes,Ahmednagar,2026-08-03,53.19,3
grapes,Ahmednagar,2026-08-04,57.81,3
grapes,Ahmednagar,2026-08-05,57.82,4
grapes,Ahmednagar,2026-08-06,56.01,3
grapes,Ahmednagar,2026-08-07,59.64,3
grapes,Ahmednagar,2026-08-08,64.25,5
grapes,Ahmednagar,2026-08-09,64.33,5
grapes,Ahmednagar,2026-08-10,57.62,4
grapes,Ahmednagar,2026-08-11,53.36,3
grapes,Ahmednagar,2026-08-12,52.15,4
grapes,Ahmednagar,2026-08-13,51.33,3
grapes,Ahmednagar,2026-08-14,58.44,4
grapes,Ahmednagar,2026-08-15,60.19,4
grapes,Ahmednagar,2026-08-16,60.5,3
grapes,Ahmednagar,2026-08-17,51.76,3
grapes,Ahmednagar,2026-08-18,52.1,3
grapes,Ahmednagar,2026-08-19,52.77,2
grapes,Ahmednagar,2026-08-20,49.93,3
grapes,Ahmednagar,2026-08-21,53.52,2
grapes,Ahmednagar,2026-08-22,56.26,2
grapes,Ahmednagar,2026-08-23,56.31,4
grapes,Ahmednagar,2026-08-24,53.48,4
grapes,Ahmednagar,2026-08-25,54.14,2
grapes,Ahmednagar,2026-08-26,46.32,2
grapes,Ahmednagar,2026-08-27,53.58,2
grapes,Ahmednagar,2026-08-28,51.62,4
grapes,Ahmednagar,2026-08-29,57.97,3
grapes,Ahmednagar,2026-08-30,57.02,3
grapes,Ahmednagar,2026-08-31,49.72,3
grapes,Ahmednagar,2026-09-01,46.46,3
grapes,Ahmednagar,2026-09-02,46.05,2
grapes,Ahmednagar,2026-09-03,48.18,3
grapes,Ahmednagar,2026-09-04,55.71,3
grapes,Ahmednagar,2026-09-05,58.3,3
grapes,Ahmednagar,2026-09-06,52.85,3
grapes,Ahmednagar,2026-09-07,52.48,3
pomegranate,Nashik,2026-04-11,130.08,8
pomegranate,Nashik,2026-04-12,134.05,7
pomegranate,Nashik,2026-04-13,118.73,10
pomegranate,Nashik,2026-04-14,120.64,7
pomegranate,Nashik,2026-04-15,128.38,8
pomegranate,Nashik,2026-04-16,127.03,7
pomegranate,Nashik,2026-04-17,133.63,10
pomegranate,Nashik,2026-04-18,140.7,12
pomegranate,Nashik,2026-04-19,141.88,13
pomegranate,Nashik,2026-04-20,118.78,6
pomegranate,Nashik,2026-04-21,121.31,10
pomegranate,Nashik,2026-04-22,124.47,7
pomegranate,Nashik,2026-04-23,128.91,8
pomegranate,Nashik,2026-04-24,143.52,11
pomegranate,Nashik,2026-04-25,137.24,9
pomegranate,Nashik,2026-04-26,135.72,11
pomegranate,Nashik,2026-04-27,119.74,8
pomegranate,Nashik,2026-04-28,130.92,12
pomegranate,Nashik,2026-04-29,125.9,10
pomegranate,Nashik,2026-04-30,122.93,8
pomegranate,Nashik,2026-05-01,137.07,11
pomegranate,Nashik,2026-05-02,137.42,8
pomegranate,Nashik,2026-05-03,140.97,12
pomegranate,Nashik,2026-05-04,125.4,8
pomegranate,Nashik,2026-05-05,128.84,12
pomegranate,Nashik,2026-05-06,124.76,9
pomegranate,Nashik,2026-05-07,136.33,8
pomegranate,Nashik,2026-05-08,151.28,14
pomegranate,Nashik,2026-05-09,143.1,12
pomegranate,Nashik,2026-05-10,150.08,8
pomegranate,Nashik,2026-05-11,132.99,8
pomegranate,Nashik,2026-05-12,132.03,9
pomegranate,Nashik,2026-05-13,129.71,7
pomegranate,Nashik,2026-05-14,133.63,9
pomegranate,Nashik,2026-05-15,145.99,8
pomegranate,Nashik,2026-05-16,146.29,9
pomegranate,Nashik,2026-05-17,152.66,13
pomegranate,Nashik,2026-05-18,141.37,8
pomegranate,Nashik,2026-05-19,145.12,10
pomegranate,Nashik,2026-05-20,142.67,8
pomegranate,Nashik,2026-05-21,140.19,11
pomegranate,Nashik,2026-05-22,152.1,14
pomegranate,Nashik,2026-05-23,152.98,8
pomegranate,Nashik,2026-05-24,153.11,12
pomegranate,Nashik,2026-05-25,134.63,8
pomegranate,Nashik,2026-05-26,140.18,10
pomegranate,Nashik,2026-05-27,129.58,9
pomegranate,Nashik,2026-05-28,126.53,7
pomegranate,Nashik,2026-05-29,146.22,8
pomegranate,Nashik,2026-05-30,137.57,7
pomegranate,Nashik,2026-05-31,140.7,9
pomegranate,Nashik,2026-06-01,124.69,10
pomegranate,Nashik,2026-06-02,129.1,9
pomegranate,Nashik,2026-06-03,130.6,7
pomegranate,Nashik,2026-06-04,129.62,7
pomegranate,Nashik,2026-06-05,135.75,12
pomegranate,Nashik,2026-06-06,131.34,8
pomegranate,Nashik,2026-06-07,130.54,10
pomegranate,Nashik,2026-06-08,129.55,9
pomegranate,Nashik,2026-06-09,125.8,10
pomegranate,Nashik,2026-06-10,116.72,9
pomegranate,Nashik,2026-06-11,123.03,9
pomegranate,Nashik,2026-06-12,129.48,7
pomegranate,Nashik,2026-06-13,142.66,10
pomegranate,Nashik,2026-06-14,127.3,10
pomegranate,Nashik,2026-06-15,122.83,7
pomegranate,Nashik,2026-06-16,122.63,7
pomegranate,Nashik,2026-06-17,119.82,11
pomegranate,Nashik,2026-06-18,115.16,8
pomegranate,Nashik,2026-06-19,134.16,8
pomegranate,Nashik,2026-06-20,140.24,9
pomegranate,Nashik,2026-06-21,133.86,8
pomegranate,Nashik,2026-06-22,120.38,9
pomegranate,Nashik,2026-06-23,121.07,9
pomegranate,Nashik,2026-06-24,122.01,8
pomegranate,Nashik,2026-06-25,118.6,6
pomegranate,Nashik,2026-06-26,142.65,10
pomegranate,Nashik,2026-06-27,138.76,7
pomegranate,Nashik,2026-06-28,132.08,12
pomegranate,Nashik,2026-06-29,124.65,7
pomegranate,Nashik,2026-06-30,136.0,12
pomegranate,Nashik,2026-07-01,129.24,11
pomegranate,Nashik,2026-07-02,132.36,7
pomegranate,Nashik,2026-07-03,151.17,9
pomegranate,Nashik,2026-07-04,150.92,10
pomegranate,Nashik,2026-07-05,153.48,11
pomegranate,Nashik,2026-07-06,126.96,8
pomegranate,Nashik,2026-07-07,129.6,7
pomegranate,Nashik,2026-07-08,139.98,8
pomegranate,Nashik,2026-07-09,129.47,12
pomegranate,Nashik,2026-07-10,158.35,9
pomegranate,Nashik,2026-07-11,156.55,13
pomegranate,Nashik,2026-07-12,154.57,9
pomegranate,Nashik,2026-07-13,132.68,9
pomegranate,Nashik,2026-07-14,130.67,8
pomegranate,Nashik,2026-07-15,141.36,9
pomegranate,Nashik,2026-07-16,142.94,8
pomegranate,Nashik,2026-07-17,157.33,14
pomegranate,Nashik,2026-07-18,152.2,12
pomegranate,Nashik,2026-07-19,142.36,7
pomegranate,Nashik,2026-07-20,140.47,12
pomegranate,Nashik,2026-07-21,129.7,8
pomegranate,Nashik,2026-07-22,142.96,8
pomegranate,Nashik,2026-07-23,128.75,8
pomegranate,Nashik,2026-07-24,141.16,8
pomegranate,Nashik,2026-07-25,145.21,8
pomegranate,Nashik,2026-07-26,143.9,12
pomegranate,Nashik,2026-07-27,137.05,9
pomegranate,Nashik,2026-07-28,138.05,9
pomegranate,Nashik,2026-07-29,130.78,8
pomegranate,Nashik,2026-07-30,135.14,8
pomegranate,Nashik,2026-07-31,151.75,10
pomegranate,Nashik,2026-08-01,145.02,9
pomegranate,Nashik,2026-08-02,136.27,7
pomegranate,Nashik,2026-08-03,126.28,11
pomegranate,Nashik,2026-08-04,122.95,7
pomegranate,Nashik,2026-08-05,128.98,8
pomegranate,Nashik,2026-08-06,132.39,11
pomegranate,Nashik,2026-08-07,145.7,9
pomegranate,Nashik,2026-08-08,140.78,8
pomegranate,Nashik,2026-08-09,140.75,7
pomegranate,Nashik,2026-08-10,125.32,7
pomegranate,Nashik,2026-08-11,120.76,7
pomegranate,Nashik,2026-08-12,124.04,10
pomegranate,Nashik,2026-08-13,124.02,11
pomegranate,Nashik,2026-08-14,132.86,11
pomegranate,Nashik,2026-08-15,140.89,8
pomegranate,Nashik,2026-08-16,136.2,9
pomegranate,Nashik,2026-08-17,118.13,9
pomegranate,Nashik,2026-08-18,128.42,11
pomegranate,Nashik,2026-08-19,127.92,12
pomegranate,Nashik,2026-08-20,122.95,8
pomegranate,Nashik,2026-08-21,143.76,10
pomegranate,Nashik,2026-08-22,134.51,7
pomegranate,Nashik,2026-08-23,141.94,11
pomegranate,Nashik,2026-08-24,132.93,9
pomegranate,Nashik,2026-08-25,131.22,11
pomegranate,Nashik,2026-08-26,122.44,10
pomegranate,Nashik,2026-08-27,129.77,7
pomegranate,Nashik,2026-08-28,138.84,11
pomegranate,Nashik,2026-08-29,147.75,9
pomegranate,Nashik,2026-08-30,145.23,10
pomegranate,Nashik,2026-08-31,131.62,8
pomegranate,Nashik,2026-09-01,134.18,12
pomegranate,Nashik,2026-09-02,132.7,11
pomegranate,Nashik,2026-09-03,141.32,13
pomegranate,Nashik,2026-09-04,155.49,13
pomegranate,Nashik,2026-09-05,151.92,9
pomegranate,Nashik,2026-09-06,149.12,12
pomegranate,Nashik,2026-09-07,146.83,10
pomegranate,Pune,2026-04-11,107.52,6
pomegranate,Pune,2026-04-12,100.82,7
pomegranate,Pune,2026-04-13,94.52,5
pomegranate,Pune,2026-04-14,92.08,5
pomegranate,Pune,2026-04-15,89.73,7
pomegranate,Pune,2026-04-16,95.11,5
pomegranate,Pune,2026-04-17,101.78,7
pomegranate,Pune,2026-04-18,100.61,7
pomegranate,Pune,2026-04-19,102.03,6
pomegranate,Pune,2026-04-20,97.55,6
pomegranate,Pune,2026-04-21,93.93,7
pomegranate,Pune,2026-04-22,98.13,5
pomegranate,Pune,2026-04-23,90.86,6
pomegranate,Pune,2026-04-24,102.02,5
pomegranate,Pune,2026-04-25,100.39,8
pomegranate,Pune,2026-04-26,104.28,6
pomegranate,Pune,2026-04-27,97.51,7
pomegranate,Pune,2026-04-28,91.68,6
pomegranate,Pune,2026-04-29,99.44,8
pomegranate,Pune,2026-04-30,100.12,5
pomegranate,Pune,2026-05-01,108.04,6
pomegranate,Pune,2026-05-02,114.81,9
pomegranate,Pune,2026-05-03,108.22,7
pomegranate,Pune,2026-05-04,96.39,9
pomegranate,Pune,2026-05-05,106.02,8
pomegranate,Pune,2026-05-06,101.46,8
pomegranate,Pune,2026-05-07,96.51,8
pomegranate,Pune,2026-05-08,108.77,7
pomegranate,Pune,2026-05-09,114.0,7
pomegranate,Pune,2026-05-10,119.48,11
pomegranate,Pune,2026-05-11,100.91,8
pomegranate,Pune,2026-05-12,109.99,7
pomegranate,Pune,2026-05-13,105.57,6
pomegranate,Pune,2026-05-14,105.7,6
pomegranate,Pune,2026-05-15,111.77,8
pomegranate,Pune,2026-05-16,111.61,10
pomegranate,Pune,2026-05-17,118.76,11
pomegranate,Pune,2026-05-18,106.8,10
pomegranate,Pune,2026-05-19,105.44,8
pomegranate,Pune,2026-05-20,110.4,7
pomegranate,Pune,2026-05-21,101.1,7
pomegranate,Pune,2026-05-22,119.94,8
pomegranate,Pune,2026-05-23,117.85,7
pomegranate,Pune,2026-05-24,121.12,11
pomegranate,Pune,2026-05-25,98.97,5
pomegranate,Pune,2026-05-26,108.15,7
pomegranate,Pune,2026-05-27,103.22,5
pomegranate,Pune,2026-05-28,108.6,8
pomegranate,Pune,2026-05-29,113.99,9
pomegranate,Pune,2026-05-30,107.62,6
pomegranate,Pune,2026-05-31,114.02,9
pomegranate,Pune,2026-06-01,100.59,7
pomegranate,Pune,2026-06-02,101.78,8
pomegranate,Pune,2026-06-03,96.38,8
pomegranate,Pune,2026-06-04,100.97,6
pomegranate,Pune,2026-06-05,108.98,7
pomegranate,Pune,2026-06-06,108.23,9
pomegranate,Pune,2026-06-07,107.66,7
pomegranate,Pune,2026-06-08,100.19,8
pomegranate,Pune,2026-06-09,90.92,6
pomegranate,Pune,2026-06-10,90.07,6
pomegranate,Pune,2026-06-11,97.73,7
pomegranate,Pune,2026-06-12,100.86,7
pomegranate,Pune,2026-06-13,105.98,8
pomegranate,Pune,2026-06-14,103.68,5
pomegranate,Pune,2026-06-15,96.13,5
pomegranate,Pune,2026-06-16,92.03,5
pomegranate,Pune,2026-06-17,90.97,9
pomegranate,Pune,2026-06-18,97.11,5
pomegranate,Pune,2026-06-19,108.76,6
pomegranate,Pune,2026-06-20,107.45,7
pomegranate,Pune,2026-06-21,99.1,9
pomegranate,Pune,2026-06-22,99.2,8
pomegranate,Pune,2026-06-23,97.83,9
pomegranate,Pune,2026-06-24,94.29,6
pomegranate,Pune,2026-06-25,101.54,9
pomegranate,Pune,2026-06-26,111.62,10
pomegranate,Pune,2026-06-27,101.2,8
pomegranate,Pune,2026-06-28,104.22,7
pomegranate,Pune,2026-06-29,92.81,5
pomegranate,Pune,2026-06-30,101.84,6
pomegranate,Pune,2026-07-01,98.8,9
pomegranate,Pune,2026-07-02,98.61,7
pomegranate,Pune,2026-07-03,112.57,9
pomegranate,Pune,2026-07-04,105.21,10
pomegranate,Pune,2026-07-05,107.78,7
pomegranate,Pune,2026-07-06,97.72,7
pomegranate,Pune,2026-07-07,102.48,5
pomegranate,Pune,2026-07-08,99.07,5
pomegranate,Pune,2026-07-09,105.82,8
pomegranate,Pune,2026-07-10,115.77,6
pomegranate,Pune,2026-07-11,111.2,8
pomegranate,Pune,2026-07-12,115.66,11
pomegranate,Pune,2026-07-13,107.8,8
pomegranate,Pune,2026-07-14,102.26,8
pomegranate,Pune,2026-07-15,108.97,9
pomegranate,Pune,2026-07-16,105.14,7
pomegranate,Pune,2026-07-17,117.0,10
pomegranate,Pune,2026-07-18,120.6,10
pomegranate,Pune,2026-07-19,110.64,8
pomegranate,Pune,2026-07-20,99.63,6
pomegranate,Pune,2026-07-21,111.25,6
pomegranate,Pune,2026-07-22,100.04,6
pomegranate,Pune,2026-07-23,98.91,6
pomegranate,Pune,2026-07-24,109.86,6
pomegranate,Pune,2026-07-25,107.6,8
pomegranate,Pune,2026-07-26,117.67,7
pomegranate,Pune,2026-07-27,103.94,6
pomegranate,Pune,2026-07-28,107.09,9
pomegranate,Pune,2026-07-29,100.12,6
pomegranate,Pune,2026-07-30,103.75,6
pomegranate,Pune,2026-07-31,117.17,6
pomegranate,Pune,2026-08-01,113.48,6
pomegranate,Pune,2026-08-02,110.2,6
pomegranate,Pune,2026-08-03,95.6,6
pomegranate,Pune,2026-08-04,95.28,5
pomegranate,Pune,2026-08-05,102.09,6
pomegranate,Pune,2026-08-06,97.74,6
pomegranate,Pune,2026-08-07,105.16,7
pomegranate,Pune,2026-08-08,111.65,10
pomegranate,Pune,2026-08-09,110.63,6
pomegranate,Pune,2026-08-10,99.63,6
pomegranate,Pune,2026-08-11,95.18,6
pomegranate,Pune,2026-08-12,97.11,6
pomegranate,Pune,2026-08-13,99.8,7
pomegranate,Pune,2026-08-14,105.84,8
pomegranate,Pune,2026-08-15,100.25,8
pomegranate,Pune,2026-08-16,105.2,7
pomegranate,Pune,2026-08-17,90.98,5
pomegranate,Pune,2026-08-18,95.71,7
pomegranate,Pune,2026-08-19,90.8,5
pomegranate,Pune,2026-08-20,96.74,5
pomegranate,Pune,2026-08-21,100.21,8
pomegranate,Pune,2026-08-22,110.88,8
pomegranate,Pune,2026-08-23,104.59,5
pomegranate,Pune,2026-08-24,101.93,6
pomegranate,Pune,2026-08-25,97.34,7
pomegranate,Pune,2026-08-26,97.55,5
pomegranate,Pune,2026-08-27,104.35,7
pomegranate,Pune,2026-08-28,106.07,9
pomegranate,Pune,2026-08-29,108.54,7
pomegranate,Pune,2026-08-30,112.61,10
pomegranate,Pune,2026-08-31,99.47,7
pomegranate,Pune,2026-09-01,103.59,7
pomegranate,Pune,2026-09-02,105.46,8
pomegranate,Pune,2026-09-03,102.4,6
pomegranate,Pune,2026-09-04,117.62,9
pomegranate,Pune,2026-09-05,117.31,7
pomegranate,Pune,2026-09-06,122.85,6
pomegranate,Pune,2026-09-07,108.29,6
pomegranate,Satara,2026-04-11,61.07,4
pomegranate,Satara,2026-04-12,65.83,3
pomegranate,Satara,2026-04-13,58.03,3
pomegranate,Satara,2026-04-14,57.81,3
pomegranate,Satara,2026-04-15,57.27,4
pomegranate,Satara,2026-04-16,58.47,4
pomegranate,Satara,2026-04-17,60.87,6
pomegranate,Satara,2026-04-18,59.2,3
pomegranate,Satara,2026-04-19,61.39,4
pomegranate,Satara,2026-04-20,56.53,4
pomegranate,Satara,2026-04-21,54.21,5
pomegranate,Satara,2026-04-22,56.7,4
pomegranate,Satara,2026-04-23,59.53,5
pomegranate,Satara,2026-04-24,60.57,4
pomegranate,Satara,2026-04-25,60.69,5
pomegranate,Satara,2026-04-26,63.06,4
pomegranate,Satara,2026-04-27,55.63,4
pomegranate,Satara,2026-04-28,57.7,3
pomegranate,Satara,2026-04-29,60.47,4
pomegranate,Satara,2026-04-30,60.45,5
pomegranate,Satara,2026-05-01,65.02,5
pomegranate,Satara,2026-05-02,62.52,3
pomegranate,Satara,2026-05-03,69.01,5
pomegranate,Satara,2026-05-04,62.87,3
pomegranate,Satara,2026-05-05,57.35,3
pomegranate,Satara,2026-05-06,58.74,5
pomegranate,Satara,2026-05-07,58.38,4
pomegranate,Satara,2026-05-08,68.17,5
pomegranate,Satara,2026-05-09,68.63,4
pomegranate,Satara,2026-05-10,67.79,4
pomegranate,Satara,2026-05-11,62.14,6
pomegranate,Satara,2026-05-12,60.14,4
pomegranate,Satara,2026-05-13,64.65,4
pomegranate,Satara,2026-05-14,61.35,3
pomegranate,Satara,2026-05-15,68.06,5
pomegranate,Satara,2026-05-16,68.52,6
pomegranate,Satara,2026-05-17,72.67,5
pomegranate,Satara,2026-05-18,62.35,4
pomegranate,Satara,2026-05-19,64.4,4
pomegranate,Satara,2026-05-20,60.52,3
pomegranate,Satara,2026-05-21,65.09,5
pomegranate,Satara,2026-05-22,66.02,5
pomegranate,Satara,2026-05-23,72.89,5
pomegranate,Satara,2026-05-24,72.89,5
pomegranate,Satara,2026-05-25,65.71,4
pomegranate,Satara,2026-05-26,63.33,4
pomegranate,Satara,2026-05-27,63.85,3
pomegranate,Satara,2026-05-28,61.26,4
pomegranate,Satara,2026-05-29,69.62,6
pomegranate,Satara,2026-05-30,68.76,6
pomegranate,Satara,2026-05-31,68.61,6
pomegranate,Satara,2026-06-01,61.92,4
pomegranate,Satara,2026-06-02,60.57,5
pomegranate,Satara,2026-06-03,61.84,5
pomegranate,Satara,2026-06-04,59.25,3
pomegranate,Satara,2026-06-05,62.0,5
pomegranate,Satara,2026-06-06,60.52,3
pomegranate,Satara,2026-06-07,64.66,4
pomegranate,Satara,2026-06-08,59.03,4
pomegranate,Satara,2026-06-09,57.22,4
pomegranate,Satara,2026-06-10,56.04,5
pomegranate,Satara,2026-06-11,54.83,3
pomegranate,Satara,2026-06-12,64.2,5
pomegranate,Satara,2026-06-13,60.7,6
pomegranate,Satara,2026-06-14,64.25,6
pomegranate,Satara,2026-06-15,54.65,3
pomegranate,Satara,2026-06-16,56.37,3
pomegranate,Satara,2026-06-17,53.34,3
pomegranate,Satara,2026-06-18,56.55,4
pomegranate,Satara,2026-06-19,62.33,5
pomegranate,Satara,2026-06-20,62.32,3
pomegranate,Satara,2026-06-21,65.62,4
pomegranate,Satara,2026-06-22,55.45,5
pomegranate,Satara,2026-06-23,56.34,4
pomegranate,Satara,2026-06-24,59.15,4
pomegranate,Satara,2026-06-25,60.78,3
pomegranate,Satara,2026-06-26,60.24,3
pomegranate,Satara,2026-06-27,67.51,5
pomegranate,Satara,2026-06-28,67.42,4
pomegranate,Satara,2026-06-29,60.59,4
pomegranate,Satara,2026-06-30,58.83,5
pomegranate,Satara,2026-07-01,58.11,4
pomegranate,Satara,2026-07-02,62.81,4
pomegranate,Satara,2026-07-03,65.01,3
pomegranate,Satara,2026-07-04,65.68,3
pomegranate,Satara,2026-07-05,64.6,5
pomegranate,Satara,2026-07-06,59.97,4
pomegranate,Satara,2026-07-07,61.76,4
pomegranate,Satara,2026-07-08,60.11,4
pomegranate,Satara,2026-07-09,59.98,5
pomegranate,Satara,2026-07-10,72.63,5
pomegranate,Satara,2026-07-11,67.25,3
pomegranate,Satara,2026-07-12,70.35,7
pomegranate,Satara,2026-07-13,60.33,4
pomegranate,Satara,2026-07-14,61.4,5
pomegranate,Satara,2026-07-15,61.85,5
pomegranate,Satara,2026-07-16,60.5,4
pomegranate,Satara,2026-07-17,70.4,6
pomegranate,Satara,2026-07-18,70.0,4
pomegranate,Satara,2026-07-19,67.08,4
pomegranate,Satara,2026-07-20,64.15,6
pomegranate,Satara,2026-07-21,59.76,4
pomegranate,Satara,2026-07-22,66.04,4
pomegranate,Satara,2026-07-23,63.15,5
pomegranate,Satara,2026-07-24,66.37,6
pomegranate,Satara,2026-07-25,68.54,6
pomegranate,Satara,2026-07-26,71.0,5
pomegranate,Satara,2026-07-27,60.89,3
pomegranate,Satara,2026-07-28,59.95,4
pomegranate,Satara,2026-07-29,64.54,4
pomegranate,Satara,2026-07-30,60.38,4
pomegranate,Satara,2026-07-31,66.2,4
pomegranate,Satara,2026-08-01,63.3,3
pomegranate,Satara,2026-08-02,65.53,4
pomegranate,Satara,2026-08-03,62.56,4
pomegranate,Satara,2026-08-04,60.79,5
pomegranate,Satara,2026-08-05,61.9,4
pomegranate,Satara,2026-08-06,55.97,5
pomegranate,Satara,2026-08-07,67.2,5
pomegranate,Satara,2026-08-08,63.87,5
pomegranate,Satara,2026-08-09,60.52,4
pomegranate,Satara,2026-08-10,55.18,5
pomegranate,Satara,2026-08-11,56.0,4
pomegranate,Satara,2026-08-12,58.56,4
pomegranate,Satara,2026-08-13,60.53,4
pomegranate,Satara,2026-08-14,65.27,4
pomegranate,Satara,2026-08-15,64.81,4
pomegranate,Satara,2026-08-16,60.89,4
pomegranate,Satara,2026-08-17,54.4,3
pomegranate,Satara,2026-08-18,55.07,3
pomegranate,Satara,2026-08-19,56.44,4
pomegranate,Satara,2026-08-20,57.44,3
pomegranate,Satara,2026-08-21,65.58,5
pomegranate,Satara,2026-08-22,65.38,6
pomegranate,Satara,2026-08-23,61.08,5
pomegranate,Satara,2026-08-24,60.17,5
pomegranate,Satara,2026-08-25,61.97,3
pomegranate,Satara,2026-08-26,56.25,4
pomegranate,Satara,2026-08-27,57.06,5
pomegranate,Satara,2026-08-28,68.0,5
pomegranate,Satara,2026-08-29,66.99,6
pomegranate,Satara,2026-08-30,64.79,6
pomegranate,Satara,2026-08-31,62.03,3
pomegranate,Satara,2026-09-01,64.53,6
pomegranate,Satara,2026-09-02,63.39,4
pomegranate,Satara,2026-09-03,66.24,5
pomegranate,Satara,2026-09-04,70.64,5
pomegranate,Satara,2026-09-05,67.87,5
pomegranate,Satara,2026-09-06,71.13,4
pomegranate,Satara,2026-09-07,67.21,5
pomegranate,Sangli,2026-04-11,72.56,7
pomegranate,Sangli,2026-04-12,75.61,5
pomegranate,Sangli,2026-04-13,67.96,4
pomegranate,Sangli,2026-04-14,64.98,5
pomegranate,Sangli,2026-04-15,68.66,6
pomegranate,Sangli,2026-04-16,64.43,4
pomegranate,Sangli,2026-04-17,68.73,4
pomegranate,Sangli,2026-04-18,73.3,6
pomegranate,Sangli,2026-04-19,69.93,4
pomegranate,Sangli,2026-04-20,63.27,3
pomegranate,Sangli,2026-04-21,67.09,4
pomegranate,Sangli,2026-04-22,64.43,4
pomegranate,Sangli,2026-04-23,63.56,4
pomegranate,Sangli,2026-04-24,72.77,4
pomegranate,Sangli,2026-04-25,73.12,4
pomegranate,Sangli,2026-04-26,75.71,7
pomegranate,Sangli,2026-04-27,65.58,5
pomegranate,Sangli,2026-04-28,64.88,5
pomegranate,Sangli,2026-04-29,71.65,4
pomegranate,Sangli,2026-04-30,70.04,4
pomegranate,Sangli,2026-05-01,73.19,7
pomegranate,Sangli,2026-05-02,79.98,8
pomegranate,Sangli,2026-05-03,80.38,4
pomegranate,Sangli,2026-05-04,72.82,4
pomegranate,Sangli,2026-05-05,69.65,5
pomegranate,Sangli,2026-05-06,70.73,5
pomegranate,Sangli,2026-05-07,72.79,5
pomegranate,Sangli,2026-05-08,82.98,5
pomegranate,Sangli,2026-05-09,83.82,6
pomegranate,Sangli,2026-05-10,77.19,5
pomegranate,Sangli,2026-05-11,72.07,7
pomegranate,Sangli,2026-05-12,77.27,4
pomegranate,Sangli,2026-05-13,78.06,5
pomegranate,Sangli,2026-05-14,71.18,6
pomegranate,Sangli,2026-05-15,80.06,5
pomegranate,Sangli,2026-05-16,78.55,6
pomegranate,Sangli,2026-05-17,82.45,6
pomegranate,Sangli,2026-05-18,72.67,4
pomegranate,Sangli,2026-05-19,77.83,4
pomegranate,Sangli,2026-05-20,77.79,7
pomegranate,Sangli,2026-05-21,73.99,6
pomegranate,Sangli,2026-05-22,76.44,6
pomegranate,Sangli,2026-05-23,78.75,6
pomegranate,Sangli,2026-05-24,82.11,6
pomegranate,Sangli,2026-05-25,74.3,6
pomegranate,Sangli,2026-05-26,71.86,7
pomegranate,Sangli,2026-05-27,76.7,7
pomegranate,Sangli,2026-05-28,73.79,4
pomegranate,Sangli,2026-05-29,76.66,5
pomegranate,Sangli,2026-05-30,74.17,5
pomegranate,Sangli,2026-05-31,78.54,7
pomegranate,Sangli,2026-06-01,66.39,4
pomegranate,Sangli,2026-06-02,71.74,6
pomegranate,Sangli,2026-06-03,69.23,6
pomegranate,Sangli,2026-06-04,69.93,5
pomegranate,Sangli,2026-06-05,75.07,4
pomegranate,Sangli,2026-06-06,72.1,5
pomegranate,Sangli,2026-06-07,76.85,5
pomegranate,Sangli,2026-06-08,68.66,4
pomegranate,Sangli,2026-06-09,67.49,4
pomegranate,Sangli,2026-06-10,63.65,3
pomegranate,Sangli,2026-06-11,65.51,3
pomegranate,Sangli,2026-06-12,73.94,4
pomegranate,Sangli,2026-06-13,74.6,5
pomegranate,Sangli,2026-06-14,74.37,7
pomegranate,Sangli,2026-06-15,63.32,5
pomegranate,Sangli,2026-06-16,68.59,6
pomegranate,Sangli,2026-06-17,62.51,4
pomegranate,Sangli,2026-06-18,68.47,4
pomegranate,Sangli,2026-06-19,69.19,4
pomegranate,Sangli,2026-06-20,72.14,6
pomegranate,Sangli,2026-06-21,74.66,5
pomegranate,Sangli,2026-06-22,64.93,4
pomegranate,Sangli,2026-06-23,69.52,5
pomegranate,Sangli,2026-06-24,65.15,4
pomegranate,Sangli,2026-06-25,70.1,5
pomegranate,Sangli,2026-06-26,75.75,5
pomegranate,Sangli,2026-06-27,76.9,6
pomegranate,Sangli,2026-06-28,73.7,4
pomegranate,Sangli,2026-06-29,70.2,4
pomegranate,Sangli,2026-06-30,72.53,4
pomegranate,Sangli,2026-07-01,72.97,7
pomegranate,Sangli,2026-07-02,67.3,4
pomegranate,Sangli,2026-07-03,82.1,4
pomegranate,Sangli,2026-07-04,80.13,5
pomegranate,Sangli,2026-07-05,77.26,5
pomegranate,Sangli,2026-07-06,67.6,3
pomegranate,Sangli,2026-07-07,73.6,5
pomegranate,Sangli,2026-07-08,71.81,5
pomegranate,Sangli,2026-07-09,74.34,4
pomegranate,Sangli,2026-07-10,76.26,5
pomegranate,Sangli,2026-07-11,77.82,7
pomegranate,Sangli,2026-07-12,83.59,5
pomegranate,Sangli,2026-07-13,70.75,6
pomegranate,Sangli,2026-07-14,71.95,4
pomegranate,Sangli,2026-07-15,71.21,5
pomegranate,Sangli,2026-07-16,70.13,4
pomegranate,Sangli,2026-07-17,82.68,7
pomegranate,Sangli,2026-07-18,83.43,6
pomegranate,Sangli,2026-07-19,80.61,7
pomegranate,Sangli,2026-07-20,75.17,5
pomegranate,Sangli,2026-07-21,76.83,6
pomegranate,Sangli,2026-07-22,77.49,6
pomegranate,Sangli,2026-07-23,71.68,7
pomegranate,Sangli,2026-07-24,80.95,7
pomegranate,Sangli,2026-07-25,76.4,4
pomegranate,Sangli,2026-07-26,79.42,5
pomegranate,Sangli,2026-07-27,75.08,6
pomegranate,Sangli,2026-07-28,68.25,5
pomegranate,Sangli,2026-07-29,75.14,4
pomegranate,Sangli,2026-07-30,67.56,4
pomegranate,Sangli,2026-07-31,81.65,7
pomegranate,Sangli,2026-08-01,74.37,6
pomegranate,Sangli,2026-08-02,73.07,4
pomegranate,Sangli,2026-08-03,67.98,5
pomegranate,Sangli,2026-08-04,70.17,4
pomegranate,Sangli,2026-08-05,64.8,4
pomegranate,Sangli,2026-08-06,65.7,4
pomegranate,Sangli,2026-08-07,70.5,5
pomegranate,Sangli,2026-08-08,75.81,5
pomegranate,Sangli,2026-08-09,73.93,5
pomegranate,Sangli,2026-08-10,70.35,5
pomegranate,Sangli,2026-08-11,70.69,5
pomegranate,Sangli,2026-08-12,65.42,4
pomegranate,Sangli,2026-08-13,68.31,5
pomegranate,Sangli,2026-08-14,77.38,6
pomegranate,Sangli,2026-08-15,76.67,4
pomegranate,Sangli,2026-08-16,75.67,6
pomegranate,Sangli,2026-08-17,68.8,4
pomegranate,Sangli,2026-08-18,65.49,4
pomegranate,Sangli,2026-08-19,66.2,4
pomegranate,Sangli,2026-08-20,65.67,5
pomegranate,Sangli,2026-08-21,72.44,5
pomegranate,Sangli,2026-08-22,75.32,5
pomegranate,Sangli,2026-08-23,74.33,5
pomegranate,Sangli,2026-08-24,71.41,5
pomegranate,Sangli,2026-08-25,67.16,6
pomegranate,Sangli,2026-08-26,66.96,5
pomegranate,Sangli,2026-08-27,73.94,4
pomegranate,Sangli,2026-08-28,75.19,7
pomegranate,Sangli,2026-08-29,77.4,4
pomegranate,Sangli,2026-08-30,74.66,5
pomegranate,Sangli,2026-08-31,70.61,5
pomegranate,Sangli,2026-09-01,71.17,4
pomegranate,Sangli,2026-09-02,75.23,5
pomegranate,Sangli,2026-09-03,73.53,5
pomegranate,Sangli,2026-09-04,84.39,7
pomegranate,Sangli,2026-09-05,83.5,5
pomegranate,Sangli,2026-09-06,78.88,5
pomegranate,Sangli,2026-09-07,79.11,5
pomegranate,Ahmednagar,2026-04-11,145.51,11
pomegranate,Ahmednagar,2026-04-12,151.07,12
pomegranate,Ahmednagar,2026-04-13,136.64,10
pomegranate,Ahmednagar,2026-04-14,128.83,11
pomegranate,Ahmednagar,2026-04-15,135.82,11
pomegranate,Ahmednagar,2026-04-16,139.49,8
pomegranate,Ahmednagar,2026-04-17,142.63,11
pomegranate,Ahmednagar,2026-04-18,145.42,10
pomegranate,Ahmednagar,2026-04-19,142.72,10
pomegranate,Ahmednagar,2026-04-20,138.92,9
pomegranate,Ahmednagar,2026-04-21,126.1,9
pomegranate,Ahmednagar,2026-04-22,130.74,8
pomegranate,Ahmednagar,2026-04-23,128.21,10
pomegranate,Ahmednagar,2026-04-24,139.79,11
pomegranate,Ahmednagar,2026-04-25,143.54,8
pomegranate,Ahmednagar,2026-04-26,154.44,9
pomegranate,Ahmednagar,2026-04-27,139.53,10
pomegranate,Ahmednagar,2026-04-28,143.85,11
pomegranate,Ahmednagar,2026-04-29,144.6,8
pomegranate,Ahmednagar,2026-04-30,138.4,8
pomegranate,Ahmednagar,2026-05-01,149.56,11
pomegranate,Ahmednagar,2026-05-02,148.03,11
pomegranate,Ahmednagar,2026-05-03,161.6,10
pomegranate,Ahmednagar,2026-05-04,137.31,8
pomegranate,Ahmednagar,2026-05-05,146.52,14
pomegranate,Ahmednagar,2026-05-06,144.99,8
pomegranate,Ahmednagar,2026-05-07,146.4,13
pomegranate,Ahmednagar,2026-05-08,162.34,11
pomegranate,Ahmednagar,2026-05-09,162.13,10
pomegranate,Ahmednagar,2026-05-10,162.94,14
pomegranate,Ahmednagar,2026-05-11,146.4,10
pomegranate,Ahmednagar,2026-05-12,147.47,11
pomegranate,Ahmednagar,2026-05-13,142.5,8
pomegranate,Ahmednagar,2026-05-14,146.04,12
pomegranate,Ahmednagar,2026-05-15,167.86,10
pomegranate,Ahmednagar,2026-05-16,158.89,12
pomegranate,Ahmednagar,2026-05-17,171.52,10
pomegranate,Ahmednagar,2026-05-18,142.29,13
pomegranate,Ahmednagar,2026-05-19,154.98,11
pomegranate,Ahmednagar,2026-05-20,146.4,11
pomegranate,Ahmednagar,2026-05-21,139.12,9
pomegranate,Ahmednagar,2026-05-22,168.79,10
pomegranate,Ahmednagar,2026-05-23,167.01,9
pomegranate,Ahmednagar,2026-05-24,164.39,10
pomegranate,Ahmednagar,2026-05-25,149.34,10
pomegranate,Ahmednagar,2026-05-26,138.48,11
pomegranate,Ahmednagar,2026-05-27,146.19,13
pomegranate,Ahmednagar,2026-05-28,142.63,12
pomegranate,Ahmednagar,2026-05-29,156.04,9
pomegranate,Ahmednagar,2026-05-30,150.82,8
pomegranate,Ahmednagar,2026-05-31,146.93,9
pomegranate,Ahmednagar,2026-06-01,136.05,7
pomegranate,Ahmednagar,2026-06-02,141.67,7
pomegranate,Ahmednagar,2026-06-03,139.01,8
pomegranate,Ahmednagar,2026-06-04,131.13,9
pomegranate,Ahmednagar,2026-06-05,152.24,8
pomegranate,Ahmednagar,2026-06-06,148.43,9
pomegranate,Ahmednagar,2026-06-07,140.67,11
pomegranate,Ahmednagar,2026-06-08,136.7,7
pomegranate,Ahmednagar,2026-06-09,128.88,8
pomegranate,Ahmednagar,2026-06-10,135.66,12
pomegranate,Ahmednagar,2026-06-11,136.05,12
pomegranate,Ahmednagar,2026-06-12,153.82,11
pomegranate,Ahmednagar,2026-06-13,137.15,9
pomegranate,Ahmednagar,2026-06-14,146.92,10
pomegranate,Ahmednagar,2026-06-15,136.33,10
pomegranate,Ahmednagar,2026-06-16,129.88,9
pomegranate,Ahmednagar,2026-06-17,131.78,7
pomegranate,Ahmednagar,2026-06-18,126.82,11
pomegranate,Ahmednagar,2026-06-19,152.19,8
pomegranate,Ahmednagar,2026-06-20,144.54,8
pomegranate,Ahmednagar,2026-06-21,149.54,8
pomegranate,Ahmednagar,2026-06-22,128.66,7
pomegranate,Ahmednagar,2026-06-23,132.86,8
pomegranate,Ahmednagar,2026-06-24,137.29,9
pomegranate,Ahmednagar,2026-06-25,129.66,8
pomegranate,Ahmednagar,2026-06-26,142.17,10
pomegranate,Ahmednagar,2026-06-27,141.74,11
pomegranate,Ahmednagar,2026-06-28,141.95,9
pomegranate,Ahmednagar,2026-06-29,138.85,8
pomegranate,Ahmednagar,2026-06-30,137.75,9
pomegranate,Ahmednagar,2026-07-01,142.36,8
pomegranate,Ahmednagar,2026-07-02,139.23,8
pomegranate,Ahmednagar,2026-07-03,150.35,13
pomegranate,Ahmednagar,2026-07-04,150.05,9
pomegranate,Ahmednagar,2026-07-05,156.31,9
pomegranate,Ahmednagar,2026-07-06,146.01,9
pomegranate,Ahmednagar,2026-07-07,149.61,9
pomegranate,Ahmednagar,2026-07-08,150.96,8
pomegranate,Ahmednagar,2026-07-09,152.26,11
pomegranate,Ahmednagar,2026-07-10,168.89,10
pomegranate,Ahmednagar,2026-07-11,156.64,9
pomegranate,Ahmednagar,2026-07-12,166.41,13
pomegranate,Ahmednagar,2026-07-13,140.12,10
pomegranate,Ahmednagar,2026-07-14,152.46,12
pomegranate,Ahmednagar,2026-07-15,151.49,11
pomegranate,Ahmednagar,2026-07-16,146.7,12
pomegranate,Ahmednagar,2026-07-17,163.63,9
pomegranate,Ahmednagar,2026-07-18,162.58,13
pomegranate,Ahmednagar,2026-07-19,160.75,10
pomegranate,Ahmednagar,2026-07-20,152.96,8
pomegranate,Ahmednagar,2026-07-21,155.71,13
pomegranate,Ahmednagar,2026-07-22,153.96,9
pomegranate,Ahmednagar,2026-07-23,147.35,10
pomegranate,Ahmednagar,2026-07-24,164.9,9
pomegranate,Ahmednagar,2026-07-25,162.2,9
pomegranate,Ahmednagar,2026-07-26,168.85,9
pomegranate,Ahmednagar,2026-07-27,148.06,13
pomegranate,Ahmednagar,2026-07-28,142.58,7
pomegranate,Ahmednagar,2026-07-29,148.53,11
pomegranate,Ahmednagar,2026-07-30,134.63,9
pomegranate,Ahmednagar,2026-07-31,161.31,8
pomegranate,Ahmednagar,2026-08-01,160.72,8
pomegranate,Ahmednagar,2026-08-02,157.92,9
pomegranate,Ahmednagar,2026-08-03,131.33,10
pomegranate,Ahmednagar,2026-08-04,136.58,9
pomegranate,Ahmednagar,2026-08-05,144.57,11
pomegranate,Ahmednagar,2026-08-06,138.95,10
pomegranate,Ahmednagar,2026-08-07,148.72,13
pomegranate,Ahmednagar,2026-08-08,154.3,14
pomegranate,Ahmednagar,2026-08-09,141.51,12
pomegranate,Ahmednagar,2026-08-10,140.22,9
pomegranate,Ahmednagar,2026-08-11,138.39,12
pomegranate,Ahmednagar,2026-08-12,135.22,11
pomegranate,Ahmednagar,2026-08-13,138.4,9
pomegranate,Ahmednagar,2026-08-14,150.87,8
pomegranate,Ahmednagar,2026-08-15,144.56,9
pomegranate,Ahmednagar,2026-08-16,149.74,10
pomegranate,Ahmednagar,2026-08-17,128.02,8
pomegranate,Ahmednagar,2026-08-18,129.89,11
pomegranate,Ahmednagar,2026-08-19,134.07,12
pomegranate,Ahmednagar,2026-08-20,130.97,8
pomegranate,Ahmednagar,2026-08-21,145.79,8
pomegranate,Ahmednagar,2026-08-22,152.95,10
pomegranate,Ahmednagar,2026-08-23,149.46,8
pomegranate,Ahmednagar,2026-08-24,140.73,7
pomegranate,Ahmednagar,2026-08-25,142.27,12
pomegranate,Ahmednagar,2026-08-26,143.23,11
pomegranate,Ahmednagar,2026-08-27,137.2,11
pomegranate,Ahmednagar,2026-08-28,158.37,10
pomegranate,Ahmednagar,2026-08-29,152.75,10
pomegranate,Ahmednagar,2026-08-30,156.07,9
pomegranate,Ahmednagar,2026-08-31,139.55,8
pomegranate,Ahmednagar,2026-09-01,140.82,7
pomegranate,Ahmednagar,2026-09-02,137.58,7
pomegranate,Ahmednagar,2026-09-03,140.33,10
pomegranate,Ahmednagar,2026-09-04,162.78,12
pomegranate,Ahmednagar,2026-09-05,154.04,10
pomegranate,Ahmednagar,2026-09-06,171.76,12
pomegranate,Ahmednagar,2026-09-07,151.27,14
wheat,Nashik,2026-04-11,191.97,4
wheat,Nashik,2026-04-12,188.53,4
wheat,Nashik,2026-04-13,194.88,4
wheat,Nashik,2026-04-14,190.21,4
wheat,Nashik,2026-04-15,192.55,5
wheat,Nashik,2026-04-16,188.7,3
wheat,Nashik,2026-04-17,194.16,4
wheat,Nashik,2026-04-18,187.17,4
wheat,Nashik,2026-04-19,196.79,4
wheat,Nashik,2026-04-20,194.72,3
wheat,Nashik,2026-04-21,194.6,6
wheat,Nashik,2026-04-22,192.39,4
wheat,Nashik,2026-04-23,190.9,5
wheat,Nashik,2026-04-24,189.41,4
wheat,Nashik,2026-04-25,189.59,4
wheat,Nashik,2026-04-26,193.0,5
wheat,Nashik,2026-04-27,186.98,4
wheat,Nashik,2026-04-28,194.74,4
wheat,Nashik,2026-04-29,202.29,5
wheat,Nashik,2026-04-30,189.29,5
wheat,Nashik,2026-05-01,195.69,4
wheat,Nashik,2026-05-02,200.51,6
wheat,Nashik,2026-05-03,197.21,4
wheat,Nashik,2026-05-04,207.47,4
wheat,Nashik,2026-05-05,209.69,4
wheat,Nashik,2026-05-06,206.52,5
wheat,Nashik,2026-05-07,200.21,4
wheat,Nashik,2026-05-08,204.67,5
wheat,Nashik,2026-05-09,219.7,4
wheat,Nashik,2026-05-10,207.84,5
wheat,Nashik,2026-05-11,216.1,7
wheat,Nashik,2026-05-12,214.42,6
wheat,Nashik,2026-05-13,202.55,4
wheat,Nashik,2026-05-14,217.44,4
wheat,Nashik,2026-05-15,223.39,4
wheat,Nashik,2026-05-16,209.51,4
wheat,Nashik,2026-05-17,223.95,5
wheat,Nashik,2026-05-18,203.95,5
wheat,Nashik,2026-05-19,218.14,4
wheat,Nashik,2026-05-20,217.68,6
wheat,Nashik,2026-05-21,206.41,5
wheat,Nashik,2026-05-22,207.32,7
wheat,Nashik,2026-05-23,213.42,4
wheat,Nashik,2026-05-24,208.6,5
wheat,Nashik,2026-05-25,213.28,5
wheat,Nashik,2026-05-26,209.34,6
wheat,Nashik,2026-05-27,200.64,5
wheat,Nashik,2026-05-28,213.51,6
wheat,Nashik,2026-05-29,208.86,4
wheat,Nashik,2026-05-30,208.84,4
wheat,Nashik,2026-05-31,206.57,5
wheat,Nashik,2026-06-01,195.59,4
wheat,Nashik,2026-06-02,195.11,4
wheat,Nashik,2026-06-03,205.5,4
wheat,Nashik,2026-06-04,201.06,4
wheat,Nashik,2026-06-05,197.71,4
wheat,Nashik,2026-06-06,206.67,6
wheat,Nashik,2026-06-07,196.32,6
wheat,Nashik,2026-06-08,188.28,3
wheat,Nashik,2026-06-09,185.51,4
wheat,Nashik,2026-06-10,191.02,6
wheat,Nashik,2026-06-11,189.81,6
wheat,Nashik,2026-06-12,193.41,3
wheat,Nashik,2026-06-13,199.58,5
wheat,Nashik,2026-06-14,184.84,4
wheat,Nashik,2026-06-15,186.41,4
wheat,Nashik,2026-06-16,186.84,4
wheat,Nashik,2026-06-17,194.94,4
wheat,Nashik,2026-06-18,182.08,4
wheat,Nashik,2026-06-19,189.94,6
wheat,Nashik,2026-06-20,189.51,4
wheat,Nashik,2026-06-21,186.21,4
wheat,Nashik,2026-06-22,196.5,4
wheat,Nashik,2026-06-23,192.76,4
wheat,Nashik,2026-06-24,187.11,6
wheat,Nashik,2026-06-25,195.25,5
wheat,Nashik,2026-06-26,199.38,4
wheat,Nashik,2026-06-27,203.02,4
wheat,Nashik,2026-06-28,205.25,5
wheat,Nashik,2026-06-29,188.92,3
wheat,Nashik,2026-06-30,205.09,5
wheat,Nashik,2026-07-01,202.65,6
wheat,Nashik,2026-07-02,206.61,4
wheat,Nashik,2026-07-03,198.06,5
wheat,Nashik,2026-07-04,212.54,5
wheat,Nashik,2026-07-05,202.65,5
wheat,Nashik,2026-07-06,197.05,6
wheat,Nashik,2026-07-07,206.52,5
wheat,Nashik,2026-07-08,201.29,4
wheat,Nashik,2026-07-09,207.71,5
wheat,Nashik,2026-07-10,205.4,4
wheat,Nashik,2026-07-11,215.7,5
wheat,Nashik,2026-07-12,209.74,4
wheat,Nashik,2026-07-13,215.11,6
wheat,Nashik,2026-07-14,207.99,4
wheat,Nashik,2026-07-15,213.78,5
wheat,Nashik,2026-07-16,217.44,4
wheat,Nashik,2026-07-17,214.84,4
wheat,Nashik,2026-07-18,210.52,4
wheat,Nashik,2026-07-19,216.24,6
wheat,Nashik,2026-07-20,205.44,4
wheat,Nashik,2026-07-21,216.08,4
wheat,Nashik,2026-07-22,213.1,4
wheat,Nashik,2026-07-23,207.3,4
wheat,Nashik,2026-07-24,220.16,4
wheat,Nashik,2026-07-25,216.81,4
wheat,Nashik,2026-07-26,202.96,6
wheat,Nashik,2026-07-27,200.78,4
wheat,Nashik,2026-07-28,202.9,6
wheat,Nashik,2026-07-29,201.18,5
wheat,Nashik,2026-07-30,207.5,5
wheat,Nashik,2026-07-31,206.71,4
wheat,Nashik,2026-08-01,195.71,3
wheat,Nashik,2026-08-02,194.4,5
wheat,Nashik,2026-08-03,189.4,5
wheat,Nashik,2026-08-04,195.12,3
wheat,Nashik,2026-08-05,198.03,6
wheat,Nashik,2026-08-06,187.73,4
wheat,Nashik,2026-08-07,194.54,4
wheat,Nashik,2026-08-08,195.59,4
wheat,Nashik,2026-08-09,198.12,4
wheat,Nashik,2026-08-10,192.8,5
wheat,Nashik,2026-08-11,183.74,3
wheat,Nashik,2026-08-12,182.12,4
wheat,Nashik,2026-08-13,185.4,5
wheat,Nashik,2026-08-14,186.84,4
wheat,Nashik,2026-08-15,189.64,5
wheat,Nashik,2026-08-16,184.16,5
wheat,Nashik,2026-08-17,194.11,5
wheat,Nashik,2026-08-18,186.74,6
wheat,Nashik,2026-08-19,186.3,5
wheat,Nashik,2026-08-20,193.99,5
wheat,Nashik,2026-08-21,191.41,4
wheat,Nashik,2026-08-22,198.51,4
wheat,Nashik,2026-08-23,198.57,5
wheat,Nashik,2026-08-24,183.21,4
wheat,Nashik,2026-08-25,191.41,5
wheat,Nashik,2026-08-26,198.95,4
wheat,Nashik,2026-08-27,190.1,6
wheat,Nashik,2026-08-28,196.08,6
wheat,Nashik,2026-08-29,200.73,4
wheat,Nashik,2026-08-30,208.66,4
wheat,Nashik,2026-08-31,201.23,4
wheat,Nashik,2026-09-01,193.3,4
wheat,Nashik,2026-09-02,200.82,6
wheat,Nashik,2026-09-03,207.44,5
wheat,Nashik,2026-09-04,208.44,5
wheat,Nashik,2026-09-05,202.09,6
wheat,Nashik,2026-09-06,209.58,5
wheat,Nashik,2026-09-07,211.17,4
wheat,Pune,2026-04-11,297.63,9
wheat,Pune,2026-04-12,299.69,6
wheat,Pune,2026-04-13,291.02,9
wheat,Pune,2026-04-14,285.98,8
wheat,Pune,2026-04-15,293.42,8
wheat,Pune,2026-04-16,278.34,5
wheat,Pune,2026-04-17,281.37,8
wheat,Pune,2026-04-18,295.15,6
wheat,Pune,2026-04-19,281.93,8
wheat,Pune,2026-04-20,274.68,5
wheat,Pune,2026-04-21,294.15,5
wheat,Pune,2026-04-22,272.96,5
wheat,Pune,2026-04-23,278.33,6
wheat,Pune,2026-04-24,295.92,8
wheat,Pune,2026-04-25,286.03,7
wheat,Pune,2026-04-26,302.82,6
wheat,Pune,2026-04-27,288.34,7
wheat,Pune,2026-04-28,298.58,6
wheat,Pune,2026-04-29,284.71,7
wheat,Pune,2026-04-30,290.0,5
wheat,Pune,2026-05-01,313.8,8
wheat,Pune,2026-05-02,313.17,9
wheat,Pune,2026-05-03,305.97,6
wheat,Pune,2026-05-04,300.77,8
wheat,Pune,2026-05-05,305.48,7
wheat,Pune,2026-05-06,318.11,10
wheat,Pune,2026-05-07,300.08,7
wheat,Pune,2026-05-08,307.58,9
wheat,Pune,2026-05-09,317.57,10
wheat,Pune,2026-05-10,316.01,8
wheat,Pune,2026-05-11,315.52,9
wheat,Pune,2026-05-12,324.91,6
wheat,Pune,2026-05-13,312.92,9
wheat,Pune,2026-05-14,310.55,7
wheat,Pune,2026-05-15,331.26,8
wheat,Pune,2026-05-16,320.51,6
wheat,Pune,2026-05-17,332.12,8
wheat,Pune,2026-05-18,316.25,6
wheat,Pune,2026-05-19,314.41,6
wheat,Pune,2026-05-20,328.33,7
wheat,Pune,2026-05-21,310.27,5
wheat,Pune,2026-05-22,323.66,6
wheat,Pune,2026-05-23,310.82,6
wheat,Pune,2026-05-24,325.58,10
wheat,Pune,2026-05-25,308.66,10
wheat,Pune,2026-05-26,319.93,9
wheat,Pune,2026-05-27,315.3,6
wheat,Pune,2026-05-28,315.97,8
wheat,Pune,2026-05-29,315.1,9
wheat,Pune,2026-05-30,301.27,7
wheat,Pune,2026-05-31,319.78,6
wheat,Pune,2026-06-01,313.22,9
wheat,Pune,2026-06-02,304.62,7
wheat,Pune,2026-06-03,298.59,5
wheat,Pune,2026-06-04,286.54,6
wheat,Pune,2026-06-05,307.8,8
wheat,Pune,2026-06-06,291.69,6
wheat,Pune,2026-06-07,292.9,7
wheat,Pune,2026-06-08,293.8,6
wheat,Pune,2026-06-09,298.65,9
wheat,Pune,2026-06-10,293.73,7
wheat,Pune,2026-06-11,278.92,5
wheat,Pune,2026-06-12,284.56,6
wheat,Pune,2026-06-13,296.86,8
wheat,Pune,2026-06-14,287.51,8
wheat,Pune,2026-06-15,280.92,6
wheat,Pune,2026-06-16,284.12,7
wheat,Pune,2026-06-17,272.18,8
wheat,Pune,2026-06-18,293.33,9
wheat,Pune,2026-06-19,277.11,6
wheat,Pune,2026-06-20,287.47,9
wheat,Pune,2026-06-21,292.86,6
wheat,Pune,2026-06-22,293.61,6
wheat,Pune,2026-06-23,285.13,7
wheat,Pune,2026-06-24,291.61,9
wheat,Pune,2026-06-25,278.18,5
wheat,Pune,2026-06-26,292.08,6
wheat,Pune,2026-06-27,307.96,10
wheat,Pune,2026-06-28,293.53,9
wheat,Pune,2026-06-29,288.94,9
wheat,Pune,2026-06-30,306.03,7
wheat,Pune,2026-07-01,287.21,6
wheat,Pune,2026-07-02,302.72,6
wheat,Pune,2026-07-03,306.59,6
wheat,Pune,2026-07-04,316.75,10
wheat,Pune,2026-07-05,302.88,7
wheat,Pune,2026-07-06,305.11,10
wheat,Pune,2026-07-07,313.32,6
wheat,Pune,2026-07-08,306.15,7
wheat,Pune,2026-07-09,317.25,7
wheat,Pune,2026-07-10,314.9,8
wheat,Pune,2026-07-11,314.2,6
wheat,Pune,2026-07-12,329.78,8
wheat,Pune,2026-07-13,316.79,6
wheat,Pune,2026-07-14,314.87,8
wheat,Pune,2026-07-15,324.45,7
wheat,Pune,2026-07-16,330.15,9
wheat,Pune,2026-07-17,326.61,6
wheat,Pune,2026-07-18,333.62,7
wheat,Pune,2026-07-19,336.08,8
wheat,Pune,2026-07-20,305.66,5
wheat,Pune,2026-07-21,322.73,7
wheat,Pune,2026-07-22,317.61,6
wheat,Pune,2026-07-23,321.25,9
wheat,Pune,2026-07-24,308.43,8
wheat,Pune,2026-07-25,306.83,6
wheat,Pune,2026-07-26,314.16,5
wheat,Pune,2026-07-27,300.11,7
wheat,Pune,2026-07-28,299.21,8
wheat,Pune,2026-07-29,316.57,9
wheat,Pune,2026-07-30,309.61,6
wheat,Pune,2026-07-31,319.09,7
wheat,Pune,2026-08-01,313.27,8
wheat,Pune,2026-08-02,291.69,9
wheat,Pune,2026-08-03,305.37,7
wheat,Pune,2026-08-04,298.73,5
wheat,Pune,2026-08-05,287.64,5
wheat,Pune,2026-08-06,280.43,5
wheat,Pune,2026-08-07,291.72,8
wheat,Pune,2026-08-08,297.16,6
wheat,Pune,2026-08-09,295.38,8
wheat,Pune,2026-08-10,291.08,7
wheat,Pune,2026-08-11,280.4,5
wheat,Pune,2026-08-12,281.63,6
wheat,Pune,2026-08-13,289.33,7
wheat,Pune,2026-08-14,279.35,5
wheat,Pune,2026-08-15,281.97,6
wheat,Pune,2026-08-16,278.79,7
wheat,Pune,2026-08-17,279.07,6
wheat,Pune,2026-08-18,275.33,8
wheat,Pune,2026-08-19,272.15,6
wheat,Pune,2026-08-20,276.61,7
wheat,Pune,2026-08-21,281.58,6
wheat,Pune,2026-08-22,286.05,6
wheat,Pune,2026-08-23,294.09,5
wheat,Pune,2026-08-24,276.67,5
wheat,Pune,2026-08-25,286.55,5
wheat,Pune,2026-08-26,279.8,7
wheat,Pune,2026-08-27,285.17,6
wheat,Pune,2026-08-28,307.4,6
wheat,Pune,2026-08-29,289.59,5
wheat,Pune,2026-08-30,303.33,7
wheat,Pune,2026-08-31,302.19,8
wheat,Pune,2026-09-01,289.93,7
wheat,Pune,2026-09-02,289.39,7
wheat,Pune,2026-09-03,314.89,7
wheat,Pune,2026-09-04,298.76,7
wheat,Pune,2026-09-05,308.16,6
wheat,Pune,2026-09-06,309.13,5
wheat,Pune,2026-09-07,316.62,6
wheat,Satara,2026-04-11,174.03,4
wheat,Satara,2026-04-12,170.36,3
wheat,Satara,2026-04-13,168.32,3
wheat,Satara,2026-04-14,175.35,4
wheat,Satara,2026-04-15,171.83,4
wheat,Satara,2026-04-16,175.32,4
wheat,Satara,2026-04-17,171.68,4
wheat,Satara,2026-04-18,178.71,4
wheat,Satara,2026-04-19,166.09,4
wheat,Satara,2026-04-20,165.5,4
wheat,Satara,2026-04-21,170.72,4
wheat,Satara,2026-04-22,165.76,3
wheat,Satara,2026-04-23,177.37,5
wheat,Satara,2026-04-24,177.35,4
wheat,Satara,2026-04-25,179.35,4
wheat,Satara,2026-04-26,178.39,6
wheat,Satara,2026-04-27,174.88,4
wheat,Satara,2026-04-28,179.0,5
wheat,Satara,2026-04-29,170.9,3
wheat,Satara,2026-04-30,174.28,3
wheat,Satara,2026-05-01,177.84,3
wheat,Satara,2026-05-02,186.16,3
wheat,Satara,2026-05-03,187.69,4
wheat,Satara,2026-05-04,181.16,3
wheat,Satara,2026-05-05,184.07,4
wheat,Satara,2026-05-06,187.42,5
wheat,Satara,2026-05-07,185.05,5
wheat,Satara,2026-05-08,191.24,4
wheat,Satara,2026-05-09,183.18,4
wheat,Satara,2026-05-10,184.98,3
wheat,Satara,2026-05-11,181.63,3
wheat,Satara,2026-05-12,181.64,3
wheat,Satara,2026-05-13,195.83,4
wheat,Satara,2026-05-14,195.57,3
wheat,Satara,2026-05-15,191.53,4
wheat,Satara,2026-05-16,188.04,4
wheat,Satara,2026-05-17,201.29,4
wheat,Satara,2026-05-18,188.61,5
wheat,Satara,2026-05-19,194.43,4
wheat,Satara,2026-05-20,197.5,4
wheat,Satara,2026-05-21,187.27,5
wheat,Satara,2026-05-22,186.85,3
wheat,Satara,2026-05-23,194.93,5
wheat,Satara,2026-05-24,189.54,5
wheat,Satara,2026-05-25,193.95,5
wheat,Satara,2026-05-26,186.26,4
wheat,Satara,2026-05-27,183.76,4
wheat,Satara,2026-05-28,180.39,3
wheat,Satara,2026-05-29,184.91,3
wheat,Satara,2026-05-30,191.3,4
wheat,Satara,2026-05-31,180.61,5
wheat,Satara,2026-06-01,186.41,4
wheat,Satara,2026-06-02,174.93,5
wheat,Satara,2026-06-03,173.2,3
wheat,Satara,2026-06-04,183.36,4
wheat,Satara,2026-06-05,178.68,4
wheat,Satara,2026-06-06,179.8,3
wheat,Satara,2026-06-07,179.73,4
wheat,Satara,2026-06-08,176.25,5
wheat,Satara,2026-06-09,169.59,5
wheat,Satara,2026-06-10,176.61,4
wheat,Satara,2026-06-11,167.7,3
wheat,Satara,2026-06-12,168.57,4
wheat,Satara,2026-06-13,179.63,3
wheat,Satara,2026-06-14,178.72,3
wheat,Satara,2026-06-15,163.93,4
wheat,Satara,2026-06-16,163.0,4
wheat,Satara,2026-06-17,174.35,3
wheat,Satara,2026-06-18,168.92,5
wheat,Satara,2026-06-19,172.55,3
wheat,Satara,2026-06-20,176.9,5
wheat,Satara,2026-06-21,174.83,3
wheat,Satara,2026-06-22,177.42,4
wheat,Satara,2026-06-23,169.51,4
wheat,Satara,2026-06-24,171.31,5
wheat,Satara,2026-06-25,173.94,3
wheat,Satara,2026-06-26,176.56,4
wheat,Satara,2026-06-27,171.44,4
wheat,Satara,2026-06-28,179.21,5
wheat,Satara,2026-06-29,179.31,4
wheat,Satara,2026-06-30,175.75,3
wheat,Satara,2026-07-01,176.8,3
wheat,Satara,2026-07-02,174.24,4
wheat,Satara,2026-07-03,183.05,5
wheat,Satara,2026-07-04,181.31,5
wheat,Satara,2026-07-05,189.08,6
wheat,Satara,2026-07-06,187.21,4
wheat,Satara,2026-07-07,191.78,4
wheat,Satara,2026-07-08,180.72,4
wheat,Satara,2026-07-09,193.91,4
wheat,Satara,2026-07-10,199.01,3
wheat,Satara,2026-07-11,187.98,4
wheat,Satara,2026-07-12,195.33,5
wheat,Satara,2026-07-13,186.8,5
wheat,Satara,2026-07-14,194.8,4
wheat,Satara,2026-07-15,194.98,5
wheat,Satara,2026-07-16,188.54,3
wheat,Satara,2026-07-17,202.14,5
wheat,Satara,2026-07-18,194.45,5
wheat,Satara,2026-07-19,196.22,4
wheat,Satara,2026-07-20,191.57,5
wheat,Satara,2026-07-21,197.24,4
wheat,Satara,2026-07-22,187.2,5
wheat,Satara,2026-07-23,184.87,6
wheat,Satara,2026-07-24,191.84,6
wheat,Satara,2026-07-25,198.11,5
wheat,Satara,2026-07-26,195.94,4
wheat,Satara,2026-07-27,178.03,5
wheat,Satara,2026-07-28,181.35,3
wheat,Satara,2026-07-29,178.05,4
wheat,Satara,2026-07-30,183.96,6
wheat,Satara,2026-07-31,187.19,4
wheat,Satara,2026-08-01,179.58,4
wheat,Satara,2026-08-02,189.08,5
wheat,Satara,2026-08-03,174.84,4
wheat,Satara,2026-08-04,172.82,3
wheat,Satara,2026-08-05,181.87,4
wheat,Satara,2026-08-06,176.08,4
wheat,Satara,2026-08-07,178.64,3
wheat,Satara,2026-08-08,173.13,5
wheat,Satara,2026-08-09,168.09,4
wheat,Satara,2026-08-10,175.56,3
wheat,Satara,2026-08-11,175.65,3
wheat,Satara,2026-08-12,162.7,4
wheat,Satara,2026-08-13,169.9,3
wheat,Satara,2026-08-14,169.26,5
wheat,Satara,2026-08-15,167.65,5
wheat,Satara,2026-08-16,171.29,5
wheat,Satara,2026-08-17,166.88,3
wheat,Satara,2026-08-18,171.18,5
wheat,Satara,2026-08-19,165.72,4
wheat,Satara,2026-08-20,167.52,4
wheat,Satara,2026-08-21,171.25,5
wheat,Satara,2026-08-22,173.87,4
wheat,Satara,2026-08-23,181.28,5
wheat,Satara,2026-08-24,170.71,4
wheat,Satara,2026-08-25,175.46,5
wheat,Satara,2026-08-26,168.41,4
wheat,Satara,2026-08-27,172.34,3
wheat,Satara,2026-08-28,175.6,3
wheat,Satara,2026-08-29,175.66,4
wheat,Satara,2026-08-30,178.01,5
wheat,Satara,2026-08-31,172.74,5
wheat,Satara,2026-09-01,179.06,5
wheat,Satara,2026-09-02,183.33,4
wheat,Satara,2026-09-03,186.32,3
wheat,Satara,2026-09-04,192.7,5
wheat,Satara,2026-09-05,192.92,6
wheat,Satara,2026-09-06,194.36,4
wheat,Satara,2026-09-07,178.44,6
wheat,Sangli,2026-04-11,157.57,5
wheat,Sangli,2026-04-12,157.61,3
wheat,Sangli,2026-04-13,151.33,5
wheat,Sangli,2026-04-14,145.62,4
wheat,Sangli,2026-04-15,153.93,4
wheat,Sangli,2026-04-16,155.99,3
wheat,Sangli,2026-04-17,159.02,3
wheat,Sangli,2026-04-18,148.96,3
wheat,Sangli,2026-04-19,151.27,3
wheat,Sangli,2026-04-20,149.3,4
wheat,Sangli,2026-04-21,152.56,4
wheat,Sangli,2026-04-22,150.05,3
wheat,Sangli,2026-04-23,151.91,4
wheat,Sangli,2026-04-24,152.78,3
wheat,Sangli,2026-04-25,150.11,3
wheat,Sangli,2026-04-26,159.49,5
wheat,Sangli,2026-04-27,153.47,3
wheat,Sangli,2026-04-28,150.0,3
wheat,Sangli,2026-04-29,152.53,3
wheat,Sangli,2026-04-30,151.39,3
wheat,Sangli,2026-05-01,157.87,5
wheat,Sangli,2026-05-02,162.27,4
wheat,Sangli,2026-05-03,161.43,4
wheat,Sangli,2026-05-04,155.79,4
wheat,Sangli,2026-05-05,167.14,3
wheat,Sangli,2026-05-06,163.27,3
wheat,Sangli,2026-05-07,168.4,5
wheat,Sangli,2026-05-08,166.89,4
wheat,Sangli,2026-05-09,164.41,4
wheat,Sangli,2026-05-10,163.2,4
wheat,Sangli,2026-05-11,168.97,3
wheat,Sangli,2026-05-12,169.53,4
wheat,Sangli,2026-05-13,165.25,4
wheat,Sangli,2026-05-14,167.15,3
wheat,Sangli,2026-05-15,171.03,3
wheat,Sangli,2026-05-16,177.45,3
wheat,Sangli,2026-05-17,176.47,5
wheat,Sangli,2026-05-18,166.29,5
wheat,Sangli,2026-05-19,165.4,5
wheat,Sangli,2026-05-20,174.74,3
wheat,Sangli,2026-05-21,167.61,4
wheat,Sangli,2026-05-22,174.13,5
wheat,Sangli,2026-05-23,170.91,4
wheat,Sangli,2026-05-24,170.26,3
wheat,Sangli,2026-05-25,173.25,4
wheat,Sangli,2026-05-26,168.56,3
wheat,Sangli,2026-05-27,169.06,3
wheat,Sangli,2026-05-28,160.74,4
wheat,Sangli,2026-05-29,161.82,4
wheat,Sangli,2026-05-30,164.54,4
wheat,Sangli,2026-05-31,159.85,5
wheat,Sangli,2026-06-01,166.38,4
wheat,Sangli,2026-06-02,156.04,3
wheat,Sangli,2026-06-03,162.1,5
wheat,Sangli,2026-06-04,160.79,5
wheat,Sangli,2026-06-05,157.4,3
wheat,Sangli,2026-06-06,161.45,3
wheat,Sangli,2026-06-07,154.52,3
wheat,Sangli,2026-06-08,155.35,3
wheat,Sangli,2026-06-09,151.02,4
wheat,Sangli,2026-06-10,152.29,3
wheat,Sangli,2026-06-11,153.92,4
wheat,Sangli,2026-06-12,151.28,5
wheat,Sangli,2026-06-13,158.99,5
wheat,Sangli,2026-06-14,158.05,4
wheat,Sangli,2026-06-15,147.16,4
wheat,Sangli,2026-06-16,144.7,3
wheat,Sangli,2026-06-17,144.53,3
wheat,Sangli,2026-06-18,154.44,3
wheat,Sangli,2026-06-19,158.1,4
wheat,Sangli,2026-06-20,150.34,3
wheat,Sangli,2026-06-21,159.86,3
wheat,Sangli,2026-06-22,150.43,3
wheat,Sangli,2026-06-23,150.25,4
wheat,Sangli,2026-06-24,158.93,5
wheat,Sangli,2026-06-25,154.98,4
wheat,Sangli,2026-06-26,153.39,4
wheat,Sangli,2026-06-27,158.37,3
wheat,Sangli,2026-06-28,160.18,4
wheat,Sangli,2026-06-29,154.52,4
wheat,Sangli,2026-06-30,164.36,4
wheat,Sangli,2026-07-01,163.75,5
wheat,Sangli,2026-07-02,156.98,3
wheat,Sangli,2026-07-03,165.96,4
wheat,Sangli,2026-07-04,170.52,4
wheat,Sangli,2026-07-05,171.11,4
wheat,Sangli,2026-07-06,165.65,3
wheat,Sangli,2026-07-07,169.68,4
wheat,Sangli,2026-07-08,171.73,5
wheat,Sangli,2026-07-09,172.3,4
wheat,Sangli,2026-07-10,167.93,5
wheat,Sangli,2026-07-11,169.61,3
wheat,Sangli,2026-07-12,172.72,4
wheat,Sangli,2026-07-13,164.25,4
wheat,Sangli,2026-07-14,163.15,5
wheat,Sangli,2026-07-15,165.57,4
wheat,Sangli,2026-07-16,165.37,3
wheat,Sangli,2026-07-17,171.93,3
wheat,Sangli,2026-07-18,178.12,5
wheat,Sangli,2026-07-19,166.88,3
wheat,Sangli,2026-07-20,167.95,3
wheat,Sangli,2026-07-21,162.24,5
wheat,Sangli,2026-07-22,171.85,3
wheat,Sangli,2026-07-23,172.99,4
wheat,Sangli,2026-07-24,167.64,3
wheat,Sangli,2026-07-25,166.34,5
wheat,Sangli,2026-07-26,174.52,5
wheat,Sangli,2026-07-27,169.62,4
wheat,Sangli,2026-07-28,167.51,4
wheat,Sangli,2026-07-29,158.75,3
wheat,Sangli,2026-07-30,167.01,3
wheat,Sangli,2026-07-31,166.97,3
wheat,Sangli,2026-08-01,165.07,4
wheat,Sangli,2026-08-02,155.58,3
wheat,Sangli,2026-08-03,162.89,5
wheat,Sangli,2026-08-04,156.17,4
wheat,Sangli,2026-08-05,149.46,4
wheat,Sangli,2026-08-06,149.46,4
wheat,Sangli,2026-08-07,153.47,3
wheat,Sangli,2026-08-08,160.59,4
wheat,Sangli,2026-08-09,156.23,4
wheat,Sangli,2026-08-10,152.24,3
wheat,Sangli,2026-08-11,148.21,4
wheat,Sangli,2026-08-12,152.96,3
wheat,Sangli,2026-08-13,149.9,3
wheat,Sangli,2026-08-14,155.7,3
wheat,Sangli,2026-08-15,148.46,3
wheat,Sangli,2026-08-16,147.32,3
wheat,Sangli,2026-08-17,151.8,3
wheat,Sangli,2026-08-18,144.18,3
wheat,Sangli,2026-08-19,150.03,4
wheat,Sangli,2026-08-20,154.38,3
wheat,Sangli,2026-08-21,152.78,3
wheat,Sangli,2026-08-22,160.24,5
wheat,Sangli,2026-08-23,155.97,3
wheat,Sangli,2026-08-24,147.1,3
wheat,Sangli,2026-08-25,148.06,3
wheat,Sangli,2026-08-26,157.56,3
wheat,Sangli,2026-08-27,152.38,3
wheat,Sangli,2026-08-28,156.34,3
wheat,Sangli,2026-08-29,159.8,5
wheat,Sangli,2026-08-30,164.93,4
wheat,Sangli,2026-08-31,152.8,4
wheat,Sangli,2026-09-01,156.89,3
wheat,Sangli,2026-09-02,165.53,3
wheat,Sangli,2026-09-03,158.24,4
wheat,Sangli,2026-09-04,165.11,3
wheat,Sangli,2026-09-05,160.02,3
wheat,Sangli,2026-09-06,169.48,3
wheat,Sangli,2026-09-07,169.83,3
wheat,Ahmednagar,2026-04-11,213.69,4
wheat,Ahmednagar,2026-04-12,213.14,6
wheat,Ahmednagar,2026-04-13,212.73,5
wheat,Ahmednagar,2026-04-14,213.48,4
wheat,Ahmednagar,2026-04-15,208.85,5
wheat,Ahmednagar,2026-04-16,208.03,6
wheat,Ahmednagar,2026-04-17,214.06,6
wheat,Ahmednagar,2026-04-18,212.62,4
wheat,Ahmednagar,2026-04-19,215.87,6
wheat,Ahmednagar,2026-04-20,201.14,6
wheat,Ahmednagar,2026-04-21,204.83,4
wheat,Ahmednagar,2026-04-22,211.24,6
wheat,Ahmednagar,2026-04-23,216.64,5
wheat,Ahmednagar,2026-04-24,214.23,5
wheat,Ahmednagar,2026-04-25,216.58,4
wheat,Ahmednagar,2026-04-26,208.06,4
wheat,Ahmednagar,2026-04-27,214.66,4
wheat,Ahmednagar,2026-04-28,221.06,7
wheat,Ahmednagar,2026-04-29,221.32,6
wheat,Ahmednagar,2026-04-30,217.81,4
wheat,Ahmednagar,2026-05-01,217.04,5
wheat,Ahmednagar,2026-05-02,230.89,7
wheat,Ahmednagar,2026-05-03,221.52,4
wheat,Ahmednagar,2026-05-04,217.03,4
wheat,Ahmednagar,2026-05-05,217.5,7
wheat,Ahmednagar,2026-05-06,232.81,6
wheat,Ahmednagar,2026-05-07,220.05,6
wheat,Ahmednagar,2026-05-08,228.32,5
wheat,Ahmednagar,2026-05-09,235.81,7
wheat,Ahmednagar,2026-05-10,229.47,7
wheat,Ahmednagar,2026-05-11,231.79,4
wheat,Ahmednagar,2026-05-12,233.97,5
wheat,Ahmednagar,2026-05-13,225.79,7
wheat,Ahmednagar,2026-05-14,234.27,5
wheat,Ahmednagar,2026-05-15,242.73,5
wheat,Ahmednagar,2026-05-16,243.37,6
wheat,Ahmednagar,2026-05-17,241.4,6
wheat,Ahmednagar,2026-05-18,227.41,6
wheat,Ahmednagar,2026-05-19,236.56,5
wheat,Ahmednagar,2026-05-20,236.81,6
wheat,Ahmednagar,2026-05-21,233.45,6
wheat,Ahmednagar,2026-05-22,230.99,6
wheat,Ahmednagar,2026-05-23,235.21,4
wheat,Ahmednagar,2026-05-24,235.51,5
wheat,Ahmednagar,2026-05-25,222.59,4
wheat,Ahmednagar,2026-05-26,232.7,4
wheat,Ahmednagar,2026-05-27,223.74,5
wheat,Ahmednagar,2026-05-28,221.78,5
wheat,Ahmednagar,2026-05-29,231.42,5
wheat,Ahmednagar,2026-05-30,230.73,5
wheat,Ahmednagar,2026-05-31,223.97,4
wheat,Ahmednagar,2026-06-01,227.96,5
wheat,Ahmednagar,2026-06-02,225.17,4
wheat,Ahmednagar,2026-06-03,216.17,6
wheat,Ahmednagar,2026-06-04,215.11,4
wheat,Ahmednagar,2026-06-05,223.8,6
wheat,Ahmednagar,2026-06-06,226.24,4
wheat,Ahmednagar,2026-06-07,216.72,4
wheat,Ahmednagar,2026-06-08,209.33,4
wheat,Ahmednagar,2026-06-09,206.83,6
wheat,Ahmednagar,2026-06-10,202.82,4
wheat,Ahmednagar,2026-06-11,202.88,6
wheat,Ahmednagar,2026-06-12,210.5,4
wheat,Ahmednagar,2026-06-13,212.85,5
wheat,Ahmednagar,2026-06-14,209.7,6
wheat,Ahmednagar,2026-06-15,199.86,6
wheat,Ahmednagar,2026-06-16,212.01,7
wheat,Ahmednagar,2026-06-17,202.75,6
wheat,Ahmednagar,2026-06-18,206.82,5
wheat,Ahmednagar,2026-06-19,218.64,6
wheat,Ahmednagar,2026-06-20,212.54,4
wheat,Ahmednagar,2026-06-21,217.67,4
wheat,Ahmednagar,2026-06-22,208.89,5
wheat,Ahmednagar,2026-06-23,208.15,4
wheat,Ahmednagar,2026-06-24,206.43,4
wheat,Ahmednagar,2026-06-25,219.52,6
wheat,Ahmednagar,2026-06-26,218.93,4
wheat,Ahmednagar,2026-06-27,217.73,6
wheat,Ahmednagar,2026-06-28,212.31,7
wheat,Ahmednagar,2026-06-29,215.09,4
wheat,Ahmednagar,2026-06-30,214.27,4
wheat,Ahmednagar,2026-07-01,212.58,6
wheat,Ahmednagar,2026-07-02,213.63,4
wheat,Ahmednagar,2026-07-03,230.79,6
wheat,Ahmednagar,2026-07-04,236.46,5
wheat,Ahmednagar,2026-07-05,220.42,6
wheat,Ahmednagar,2026-07-06,217.86,4
wheat,Ahmednagar,2026-07-07,219.71,4
wheat,Ahmednagar,2026-07-08,228.62,6
wheat,Ahmednagar,2026-07-09,222.21,4
wheat,Ahmednagar,2026-07-10,227.01,5
wheat,Ahmednagar,2026-07-11,240.03,5
wheat,Ahmednagar,2026-07-12,234.75,4
wheat,Ahmednagar,2026-07-13,223.62,5
wheat,Ahmednagar,2026-07-14,235.62,5
wheat,Ahmednagar,2026-07-15,224.76,4
wheat,Ahmednagar,2026-07-16,225.91,4
wheat,Ahmednagar,2026-07-17,246.93,5
wheat,Ahmednagar,2026-07-18,241.93,6
wheat,Ahmednagar,2026-07-19,233.41,7
wheat,Ahmednagar,2026-07-20,227.64,5
wheat,Ahmednagar,2026-07-21,226.76,4
wheat,Ahmednagar,2026-07-22,233.21,5
wheat,Ahmednagar,2026-07-23,235.16,6
wheat,Ahmednagar,2026-07-24,242.23,5
wheat,Ahmednagar,2026-07-25,230.42,4
wheat,Ahmednagar,2026-07-26,227.09,6
wheat,Ahmednagar,2026-07-27,217.58,7
wheat,Ahmednagar,2026-07-28,226.43,5
wheat,Ahmednagar,2026-07-29,228.26,6
wheat,Ahmednagar,2026-07-30,216.35,5
wheat,Ahmednagar,2026-07-31,233.58,5
wheat,Ahmednagar,2026-08-01,221.63,4
wheat,Ahmednagar,2026-08-02,223.01,5
wheat,Ahmednagar,2026-08-03,208.15,4
wheat,Ahmednagar,2026-08-04,209.29,5
wheat,Ahmednagar,2026-08-05,215.03,4
wheat,Ahmednagar,2026-08-06,214.49,6
wheat,Ahmednagar,2026-08-07,223.77,6
wheat,Ahmednagar,2026-08-08,219.78,6
wheat,Ahmednagar,2026-08-09,207.04,4
wheat,Ahmednagar,2026-08-10,204.14,4
wheat,Ahmednagar,2026-08-11,206.05,5
wheat,Ahmednagar,2026-08-12,202.68,4
wheat,Ahmednagar,2026-08-13,208.25,4
wheat,Ahmednagar,2026-08-14,216.78,4
wheat,Ahmednagar,2026-08-15,216.97,5
wheat,Ahmednagar,2026-08-16,206.16,5
wheat,Ahmednagar,2026-08-17,197.62,5
wheat,Ahmednagar,2026-08-18,208.82,4
wheat,Ahmednagar,2026-08-19,205.26,5
wheat,Ahmednagar,2026-08-20,212.78,6
wheat,Ahmednagar,2026-08-21,217.47,5
wheat,Ahmednagar,2026-08-22,211.38,4
wheat,Ahmednagar,2026-08-23,208.59,4
wheat,Ahmednagar,2026-08-24,215.75,4
wheat,Ahmednagar,2026-08-25,209.41,4
wheat,Ahmednagar,2026-08-26,211.12,6
wheat,Ahmednagar,2026-08-27,207.29,5
wheat,Ahmednagar,2026-08-28,225.58,5
wheat,Ahmednagar,2026-08-29,226.27,5
wheat,Ahmednagar,2026-08-30,225.87,4
wheat,Ahmednagar,2026-08-31,210.08,5
wheat,Ahmednagar,2026-09-01,224.39,5
wheat,Ahmednagar,2026-09-02,215.81,5
wheat,Ahmednagar,2026-09-03,225.38,5
wheat,Ahmednagar,2026-09-04,226.83,4
wheat,Ahmednagar,2026-09-05,236.04,4
wheat,Ahmednagar,2026-09-06,227.36,5
wheat,Ahmednagar,2026-09-07,218.05,6
